description,category
Pension Payment Acm,Salary/Income
octopus energy ltd ref82452,Utilities
Amzn Mktp Uk,Shopping
Homelet Rent Guarantee,Rent/Mortgage
STAGECOACH BUS 6700,Transport
RENT PAYMENT L JO,Rent/Mortgage
MARKS&SPENCER FOOD LONDON,Groceries
starbucks birmingham,Dining
MXdonalds Bristol,Dining
SANTANDER MORT,Rent/Mortgage
COUNCIL TAX BIRMINGHAM,Utilities
THE GYM GROUP 7371,Entertainment
fp to l jones ref 7586,Transfers
LIDL GB LEED,Groceries
AMZN  MKTP  UK,Shopping
PRIMARK  EDINBURGH,Shopping
John Lewis London,Shopping
Trainline.Com Ticket,Transport
DELIVEROO.CO,Dining
Playstation  Network,Entertainment
PRET A MANG,Dining
MICROSOFT*XBOX REF2379,Subscriptions
IKEA LTD EDINBURGH REF71824,Shopping
Ticketmaster Uk Ref29357,Entertainment
british gas energy,Utilities
REVOLUT TRANSFER 2512,Transfers
Octopus Ener#y Ltd Ref45935,Utilities
Trainline.Com TickeX Ref15243,Transport
DVLA TA# 543,Transport
TFL TRAVEL#CHARGE 2288 REF1700,Transport
OCADO LTD REF 8372,Groceries
JOHN LEWIS LIVERPOOL,Shopping
NATIONAL EXPRESS BIRMINGHAM,Transport
Pure Gym Leeds,Entertainment
dvla tax 597 ref61822,Transport
OCADO LTD REF 9588,Groceries
ZARA.COM UK,Shopping
AMZN MKTP,Shopping
P2P PAYMENT A PATEL REF37054,Transfers
HALIFAX MORTGAGE PYMT,Rent/Mortgage
P2P  PAYMENT  J  SMITH,Transfers
Steamgames.Com 4428 Ref91924,Entertainment
Co-Op  Food  Lon,Groceries
UBER *TRIP*REF82177,Transport
NYTIMES DIGITAL REF46162,Subscriptions
Transfer T,Transfers
ASDA SUPERSTO REF10080,Groceries
Ikea Ltd Manchester,Shopping
EE LIMITED MOBIL,Utilities
THAMES WATER 8401 REF30568,Utilities
RIGHTMOVE RENT REF 5474,Rent/Mortgage
PURE GYM GLASGOW,Entertainment
OC#DO LTD,Groceries
P2P PAYMENT R SINGH REF51322,Transfers
Landlord Rent Bristol Ref67820,Rent/Mortgage
disney plus ref50786,Subscriptions
VODAFONE L REF90802,Utilities
Cineworld Birmingham,Entertainment
APPLE.COM/BILL,Shopping
Faster Payments Out,Transfers
TRAINLINE.COM  TICKET,Transport
APPLE.COM/BILL ICLOUD,Subscriptions
ALDI STORES 7326,Groceries
STARBUCKS LONDON,Dining
Bank  Transfer  S  Brown,Transfers
rent payment r singh,Rent/Mortgage
ARGOS LTD LEEDS REF51947,Shopping
Standing Order To L Jones,Transfers
NANDOS BRISTOL,Dining
santander mortgage ref91613,Rent/Mortgage
Waitrose Liverpool,Groceries
Shell Petrol Birmingham,Transport
COSTA COFFEE 1562,Dining
LANDLORD  RENT  EDINBURGH  REF17948,Rent/Mortgage
BT  GROUP  P  REF5066,Utilities
MORRISONX BRISTOL 1124 REF6992,Groceries
Transfer To S Brown,Transfers
just eat leeds,Dining
halifax mortgage pymt ref14682,Rent/Mortgage
Primark London Ref59428,Shopping
FASTER PAYMENTS OUT C TAYLOR,Transfers
ikea ltd manchester ref86325,Shopping
Natnorth Mortgage 8453,Rent/Mortgage
PARKINGEYE,Transport
Amzn Mktp Uk,Shopping
UBER *TRIP HELP.UBER.COM,Transport
Dwp Universal C,Salary/Income
OCTOPUS ENERGY LT REF92070,Utilities
Revolut Transfer 6461,Transfers
REVOLUT TRANSFER 7982 REF21235,Transfers
Virgin Media O2,Utilities
Bt Group Plc,Utilities
faster payments out a patel,Transfers
DISNEY PLU,Subscriptions
adobe syst,Subscriptions
Ikea Ltd Gl,Shopping
Octopus Energy Ltd Ref21474,Utilities
BOLT.EU/TRIP 4141,Transport
MCDONALDS MANCHESTER,Dining
Ee Limited Mobile,Utilities
OCADO LTD REF 3807,Groceries
spotify p81,Subscriptions
Bank Transfer L Jo,Transfers
UBER *EATS,Dining
STEAMGAM*S.COM 6602,Entertainment
STANDING ORDER TO A PATEL,Transfers
EDF ENERGY,Utilities
Aldi  Stores  8273,Groceries
P2P PAYMENT R SINGH REF13806,Transfers
ZARA.COM UK,Shopping
CO-OP FOOD LEEDS,Groceries
PLAYSTATION NETWORK,Entertainment
PAYROLL BLUEWAVE LTD,Salary/Income
Bolt.Eu/Tri,Transport
SAINSBURYSXS,Groceries
TRANSFER TO C TA,Transfers
RENT PAYMENT C TAYLOR REF99941,Rent/Mortgage
THAMES WATER 523,Utilities
FasterXPayments Out Ref88026,Transfers
EDF ENERGY REF65572,Utilities
FP TO M KHAN REF 936,Transfers
PARKINGEYE LTD MANCHE REF9512,Transport
Ocado Ltd Ref 6538,Groceries
deliveroo.co.uk 2#26,Dining
TICKETMASTER UK,Entertainment
EBAY O *63,Shopping
Odeon Cinemas Ref58990,Entertainment
Bt  Group  Plc,Utilities
DVLA TAX 801 REF11632,Transport
BANK TRANSFER C TAYLOR,Transfers
Netflix.Com,Subscriptions
FIRST BUS EDINBURGH,Transport
BT GROUP PLC,Utilities
Bt Group Plc Ref72587,Utilities
*potify P5977,Subscriptions
next retail ltd,Shopping
UBER *EATS HELP.UBER.COM REF56942,Dining
NYTIMES  DIGITAL,Subscriptions
ADOBE  SYSTEMS,Subscriptions
WAGAMAMA LONDON,Dining
aldi stores  ref14822,Groceries
TXAMES WATER 8090,Utilities
microsoft*xbox,Subscriptions
REVOLUT TRANSFER 11,Transfers
SAINSBURYS  S/MKTS  BIRMINGHAM,Groceries
DISNEY PLU,Subscriptions
rent  payment  s  brown,Rent/Mortgage
PLAYSTATION  REF16594,Entertainment
NETFLIX.CO REF16206,Subscriptions
NATIONAL  EXPRESS  EDINBURGH,Transport
EDF ENERGY,Utilities
HOMELET RENT,Rent/Mortgage
ticketmaster uk ref7615,Entertainment
PLAYSTATION NETWORK,Entertainment
AMAZON.CO.UK *3023,Shopping
Faster Payment From Bluewave Lt Ref38019,Salary/Income
ADOBE SYSTEMS,Subscriptions
Scottish Power Ref28069,Utilities
PENSION PAYMENT NORTHSTAR PLC REF45375,Salary/Income
Dominos Pizza,Dining
APPLE.COM/BILL ICLOUD,Subscriptions
MORRISONS LONDON 7107,Groceries
Trainline.Com Ticket,Transport
DROPBOX*IB  REF23132,Subscriptions
HALIFAX MORTGAGE PYMT,Rent/Mortgage
FIRST BUS BIRMINGHAM,Transport
TRANSFER  TO  R  SINGH,Transfers
SAINSBURYS S/MKT REF56872,Groceries
apple.com/bill icloud ref99305,Subscriptions
Parkingeye Ltd Manchester,Transport
nandos london,Dining
Ikea Ltd Edinburgh,Shopping
COSTA COFFEE 6192,Dining
SALARY PIVOT IO BACS REF98690,Salary/Income
PAYROLL NORTHSTAR PLC,Salary/Income
rent payment c taylor,Rent/Mortgage
FASTER PAYMENTS OUT S BROWN,Transfers
John Lewis Liverpool,Shopping
FP TO L JONES REF 7505 REF36623,Transfers
PARKINGEYE LTD GLASGOW REF41355,Transport
AMAZON.CO.UK *1037 REF2713,Shopping
The  Guardian  Digital  Ref29805,Subscriptions
ASDA SUPERSTORE 310,Groceries
Rightmove Rent R,Rent/Mortgage
DOMINOS PIZZA BRISTOL,Dining
AMAZON.CO.UK *2494,Shopping
PROPERTY MGMT  REF33734,Rent/Mortgage
FASTER PAYMENT FROM BLUEWAVE LTD SALARY,Salary/Income
Lidl Gb Bristol,Groceries
Ocado  Ltd  Ref  5874,Groceries
BP MANCHESTER FUEL,Transport
BANK TRANSFER L JONES,Transfers
JOHN LEWIS BRISTO,Shopping
DROPBOX*IB,Subscriptions
PAYROLL NORTHS,Salary/Income
sainsburys  s/mkts  birmingham,Groceries
TESCO  STORES  #488  LONDON,Groceries
SPOTIFY P337,Subscriptions
EVENTBRITE,Entertainment
hmrc tax credi,Salary/Income
Playstation Network,Entertainment
microsoft*xbox,Subscriptions
CURRYS  PC  WORLD  REF66603,Shopping
EVENTBRITE *EVENT,Entertainment
Salary Pivot Io Bacs Ref38441,Salary/Income
Microsoft*Xbox Ref67744,Subscriptions
P2P  PAYMENT  L  JONES,Transfers
Bp Bristol*Fuel Ref21787,Transport
VIRGIN MEDIA,Utilities
ARGOS  LTD  LOND#N,Shopping
EMPLOYER  BACS  BLUEWAVE  LTD,Salary/Income
STARBUCKS LIVERPOOL,Dining
ASDA SUPERSTORE 526 REF27314,Groceries
UBER *EATS HELP.UBER.COM,Dining
DELIVEROO.CO.UK 2 REF68322,Dining
Rightmove Rent Ref 4669 Ref85408,Rent/Mortgage
OCADO LTD REF 2392,Groceries
Costa  Coffee  52*1  Ref45489,Dining
COSTA COFFEE 3362 REF91331,Dining
WAITROSE MANCHESTER,Groceries
Dwp Universal Credit,Salary/Income
Faster Payment From Pivot,Salary/Income
Scottish Power,Utilities
SCOTTISH POWER,Utilities
FASTER PAYMENTS OUT R SINGH,Transfers
faster payments out a pat,Transfers
Fp To S Brown Ref 684 Ref26596,Transfers
JOHN LEWIS,Shopping
Morrisons Glasgow 1148,Groceries
dominos piz,Dining
Pension Payment Acme Ltd,Salary/Income
GREGGS PLC 3864,Dining
ARGOS  LTD  LIVERPOOL,Shopping
CINEWORLD LEEDS,Entertainment
SALARY HELI REF56062,Salary/Income
GREGGS PLC 7040,Dining
AMZN  MKTP  REF73118,Shopping
ODEON#CINEMAS 4865,Entertainment
bp birXing,Transport
LIDL GB BI,Groceries
sainsburys s/mkts leeds,Groceries
aldi storesX72,Groceries
P2P Payment S Brown,Transfers
LIDL GB LEEDS,Groceries
Playstation Network Ref25834,Entertainment
fp to a pa,Transfers
Morrisons Birmi,Groceries
Zara.Com Uk,Shopping
Nytimes Digital,Subscriptions
Morrisons Edinburgh 9314 Ref20599,Groceries
ARGOS LTD LONDON,Shopping
Scottish P,Utilities
ARGOS LTD GLASGOW,Shopping
SAINSBURYS S/MKTS EDINBURGH REF87424,Groceries
Currys Pc World,Shopping
BP BIRMINGHAM FUEL REF94525,Transport
FP  TO  C  TAYLOR  REF  5738,Transfers
Next R*tail,Shopping
NETFLIX.COM  REF46796,Subscriptions
First Bus Liverpool,Transport
spotify p9473,Subscriptions
Amzn Mktp Uk,Shopping
BRITISH GAS ENERGY,Utilities
STARBUCKS LIVERPOOL REF26976,Dining
JOHN  LEWIS  LEEDS,Shopping
Amzn  Mktp  Uk  Ref14661,Shopping
OCADO LTD R,Groceries
DELIVEROO.CO.UK 7332,Dining
FASTER PAYMENT FROM BLUEWAVE LTD SALARY,Salary/Income
PENSION PAYMENT,Salary/Income
The Guardian Digital,Subscriptions
STANDING ORDER TO S BROWN REF43430,Transfers
JOHN LEWIS BIRMINGHAM,Shopping
Revolut Transfer 3940,Transfers
COUNCIL  TAX  GLASGOW,Utilities
PLAYSTATION NETWORK,Entertainment
Bank Transfer A Patel,Transfers
Adobe Systems,Subscriptions
P2P Payment S Brown,Transfers
IKEA LTD LIVERPOOL RE#3944,Shopping
TICKETMASTER UK REF26182,Entertainment
MARKS&SPENCER FOOD BIRMINGHAM,Groceries
Currys Pc World,Shopping
SAINSBURYS S/MKTS MANCHESTER REF57157,Groceries
APPLE.COM/BI REF32260,Shopping
AMAZON PRIME 162,Subscriptions
LIDL GB EDINBURGH REF64140,Groceries
BT GROUP PLC,Utilities
DWP UNIVERSAL  REF59989,Salary/Income
UBER *TRIP HELP.UBE REF48140,Transport
Starbucks Bristol,Dining
Salary Bluewave Ltd Bacs,Salary/Income
Lidl Gb Edinburgh Ref76084,Groceries
THAMES WATER 6232,Utilities
SALARY PIVOT IO BACS REF53002,Salary/Income
Disney  Plu  Ref46315,Subscriptions
Primark London,Shopping
Tesco Stores 7073 Manchester,Groceries
DVLA TAX 6233 REF39010,Transport
Lidl Gb Leed,Groceries
REVOLUT  TRANSFER  35  REF12958,Transfers
VIRGIN MEDIA O,Utilities
STARBUCKS LONDON,Dining
FP TO C TAYLOR REF 9576 REF16204,Transfers
WAITROSE BRISTOL REF79928,Groceries
COSTA COFFEE 5742 REF47443,Dining
halifax mortgage pymt ref61746,Rent/Mortgage
OCADO LTD REF 5492,Groceries
ZARA.COM U,Shopping
PENSION PAYMENT NORTHSTAR PLC,Salary/Income
NATNORTH MORTGAGE 7694 REF40447,Rent/Mortgage
bp birmingham fuel,Transport
TFL TRAVEL CHARGE REF58115,Transport
Pension Payment Bluewave Ltd,Salary/Income
Pension Payment Bluew Ref50929,Salary/Income
THAMES  WAT,Utilities
P2P Payment R Singh,Transfers
DWP UNIVERSAL CREDIT,Salary/Income
DISNEY PLU,Subscriptions
GITHUB INC,Subscriptions
Santander Mortgage Ref76479,Rent/Mortgage
GREGGS PLC  REF54631,Dining
CO-OP FOOD BIRMINGHAM REF76340,Groceries
Netflix.Com,Subscriptions
VIRGIN MEDIA O2 REF85380,Utilities
UBER  *TRIP  HELP.UBER.COM  REF7594,Transport
HALIFAX  MOR,Rent/Mortgage
Pure Gym ManXheste,Entertainment
PROPERTY MGMT LTD RENT REF56945,Rent/Mortgage
AMZN  MKTP  REF7194,Shopping
NEXT RETAIL,Shopping
Halifax Mortgage,Rent/Mortgage
ALDI STORES 1650,Groceries
DOMINOS PIZZA LONDON,Dining
do*inos pizza bris,Dining
TESCO STORES,Groceries
NEXT RETAILXLTD,Shopping
ASDA  SUPERSTORE  1609,Groceries
zara.com uk,Shopping
Dominos  Pizza  Birmingham  Ref92297,Dining
netflix.com  ref20052,Subscriptions
MARKS&SPENCER FOOD LEEDS,Groceries
UBER *TRIP HELP.UBER.COM,Transport
AMAZON.CO.U,Shopping
OCTOPUS EN,Utilities
LANDLORD RENT BIRMINGHAM,Rent/Mortgage
Waitrose London Ref4594,Groceries
STEAMGAMES.COM 9542,Entertainment
EDF  ENXRGY,Utilities
RIGHTMOVE RENT REF 6482,Rent/Mortgage
PURE GYM LON REF51605,Entertainment
Tesco Stores 8503 Birmingham,Groceries
amazon prime 4284,Subscriptions
DELIVEROO.CO.UK  3229  REF60027,Dining
santander  mortgage,Rent/Mortgage
dwp univer,Salary/Income
DWP UNIVERSAL CREDIT,Salary/Income
EE LIMITED MOBILE,Utilities
APPLE.COM/BI*L,Shopping
IKEA LTD G#ASGOW,Shopping
SANTANDER MORTGAGE,Rent/Mortgage
APPLE.COM/BILL I,Subscriptions
#cottish p,Utilities
STAGECOACH BUS 7053 REF23601,Transport
TFL TRAVEL CHARGE 3306 REF48527,Transport
STEAMGAMES.COM 2931,Entertainment
NATIONAL EXPRESS LIVERPOOL,Transport
uber *eats help.uber.com,Dining
FASTER PAYMENTS OUT R SINGH,Transfers
FP TO L JON,Transfers
Mcdonalds London Ref22784,Dining
IKEA LTD GLASGOW,Shopping
APPLE.COM/BILL,Shopping
Trainline.Com  Ticket,Transport
ZARA.COM UK REF44436,Shopping
FP  TO  C  TAYLOR  REF  7628  REF76439,Transfers
Waitrose Manchester,Groceries
OCTOPUS ENERGY LTD,Utilities
starbucks londo,Dining
APPLE.COM/BI REF60426,Subscriptions
lidl gb london,Groceries
UBER *EATS HELP.UBER.COM,Dining
FASTER PAYMENTS OUT L JONES,Transfers
REVOLUT TRANSFER 8550,Transfers
PARKINGEYE LTD MANCHESTER,Transport
marks&spencer food bristol,Groceries
ODEON CINEMAS 7514,Entertainment
WAITROSE MANCHESTER,Groceries
APPLE.COM/BILL  ICLOUD,Subscriptions
P2P PAYMENT M KHAN,Transfers
BOLT.EU/TRIP 3254,Transport
SAINSBURYS S/M REF2994,Groceries
APPLE.COM/BILL,Shopping
SALARY BLUEWAVE L,Salary/Income
Eventbrite *Event,Entertainment
NANDOS EDINBURGH,Dining
GREGGS PLC 5294,Dining
RIGHTMOVE RENT REF 823,Rent/Mortgage
Amazon.Co.U Ref12040,Shopping
morrisons birmingham 4191,Groceries
REVOLUT TRANSFER 83,Transfers
VIRGIN MEDIA,Utilities
P2P PAYMENT R SINGH,Transfers
The Gym Group,Entertainment
ebay o *8287,Shopping
DOMINOS PIZZA BIRMINGHAM REF36630,Dining
FP TO L JONES REF 3226,Transfers
TESCO STORES 5936 MANCHESTE,Groceries
NANDOS LEEDS REF16658,Dining
CO-OP  FOOD  LIVERPOOL,Groceries
OCTOPUS ENERGY LTD,Utilities
PRET A MANGER MANCHESTER,Dining
Costa Coffee 3020 Ref41426,Dining
Sainsburys  S/Mkts  Glasgow,Groceries
DELIVEROO.CO.UK 9023,Dining
CURRYS PC WORLD,Shopping
PENSION PAYMENT PIVOT IO REF48574,Salary/Income
HALIFAX MORTGAGE PYMT,Rent/Mortgage
Rent Paymen,Rent/Mortgage
EBAY O *602,Shopping
Deliveroo.Co.Uk 2942,Dining
MARKS&SPENCE,Groceries
STARBUCKS LEEDS REF31277,Dining
STARBUCKS LIVERPOOL,Dining
MICROSOFT*XBOX,Subscriptions
GITHUB  INC,Subscriptions
faster pay,Transfers
Ee Limited Mobile,Utilities
Co-Op Food*Manchester,Groceries
IKEA LTD LEEDS,Shopping
DROPBOX*IB,Subscriptions
MARKS&SPENCER FO,Groceries
P2P PAYMEN REF80816,Transfers
Aldi  Stores  4493,Groceries
CO-OP FOOD LI,Groceries
uber *trip help.uber.com ref47439,Transport
SCOTTISH POWER,Utilities
JUST EAT BIRMINGHAM,Dining
Sainsburys S/Mkts London,Groceries
SANTANDER MORTGAGE,Rent/Mortgage
parkingeye ltd london,Transport
EbaX O *1306 Ref16470,Shopping
PRIMARK LEEDS,Shopping
VODAFONE LTD,Utilities
WAGAMAMA BIRMINGHAM,Dining
Zara.Com Uk Ref2768,Shopping
Marks&Spencer Ref2804,Groceries
Amazon.Co.Uk *23*0,Shopping
Co-Op Food Liverpool,Groceries
Apple.Com/Bill,Shopping
cineworld manc ref72635,Entertainment
NANDOS MANCHESTER,Dining
Dwp Universal Credit,Salary/Income
P2P PAYMENT J SMITH,Transfers
tha*es water 6,Utilities
Just Eat Manchester,Dining
Ocado Ltd Ref 3087,Groceries
UBER  *EATS  HELP.UBER.COM,Dining
Ebay O *212,Shopping
Ocado Ltd Ref 7048,Groceries
CURRYS  PC  WORLD,Shopping
DVLA TAX 6467,Transport
Payroll Pivot Io,Salary/Income
Ticketmaster Uk Ref67639,Entertainment
Vodafone Ltd,Utilities
GREGGS PLC 4317 REF76554,Dining
AMAZON.CO.UK *7243,Shopping
ASDA  SUPER  REF37244,Groceries
greggs plc 9799 ref72844,Dining
Costa Coffee 74,Dining
Stagecoach Bus 6608,Transport
FP TO M KHAN REF 84 REF49433,Transfers
PROPERTY MGMT LTD RENT,Rent/Mortgage
FIRST BUS LIVERPOO,Transport
LANDLORD RENT BIRMIN,Rent/Mortgage
COSTA COFFEE 5520,Dining
STANDING ORDER TO R SINGH REF85095,Transfers
Greggs Plc 6487 Ref34695,Dining
WAITROSE GLASGO,Groceries
CO-OP FOOD EDINBUR,Groceries
LIDL GB LO*DON,Groceries
landlord rent manch,Rent/Mortgage
SALARY NORTHSTAR PLC BACS,Salary/Income
RENT PAYMENT M KHAN,Rent/Mortgage
GREGGS PLC 8786 REF50586,Dining
IKEA LTD LIVERPO,Shopping
NANDOS GLASGOW,Dining
SPOTIFY  P3438,Subscriptions
First Bus Ed,Transport
Amazon.Co.Uk *303,Shopping
Pure Gym Leeds,Entertainment
primark leeds ref79088,Shopping
AMAZON.CO.UK *5516,Shopping
Sainsburys S/Mkts Leeds,Groceries
FP TO S BROWN R,Transfers
British Gas Energy,Utilities
THE GYM GROUP 5409,Entertainment
SCOTTISH POWER,Utilities
LIDL GB EDINBURGH,Groceries
Sainsburys S/Mkts Bristol Ref37663,Groceries
EVENTBRITE *EVENT,Entertainment
ALDI STORES 2940,Groceries
IKEA LTD MANCHESTER,Shopping
FP TO J SMITH REF 8455,Transfers
Santander Mortgage,Rent/Mortgage
FP TO R SINGH REF 71,Transfers
The Guardian Digital,Subscriptions
P2P PAYMENT A P,Transfers
JUS# EAT BRISTOL,Dining
DROPBOX*IB,Subscriptions
Adobe Systems Ref8930,Subscriptions
NAXDOS  MANCHESTER,Dining
Revolut Transfe,Transfers
trainline.com  ti,Transport
Rightmove Re,Rent/Mortgage
Pension Payment Pivot Io,Salary/Income
BP BRISTOL FUEL,Transport
Standing Order *o R Singh,Transfers
Morrisons Glas Ref89676,Groceries
Starbucks Leeds,Dining
Currys Pc World,Shopping
DVLA TAX 3027,Transport
DOMINOS PIZZA LEEDS REF40448,Dining
PRIMARK LEEDS,Shopping
BRITISH GAS ENERGY,Utilities
Ikea Ltd Birmingham,Shopping
FASTER PAYMENT# OUT R SINGH REF75582,Transfers
ZARA.COM UK REF55874,Shopping
dominos  pizza  bristol,Dining
STANDING ORDER TO J SMITH,Transfers
p2p  payment  r  singh  ref9708,Transfers
JOHN LEWIS LONDON REF99127,Shopping
Payroll  Pivot  Io,Salary/Income
Marks&Spencer  Food  Glasgow,Groceries
MARKS&SPENCER FOOD LEEDS,Groceries
TICKETMASTER UK,Entertainment
OCADO LTD,Groceries
ODEON  CINEMA  REF35145,Entertainment
ALDI STORES 541,Groceries
Ebay O *1849 Ref44323,Shopping
AMAZON.CO.UK  *5098,Shopping
FP TO M KHAN REF 9969 REF99015,Transfers
CO-OP FOOD BIRMINGHAM,Groceries
COUNCIL TAX LIVER,Utilities
PARKINGEYE LTD MANCHESTER,Transport
FASTER  PAYMENT  FROM  HELIOS  CORP  SALARY,Salary/Income
Costa Coffee 132 Ref99869,Dining
next retail ltd,Shopping
FP TO M KHAN REF 351,Transfers
Starbucks Manchester,Dining
Co-Op Food B,Groceries
FASTER PAYMENT FROM PIVOT IO SALARY,Salary/Income
OCADO LTD REF 8482,Groceries
National Express Edinburgh,Transport
STAGECOACH  B,Transport
ARGOS LTD LEEDS,Shopping
Aldi Stores,Groceries
revolut trans,Transfers
UBER *TRIP HELP.UBER.COM REF49453,Transport
spotify p6013,Subscriptions
Bp Liverpool,Transport
EDF ENERGY,Utilities
Uber  *Trip  Help.Uber.Com  Ref7289,Transport
STANDING ORDER TO S BROWN REF10565,Transfers
TFL TRAVEL CHARGE 451 REF40127,Transport
SHELL PETROL LEEDS,Transport
AMAZON  PRIM,Subscriptions
National Express Ed,Transport
National Express Leeds Ref57448,Transport
COSTA COFFEE 1989,Dining
WAGAMAMA G,Dining
Dropbox*Ib,Subscriptions
Revolut Transfer,Transfers
STARBUCKS  EDINBURGH  REF20215,Dining
SAINSBURYS S/MKTS GLASGOW,Groceries
THE GUARDIAN DIGI#AL,Subscriptions
NEXT  RETAIL  LTD,Shopping
Zara.Com  Uk,Shopping
APPLE.COM/BILL REF83726,Shopping
MORRISONS BIRMINGXAM,Groceries
PROPERTY MGMT LTD RENT,Rent/Mortgage
UBER *TRIP HELP.UBER.COM REF98505,Transport
Dvla  Tax  706,Transport
SANTANDER MORTGAGE,Rent/Mortgage
Ticketmaster Uk,Entertainment
BT GROUP PL,Utilities
Dwp  Universal  Cred*t,Salary/Income
AMAZON.CO.UK *41,Shopping
lidl  gb  glasgo  ref73782,Groceries
P2P PAYMENT L JONES,Transfers
P2P PAYMENT C TAYLOR,Transfers
bank transfer s brow,Transfers
employer bacs acme ltd ref75165,Salary/Income
MICROSOFT*XBOX,Subscriptions
TRANSFER TO A PATEL REF53174,Transfers
THE GUARDIAN DIGITAL,Subscriptions
REVOLUT TRANSFER 11,Transfers
SCOT*ISH POWER,Utilities
PURE GYM BRISTOL,Entertainment
SANTANDER MOR REF37255,Rent/Mortgage
HOMELET RENT GUARANTEE REF65682,Rent/Mortgage
Council Tax Glasgow,Utilities
ADOBE SYSTEMS REF62682,Subscriptions
APPLE.COM/BILL,Shopping
STAGECOACH  REF12002,Transport
Just  Eat  Manchester,Dining
SAINSBURYS S/MKTS EDINBURGH REF52255,Groceries
ASDA SUPERSTORE 8333,Groceries
SAINSBURYS S/MKTS LIVERPOOL,Groceries
TRANSFER TO S BROWN,Transfers
FP TO J SMITH REF 2505,Transfers
virgin media o2 ref69580,Utilities
aldi stores 6676,Groceries
NEXT  RETAIL  LTD,Shopping
halifax mortgage pymt,Rent/Mortgage
AMAZON PRIME 1796,Subscriptions
Bank Transfer,Transfers
MICROSOFT*XBOX,Subscriptions
IKEA LTD MANCHESTER,Shopping
HOMELET REN REF45101,Rent/Mortgage
MORRISONS LIVERPOOL 6439 REF72919,Groceries
SAINSBURYS S/MKTS LONDON,Groceries
MARKS&SPENCER  FOOD  EDINBURGH,Groceries
PRIMARK EDIN REF4784,Shopping
Thames Water 1553,Utilities
Waitrose London,Groceries
TFL TRAVEL,Transport
TESCO  STORES  1173  LONDON,Groceries
Zara.Com Uk,Shopping
Zara.Com Uk,Shopping
Asda  Superstore  2#06,Groceries
Sainsburys S/Mkts Birmingham,Groceries
EVENTBRITE *E,Entertainment
pension payment pivot io,Salary/Income
ASDA SUPERSTORE 49,Groceries
EVENTBRITE *EVENT,Entertainment
Property Mgmt L,Rent/Mortgage
Halifax Mortgage Pymt Ref61483,Rent/Mortgage
Pension Payment Helios Corp,Salary/Income
Council Tax Birmingham Ref49486,Utilities
Ebay O *3475,Shopping
Morrisons Manchester 4860,Groceries
Lidl Gb Leeds,Groceries
NATIONAL EXPRESS BIRMINGHAM,Transport
Drop*ox*Ib,Subscriptions
Steamgames.#om 83 Ref81627,Entertainment
bolt.eu/trip,Transport
EBAY O *7804,Shopping
SAINSBURYS S/MKTS BIRMINGHAM,Groceries
SANTANDER MORTGAGE,Rent/Mortgage
TFL TRAVEL CHARGE 6920,Transport
ALDI STORES 6089,Groceries
PLAYSTATION NETWORK,Entertainment
FASTER PAYMENTS OUT M KHAN,Transfers
SPOTIFY P7633,Subscriptions
JOHN LEWIS GLASGOW,Shopping
Transfer To C Taylor Ref70677,Transfers
HALIFAX MORTGAGE P,Rent/Mortgage
ALDI STORES 6263,Groceries
TFL TRAVEL CHARGE 3153 REF12665,Transport
Marks&Spencer Food Edinburgh,Groceries
NATNORTH  MORTGAGE  3418  REF67277,Rent/Mortgage
OCADO LTD REF 4117,Groceries
AMZN MKTP UK,Shopping
LANDLORD RENT LONDON,Rent/Mortgage
STEAMGAMES.COM 924,Entertainment
Pension Payment Pivot Io,Salary/Income
VODAFONE LTD,Utilities
PRET A MANGER LEE#S,Dining
PLAYSTATION NETW*RK,Entertainment
CO-OP FOOD LIVERP REF21406,Groceries
PARKINGXYE LTD BIRMINGHAM REF90430,Transport
ALDI STORES 2920 REF50630,Groceries
Faster Payment From Northstar Plc Salary,Salary/Income
HOMELET RENT GUARANTEE REF24787,Rent/Mortgage
BANK TRANSFER,Transfers
EBAY O *8983,Shopping
*icrosoft*Xbox,Subscriptions
Faster Payments Out A Patel,Transfers
CO-OP FOOD LEED REF27897,Groceries
WAITROSE LEEDS REF26404,Groceries
PRET  A  MANGER,Dining
Bp Bristol Fuel,Transport
fp to r sXngh ref 551 ref75158,Transfers
NETFLIX.COM,Subscriptions
MICROSOFT*XBOX REF33911,Subscriptions
Cineworld Liverpool,Entertainment
Faster Payments Out J Smith,Transfers
NYTIMES DIGITAL REF48072,Subscriptions
JUST EAT LEEDS,Dining
STAGECOACH,Transport
Payroll Pivot Io,Salary/Income
EE LIMITED MOBILE,Utilities
Nytimes DigitXl,Subscriptions
WAITROSE LONDON REF46090,Groceries
WAITROSE BIRMINGHAM REF41951,Groceries
AMAZON.CO.UK *8321,Shopping
EDF E#ERGY,Utilities
CINEWORLD BRISTOL,Entertainment
EBAY O *5083 REF49250,Shopping
HMRC TAX CREDIT,Salary/Income
PLAYSTA#ION,Entertainment
EBAY O *159,Shopping
STAGECOACH BUS 2618,Transport
EBAY O *80,Shopping
Lidl Gb Birmingham Ref22818,Groceries
AMZN MKTP,Shopping
bolt.eu/trip  4200,Transport
BRITISH GAS ENERGY,Utilities
OCADO LTD REF 75 REF92701,Groceries
RENT PAYMENT S BROWN,Rent/Mortgage
RENT PAYMENT J SMITH,Rent/Mortgage
BANK TRANSFER,Transfers
homelet rent guarantee,Rent/Mortgage
SANTANDER MORTGAGE,Rent/Mortgage
REVOLUT TRANSFER 5957,Transfers
SPOTIFY  P2919,Subscriptions
ebay o *5677,Shopping
SHELL PETROL EDINBURGH,Transport
EBAY O *55,Shopping
SALARY HELIOS CORP BACS,Salary/Income
pure gym london ref1127,Entertainment
UBER *EATS,Dining
Asda  Superstore  5226,Groceries
Trainline.Com Ticket,Transport
Tfl Travel Charge 9618,Transport
Ee Limited Mobile Ref94513,Utilities
ALDI STORES 3839,Groceries
DELIVEROO.CO.UK  5302,Dining
STANDING ORDER TO C TAYLOR,Transfers
Primark Leeds,Shopping
Greggs Plc 8288 Ref95450,Dining
Next Retail Ltd,Shopping
VIRGIN MEDIA O2,Utilities
Pure Gym Bristol,Entertainment
STAGECOACH BUS 4,Transport
ARGOS LTD LONDON,Shopping
FIRST BUS GLASGOW,Transport
primark manchester,Shopping
Microsoft*Xbox,Subscriptions
GREGGS PLC 3255,Dining
co-op food liverpool,Groceries
CURRYS PC,Shopping
REVOLUT TRANSFER 691 REF71842,Transfers
Next Retail,Shopping
ZARA.COM UK,Shopping
EVENTBRITE *EVE,Entertainment
EBAY  O  *6117,Shopping
MARKS&SP*NCER FOOD MANCHESTER,Groceries
Halifax Mortgage Pymt,Rent/Mortgage
Sainsburys S/Mkts Manche,Groceries
NATIONAL EXPRESS BR,Transport
Steamgames.Com 5317 Ref8186,Entertainment
john lewis gla#gow,Shopping
Apple.Com/Bill Icloud,Subscriptions
THAMES WATER 6582,Utilities
Revolut TranXfer 2399,Transfers
GITHUB INC REF39047,Subscriptions
Faster Paym,Transfers
AMAZON.CO.U,Shopping
DiXney  Plus  Ref79174,Subscriptions
Employer Bacs Bluewave Ltd,Salary/Income
PLAYSTATION NETWORK,Entertainment
sainsburys s/mkts glas,Groceries
TFL TRAVEL CHARGE,Transport
EBAY O *7157 REF1956,Shopping
P2P PAYMENT A PATEL,Transfers
Pret A Manger Leeds,Dining
ODEON CINEMAS 5728 REF90714,Entertainment
FIRST BUS BIRMINGHAM,Transport
Playstation Network,Entertainment
SAINSBURYS S/MKTS L,Groceries
TESCO STORES 5019 GLASGOW,Groceries
ARGOS LTD GLAS,Shopping
CO-OP FOOD LONDON REF29934,Groceries
TRAINLINE.COM TICKET REF26477,Transport
NANDXS LIVERPOOL,Dining
WAITROSE GLASGOW,Groceries
faster pay,Transfers
APPLE.COM/B*LL  ICLOUD  REF22267,Subscriptions
BRITISH GAS ENERG,Utilities
Scottish Power,Utilities
VODAFONE L#D,Utilities
Faster Payments Out J Smith,Transfers
HOMELET  REN#  GUARA  REF98702,Rent/Mortgage
PURE GYM BRISTOL REF71191,Entertainment
tesco stores 7232 liverpool,Groceries
DOMINOS PIZZA BRISTOL REF23021,Dining
BP EDINBURGH FUEL,Transport
Currys Pc Wor,Shopping
dropbox*ib,Subscriptions
Steamgames.Co,Entertainment
GREGGS PLC 8,Dining
Bolt.Eu/TrXp 4635,Transport
STANDING ORDER TO  REF86484,Transfers
DOMINOS PIZZA BIRMINGHAM,Dining
EVENTBRITE *EVENT,Entertainment
APPLE.COM/BILL,Shopping
Morrisons London 5302,Groceries
morrisons  london  7277  ref97796,Groceries
HOMELET RENT GUARANT,Rent/Mortgage
Edf Energy Ref84813,Utilities
AMZN MKTP UK,Shopping
DVLA  TAX  7483,Transport
WAGAMAMA GLASGOW,Dining
STARBUCKS LIVERPOOL REF40862,Dining
RENT PAYMENT S BROWN,Rent/Mortgage
LIDL GB BRISTOL,Groceries
JOHN *EWIS LEEDS REF29885,Shopping
od*on cinemas 91,Entertainment
AXda Superstore 4614,Groceries
NATNORTH MORT,Rent/Mortgage
DVLA TAX 38,Transport
Property Mgmt Ltd Rent,Rent/Mortgage
BANK TRANSFER L JONES REF81828,Transfers
CURRYS PC WOR REX44596,Shopping
AMAZON.CO.U,Shopping
AMZN#MKTP UK,Shopping
RENT PAYMENT REF94165,Rent/Mortgage
Bank Trans,Transfers
P2P PAYMENT C TAYLOR,Transfers
Dvla Tax 8155,Transport
Sainsburys S*Mkts Birmingham,Groceries
RENT PAYMENT A PATEL,Rent/Mortgage
ALDI STORES 2416,Groceries
GREGGS PLC 7854,Dining
JUST EAT BRISTOL REF43514,Dining
PLAYSTATION NETWORK,Entertainment
SANTANDER MORTGAGE,Rent/Mortgage
ZARA.COM U,Shopping
Tfl Travel Charge 3709 Ref80804,Transport
Asda Superstore 6484,Groceries
SAINSBURYS S/MKTS EDINBURGH REF5415,Groceries
BP LONDON FU,Transport
UBER *EATS HELP.UBER.COM,Dining
AMZN MKTP UK,Shopping
currys pc world,Shopping
Uber *Eats Help.Uber.Com,Dining
REVOLUT TRANSFER 936,Transfers
JUST EAT BIRMINGHAM REF31374,Dining
trainline.com ticket,Transport
argos ltd bristol,Shopping
Apple.Com/Bill Icloud,Subscriptions
Spotify  P5195  Ref22068,Subscriptions
DOMINOS PIZZA BRISTOL,Dining
SHELL PETROL LONDON,Transport
Disney Plu,Subscriptions
Next Retail Ltd,Shopping
Amazon  Prim  Ref50422,Subscriptions
Faster Payments Out L Jones Ref66809,Transfers
Nytimes Digital Ref66406,Subscriptions
SANTANDER MORTGAGE,Rent/Mortgage
OCTOPUS ENERGY LTD,Utilities
odeon cinemas 7447,Entertainment
HALIFAX MORTGAGE PYMT REF46936,Rent/Mortgage
FASTER PAYMENTS,Transfers
TESCO STORES 5445 LIVERPOOL REF93921,Groceries
UBER *TRIP HELP.UB,Transport
Trainl*ne.Com Ticket,Transport
REVOLUT TRANSFER 7298,Transfers
BOLT.EU/TRIP  9010,Transport
EE LIMITED MOBILE,Utilities
VIRGIN MEDIA O2 REF11723,Utilities
AMAZON.CO.UK *6693 REF45322,Shopping
STANDING ORDER TO A PATEL,Transfers
PROPERTY  MGMT  LTD  RENT,Rent/Mortgage
PRET A MANGER MANCHESTER,Dining
THE GUARDIAN D,Subscriptions
The Guardian Digital,Subscriptions
landlord rent birmingha ref27561,Rent/Mortgage
REVOLUT TRANSFER 5433,Transfers
british gas energy,Utilities
SHELL  PETROL  EDINBURGH,Transport
PENSION PAYMENT PIVOT IO,Salary/Income
amazon.co.uk  *6288,Shopping
Dvla Tax 5990 Ref28656,Transport
STEAMGAMES.COM 9599 REF56659,Entertainment
MICROSOFT**BOX,Subscriptions
DiXney  Plu,Subscriptions
THE GUARDIAN DIGITAL,Subscriptions
SANTANDER MORTGAGE,Rent/Mortgage
TRANSFER TO M KHAN,Transfers
FASTER PAYMENTS OUT S BROWN REF63853,Transfers
ARGOS LTD #ONDON REF24426,Shopping
PUXE GYM LONDON,Entertainment
MICROSOFT*XBOX,Subscriptions
ASDA SUPERSTORE 6207,Groceries
BOLT.EU/TRIP 6797,Transport
Tesco Stores 9245 Bristol,Groceries
DISNEY PLUS,Subscriptions
AMAZON PRIME 8650 REF15936,Subscriptions
MCDONALDX LIVE,Dining
AMAZON PRIME 4551,Subscriptions
zara.com u,Shopping
Odeon Cine,Entertainment
Wa#amama Glasgow,Dining
Rightmove  Rent  Ref  Ref37595,Rent/Mortgage
Odeon Cinemas 8387,Entertainment
UBER *TRIP HELP.UBER.COM,Transport
LIDL GB BRISTOL,Groceries
Primark Leeds Ref79112,Shopping
FIRST BUS LONDON,Transport
ASDA SUPERSTORE 9516,Groceries
FP TO R SINGH REF 2380,Transfers
COSTA COFFEE 8622,Dining
*OHN LEWIS BIRMINGHAM REF18589,Shopping
DROPBOX*IB,Subscriptions
EMPLOYER BACS NORTHSTAR PLC,Salary/Income
Microsoft*Xbox Ref7354,Subscriptions
EMPLOYER BAC REF89764,Salary/Income
BANK TRANSFE,Transfers
costa coffee 3213,Dining
Morrisons  Leeds  4067,Groceries
Bank Transfer R Singh,Transfers
Bolt.Eu/Trip 4,Transport
ALDI STORES REF42517,Groceries
COUNCIL TAX EDINBURGH,Utilities
greggs plc 5357,Dining
Pure Gym Leeds,Entertainment
Ad*be Syst,Subscriptions
FASTER PAYMENT FROM HELIOS CORP SALARY REF72604,Salary/Income
EVENTBRITE *EV,Entertainment
OCTOPXS ENERGY LTD,Utilities
ASDA SUPERSTORE 837,Groceries
Currys Pc Worl,Shopping
EDF #NERGY,Utilities
Natnorth Mortgage 8152 Ref69505,Rent/Mortgage
STANDING ORDER TO J SMITH,Transfers
HALIFAX MORTGAGE PY REF36656,Rent/Mortgage
NANDOS LIVERPOOL REF90886,Dining
SAINSBURYS  S/MKTS  BIRMINGHAM,Groceries
FASTER PAYMENTS OUT R SING,Transfers
BP BIRMINGHAM FUEL,Transport
Pension Payment Helios Corp Ref93215,Salary/Income
WAITROSE LONDON,Groceries
UBER *TRIP HELP.UBER.COM,Transport
RIGHTMOVE RENT R,Rent/Mortgage
PLAYSTATION,Entertainment
Starbucks Edinburgh,Dining
OCTOPUS ENERGY LTD,Utilities
BOLT.EU/TRIP 532 REF27833,Transport
IKEA  LTD  LIVERPOOL,Shopping
FP TO R SINGH REF 6788,Transfers
RIGHTMOVE#RENT REF 4171,Rent/Mortgage
CO-OP FOOD BRISTOL,Groceries
WAGAMAMA GLASGOW REF40105,Dining
ADOBE SYSTEM,Subscriptions
EDF ENERGY,Utilities
THE GUARDIAN DIG,Subscriptions
CO-OP FOOD EDINBURG,Groceries
UBER *EATS HELP.UBER.COM,Dining
MCDONALDS BIRMINGHAM,Dining
VODAFONE LTD REF70853,Utilities
Transfer  To  L  Jones,Transfers
DROPBOX*IB  REF20247,Subscriptions
LIDL GB LEEDS REF22667,Groceries
SAINSBURYS  S/MKTS  EDINBURGH,Groceries
DOMINOS PIZZA EDINBURGH,Dining
FASTER PAYMENT FROM PIVOT IO #ALARY REF33712,Salary/Income
AMAZON.CO.UK *481,Shopping
NEXT RETAIL LTD REF1418,Shopping
SANTANDER MORTGAGE,Rent/Mortgage
Primark London,Shopping
Revolut Transfer 76,Transfers
TFL TRAVEL CHARGE 3361,Transport
STANDING ORDER TO C TAYLOR,Transfers
APPLE.COM/BILL,Shopping
EVENTBRITE *EVENT,Entertainment
Ebay  O  *4022  Ref53244,Shopping
FASTER PAYMENT FROM NORTHSTAR PLC SALARY,Salary/Income
Next Retail Ltd Ref18583,Shopping
STARBUCKS GLASGOW,Dining
amazon.co.uk *1383,Shopping
Tfl Travel *harge 3,Transport
BRITISH GAS ENERGY,Utilities
ZARA.COM UK,Shopping
NEXT RETAIL L,Shopping
TFL  TRAVEL  CHARGE  9308  REF46748,Transport
P2P PAYMENT S BROWN,Transfers
MORRISONS LIVERPOOL 5114 REF57800,Groceries
amazon prime 4942 ref36130,Subscriptions
Amazon Prime 4427,Subscriptions
ALDI STORE,Groceries
Uber *Trip Help.Uber.Com,Transport
Tesc* Stores 6547 L,Groceries
Ocado Ltd Ref 2252,Groceries
MORRISONS LIVERPOOL 1053,Groceries
EBAY O *19,Shopping
disney  plu,Subscriptions
Halifax Mortgage Pymt,Rent/Mortgage
apple.com/bill icloud,Subscriptions
REVOLUT  TRANSFER  6348  REF88088,Transfers
THE GYM GROUP 2378,Entertainment
Vodafone Ltd,Utilities
APPLE.COM/BILL ICLOUD,Subscriptions
Sainsburys  S/Mkts  Manchester,Groceries
Lidl Gb Ed,Groceries
Octopus  Ener  Ref22807,Utilities
LIDL GB GLA#GOW,Groceries
JUST EAT L,Dining
Wagamama Bi#mingham,Dining
LIDL GB BIRMINGHAM,Groceries
santander m,Rent/Mortgage
Council  Tax  Bris,Utilities
ARGOS LTD BIRMINGHAM REF87204,Shopping
WAITROSE LONDON,Groceries
CinewXrld L,Entertainment
EBAY O *186 REF6758,Shopping
Standing Order To J Smith,Transfers
BP LONDON FUEL,Transport
VODAFONE LTD,Utilities
Standing Order To R Singh,Transfers
PRIMARK  GLASGOW,Shopping
Dvla Tax 4731,Transport
Lidl Gb Bris,Groceries
Argos Ltd Bristol,Shopping
john lewis birmingham,Shopping
EBAY O *5042,Shopping
DVLA TAX 3466,Transport
FASTER PAYMENTS OUT R SINGH,Transfers
Revolut Transfer 4924 Ref10842,Transfers
Cineworld London Ref25390,Entertainment
homelet rent guarantee,Rent/Mortgage
PRET A MANGER MANCHESTER,Dining
T#sco Stores 681 Leeds,Groceries
Ebay O *180,Shopping
FP TO J SMITH,Transfers
BANK TRANSFER M KHAN,Transfers
shell petrol birmingham,Transport
bp manchester fuel,Transport
Spotify P9062,Subscriptions
ADOBE SYSTEM,Subscriptions
co-op food glasgow,Groceries
APPLE.COX/BILL,Shopping
RENT PAYMEN,Rent/Mortgage
STANDING ORDER TO R SINGH,Transfers
DOMINOS PIZZA EDINBURGH,Dining
BOLT.EU/TRIP 1331,Transport
Co-Op  Food  Manchester,Groceries
NYTIMES DIGITAL,Subscriptions
EDF ENERGY REF1048,Utilities
Lidl  Gb  Manch,Groceries
TRANSFER TO S BROWN,Transfers
morr#sons le,Groceries
NATNORTH MORTGAGE 4765,Rent/Mortgage
SALARY  BLUEWAVE  LTD  BACS,Salary/Income
Transfer To S Brown Ref32472,Transfers
STARBUCKS  GLAS  REF38122,Dining
Uber  *Trip  Help.Uber.Com,Transport
AMAZON.CO.UK *8091,Shopping
WAGAMAMA BIRMIXGHAM REF2715,Dining
NATNORTH XORTGAGE 4284,Rent/Mortgage
Vodafone Ltd,Utilities
Ee Limited Mobile,Utilities
CO-OP FOOD LONDON,Groceries
COUNCIL TAX LIVERPOOL REF3201,Utilities
Transfer To L Jones,Transfers
Playstation Network,Entertainment
Bank Transfer S Brown,Transfers
EMPLOYER BACS HELIOS CORP,Salary/Income
THE GYM GR,Entertainment
PRET A MANGER GLASGOW,Dining
Marks&Spencer Food Leeds,Groceries
Apple.Com/Bill Icloud,Subscriptions
COUNCIL TAX LEEDS,Utilities
TICKETMASTER UK,Entertainment
Property Mgmt Ltd Rent,Rent/Mortgage
wagamama bristol,Dining
Ebay O *227,Shopping
NYTIMES  DIGITAL,Subscriptions
DROPBOX*IB REF58887,Subscriptions
pure gym #anchester,Entertainment
BOLT.EU/TRIP 6612,Transport
JOHN LEWIS EDINBURGH,Shopping
thames water 558,Utilities
ASDA SUPERSTORE 479,Groceries
National  Express  Leeds,Transport
COUNC#L TAX BIRMINGHAM,Utilities
VODAFONE LTD REF40408,Utilities
MARKS&SPENCER FOOD LIVERPOOL,Groceries
MCDONALDS EDINBURGH REF77349,Dining
CURRYS PC WORLD,Shopping
marks&spencer food bristol,Groceries
faster payments out c,Transfers
HALIFAX MORTGAGE PYMT,Rent/Mortgage
PENSION PAYMENT HELIOS CORP,Salary/Income
SPOTIFY P323 REF92046,Subscriptions
P2P PAYMENT R,Transfers
ee limited mobile,Utilities
Virgin Media O2,Utilities
Sainsburys S/Mkts Leeds,Groceries
HMRC  TAX  CREDIT,Salary/Income
PENSION PAYMENT ACME L,Salary/Income
Employer Bacs Bluewave Ltd,Salary/Income
apple.com/bill,Shopping
P2P PAYMENT M KHAN,Transfers
BANK TRANSFER J SMITH,Transfers
Halifax Mortgag,Rent/Mortgage
UBER *EATS,Dining
CINEWORLD GLASGOW,Entertainment
faster payments out r singh,Transfers
Pension Payment Acme Ltd,Salary/Income
STAGECOACH BUS 121,Transport
Shell Petrol Bristol RefX1254,Transport
github inc,Subscriptions
ADOBE SYSTEMS,Subscriptions
ALDI STORES 8186,Groceries
PROPERTY MGMT LTD RENT,Rent/Mortgage
RIGHTMOVE RENX REF 2153 REF63935,Rent/Mortgage
EDF ENERGY,Utilities
nandos manchester,Dining
AMAZON PRIME 816,Subscriptions
Morrisons London 2502,Groceries
British Gas Energy Ref63028,Utilities
NETFLIX.COM,Subscriptions
BRITISH  GAS  ENERGY,Utilities
LANDLORD RENT ED*NBURGH,Rent/Mortgage
ODEON CINEMAS 4531,Entertainment
ticketmasterXuk ref40775,Entertainment
Github Inc,Subscriptions
COSTA COFFEE 7796,Dining
EDF ENERGY,Utilities
Faster Payment From Helios Corp Salary,Salary/Income
SAINSBURYS S/MKTS EDINBURGH,Groceries
Virgin Media O2,Utilities
AMAZON.CO.UK *6237,Shopping
OCADO LTD REF 7852,Groceries
APPLE.COM/BILL ICLOUD REF4731,Subscriptions
APPLE.COM/BILL ICLOUD,Subscriptions
NEXT RETAIL LTD,Shopping
Currys Pc Wo,Shopping
PROPERTY MGMT LTD RENT,Rent/Mortgage
Bp London Fuel,Transport
AMAZON PRIME 7984,Subscriptions
RENT PAYMENT C TAYLOR,Rent/Mortgage
ADOBE SYSTEMS REF96039,Subscriptions
THE GUARDIAN DIGITAL,Subscriptions
Pret A Manger London,Dining
VIRGIN MEDIA O2,Utilities
THAMES WATER 5771,Utilities
amazon prime 4039,Subscriptions
BOLT.EU/TRIP 7,Transport
Standing  Order  To  S  Brown,Transfers
TRAINLINE.COM TICK,Transport
Virgin Media O2 Ref75263,Utilities
PLAYSTATION  NETWORK,Entertainment
TRAINLINE.COM TICKET REF24808,Transport
AMAZON  PRIME  4795,Subscriptions
Waitrose Lo Ref15483,Groceries
STANXING ORDER TO A PATEL,Transfers
HOMELET RENT GUARANTEE,Rent/Mortgage
halifax mort,Rent/Mortgage
AMAZON PRIME 5021 REF36011,Subscriptions
Asda Superstore 1752 Ref10697,Groceries
the gym group 6457,Entertainment
Sainsburys S/Mkts Liverpool,Groceries
Waitrose  London,Groceries
Dwp Universal Credit,Salary/Income
CURRYS PC WORLD,Shopping
TRAINLINE.COM TICKET,Transport
AMAZON.CO.UK  *2875,Shopping
Spotify P500 Ref52640,Subscriptions
Odeon Cinemas 6785,Entertainment
EDF ENERGY,Utilities
Microsoft*Xbox,Subscriptions
British  Gas  Ref14678,Utilities
NANDOS  GLA,Dining
Amazon Prime  Ref4509,Subscriptions
UBER  *TRIP  HELP#UBER.COM,Transport
LIDL GB MANCHEST,Groceries
Standing Order To S Brown Ref19800,Transfers
MORRISONS L,Groceries
THE GYM GROUP 3543 REF70115,Entertainment
SANTANDER MORTGAGE,Rent/Mortgage
Ebay O *1660,Shopping
CO-OP FOOD EDINBURGH,Groceries
Homelet Ren,Rent/Mortgage
SAINSBURYS S/MKTS LEEDS,Groceries
UBER *EATS HELP REF28826,Dining
bank transfer m khan ref9745,Transfers
SAINSBURYS S/MKTS BRISTOL,Groceries
PENSION  PA  REF9088,Salary/Income
STANDING ORDER TO R SINGH,Transfers
salary acme ltd bac,Salary/Income
AMZN MKTP UK,Shopping
MORRISONS GLASGOW 8598,Groceries
THAMES  WATER  4162  REFX7654,Utilities
DWP  UNIVERSA,Salary/Income
SALARY HELIOS,Salary/Income
DELIVEROO.CO.UK  2575,Dining
AMAZON PRIME 7198,Subscriptions
DWP UNIVERSA# CREDIT,Salary/Income
UBER *TRIP HELP.UBER.COM,Transport
National Express London Ref32638,Transport
The Gym Group 7487 Ref90509,Entertainment
Thames Wate Ref52750,Utilities
DVLA TAX 2873,Transport
NYTIMES DIGITAL,Subscriptions
HMRC TAX CREDIT REF97114,Salary/Income
Ikea Ltd Birmingham,Shopping
UBER *EATS HELP.UBER.COM,Dining
EBAY # *7023,Shopping
MCDONALDS LIVERPOOL,Dining
Revolut Transfer 1997 Ref60008,Transfers
REVOLUT TRANSFER 7322,Transfers
edf energy,Utilities
scottish power,Utilities
JOHN LEWIS BIRMIN,Shopping
APPLE.COM/BILL ICLOUD,Subscriptions
EDF ENERGY,Utilities
Lidl Gb Glasgow,Groceries
Council Tax Leeds Ref15675,Utilities
THAMES  WATER  5072  REF65250,Utilities
TESCO STORES 5304 LIVERPOOL REF70227,Groceries
Homelet Rent Guarantee,Rent/Mortgage
PAYROLL PIVOT IO,Salary/Income
Standing Order To S Br*wn,Transfers
Faster Payment From Pivot Io Salary,Salary/Income
TESCO STORES 1276 LIVERPOOL,Groceries
ALDI STORES 6037,Groceries
Bp Edinburgh Fuel,Transport
ARGOS LTD GLASGOW,Shopping
DWP  UNIVERSAL  CREDIT,Salary/Income
TESCO STORES 1821 LONDON,Groceries
Nytimes Digital Ref2145,Subscriptions
Greggs Plc 256,Dining
APPLE.COM/BILL,Shopping
BANK TRANSFER L JONES,Transfers
WAGAMAMA LEEDS,Dining
Next Retail Ltd,Shopping
Bp Leeds Fuel,Transport
STANDING ORD REF76824,Transfers
DELIVEROO.CO.UK 1101,Dining
Asda Superstore 9977,Groceries
Bp Glasgow,Transport
OXTOPUS ENERGY LTD,Utilities
First Bus Birmingham,Transport
ALDI STORES 3917,Groceries
Ocado Ltd Ref 6668,Groceries
Salary Helios Corp Bacs,Salary/Income
THE GUARDIAN DIGITAL,Subscriptions
TRAINLINE.COM TICKET,Transport
Employer Bacs Pivot Io,Salary/Income
Santander Mortgage,Rent/Mortgage
Netflix#Com,Subscriptions
PURE GYM GLASGOW,Entertainment
Bp Leeds Fuel,Transport
MARKS&SPENCE# FOOD MANC,Groceries
Bt Group Plc,Utilities
THE GYM GROUP 778,Entertainment
HMRC  TAX  CREDI,Salary/Income
ZARA.COM  UK,Shopping
THE  GUARDIAN  DIGI  REF72205,Subscriptions
AMZN MKTP UK,Shopping
Thames Water 2289,Utilities
Shell Petro,Transport
ZARA.COM UK,Shopping
wagamama m,Dining
Greggs Plc 3138,Dining
marks&spencer food birmingham,Groceries
ADOBE SYSTEMS,Subscriptions
FASTER  PAYMENTS  OUX  S  BROWN,Transfers
NETFLIX.COM,Subscriptions
Rent Paymen Ref73187,Rent/Mortgage
PURE  GYM  LIVERPOOL,Entertainment
Amzn Mktp Uk,Shopping
EBAY O *41 REF21027,Shopping
Halifax Mortgage Pymt,Rent/Mortgage
RENT PAYMENT A PATEL,Rent/Mortgage
EDF ENERGY REF59193,Utilities
COSTA COFFEE 882,Dining
FP TO S BROWN R,Transfers
amzn mktp uk ref92061,Shopping
First Bus Glasgow,Transport
BOLT.EU/TRI REF55892,Transport
EMPLOYER BACS BLUEWAVE LTD REF25824,Salary/Income
PENSION  PAYMENT  ACME  LTD  REF54932,Salary/Income
IKEA LTD LEEDS,Shopping
Dwp  Universal  Credit,Salary/Income
STARBUCKS LEEDS REF89781,Dining
bank  transfer  j  smith,Transfers
SCOTTISH POWER,Utilities
Playstation Network,Entertainment
Bank Transfer Ref63970,Transfers
DVLA TAX 166,Transport
CINEWORLD EDINBU,Entertainment
PARKINGEYE LTD LONDON,Transport
stagecoach bus 2188,Transport
CINEWORLD EDINBURG,Entertainment
MCDONALDS LONDON,Dining
RIGHTMOVE R,Rent/Mortgage
COSTA  COFFEE  5424,Dining
BANK TRANSFER M KHAN,Transfers
COUNCIL TAX BIRMINGHAM,Utilities
STAGECOACH BUS 477,Transport
IKEA LTD BRISTOL,Shopping
CURRYS PC WORLD,Shopping
EDF ENERGY,Utilities
FIRST BUS MANCHESTER,Transport
MARKS&SPENCER FOOD EDINBURGH,Groceries
DWP UNIVERSAL CREDIT,Salary/Income
RENT PAYMENT S BROWN REF10635,Rent/Mortgage
TICKETMASTER UK REF42114,Entertainment
Hmrc Tax Credit Ref27503,Salary/Income
GREGGS PLC 5582 REF20727,Dining
AMAZON PRIME REF4462,Subscriptions
CO-OP FOOD MANCHESTER,Groceries
ARGOS LTD MANCHESTER,Shopping
PROPERTY MGMT LTD RENT,Rent/Mortgage
RIGHTMOVE RENT R,Rent/Mortgage
MCDONALDS BRISTO REF41354,Dining
MORRISONS MANCHESTER 3931,Groceries
REVOLUT TRANSFER 1715 REF58514,Transfers
SPOTIFY P1316,Subscriptions
TRANSFER TO L JONES,Transfers
Aldi  Stores  55,Groceries
FASTER PAYMENT FROM PIVOT IO SALARY,Salary/Income
Starbucks Bristol Ref88065,Dining
ARGOS LTD LIVER,Shopping
COSTA COFFEE 560 REF27290,Dining
John Lewis Bristol,Shopping
Tesco Stores 47,Groceries
SPO*IFY P9375 REF51491,Subscriptions
property mgmt ltd*rent,Rent/Mortgage
ARGOS LTD LI,Shopping
National Express Manchester,Transport
PRET A MANGER LONDON,Dining
Standing Order To R Singh Ref82888,Transfers
FASTER PAYMENTS OUT A PATEL,Transfers
GREGGS PLC 5552,Dining
Revolut Transfer 2842 Ref56101,Transfers
Ocado Ltd Ref 779,Groceries
STARBUCKS EDINBURGH,Dining
WAGAMAMA MANCHESTER REF84512,Dining
DELIVEROO.CO.UK 40,Dining
John Lewis *ir,Shopping
ODEON CINEM,Entertainment
SAINSBURYS S/MKTS BRISTOL,Groceries
VODAFONE LTD,Utilities
Argos Ltd Birmingham,Shopping
Rightmove#Re,Rent/Mortgage
steamgames.c ref35757,Entertainment
THE  GUARDIAN  DIGITAL,Subscriptions
Currys Pc,Shopping
SAINSBURYS S/MKTS GLASGOW,Groceries
T*sco Stores 7814 Bristol,Groceries
PURE GYM EDINBURGH,Entertainment
RIGHTMOVE RENT REF 3571,Rent/Mortgage
APPLE.COM/BILL,Shopping
bt group plc ref347X2,Utilities
LIDL GB GLASGOW,Groceries
DROPBOX*IB,Subscriptions
Odeon Cine,Entertainment
DWP UNIVERSAL CREDI,Salary/Income
john  lewis  leeds,Shopping
FASTER PAYMENTS OUT J SMITH REF52907,Transfers
FASTER PAY,Transfers
National  Express  Manchester  Ref76172,Transport
tfl travel charge 301,Transport
TRANSFER TO S BROWN,Transfers
LANDLORD RENT BIRMINGHAM,Rent/Mortgage
EVENTBRITE *EV,Entertainment
DWP UNIVERSAL CREDIT,Salary/Income
Co-Op Food Manchester Ref73485,Groceries
ASDA  SUPERSTORE  249*  REF93597,Groceries
EDF ENERGY REF10724,Utilities
JUST EAT GLASGOW,Dining
JOHN LEWIS LONDON,Shopping
Dropbox*Ib Ref28269,Subscriptions
AMAZON.CO.UK *8027,Shopping
STAGECOACH BUS 3,Transport
PENSION PAYMENT HELIOS CORP,Salary/Income
TESCO STORES 8000 GLASGOW,Groceries
FP TO J SMI REF84392,Transfers
AMAZON.CO.UK *9193,Shopping
Lidl Gb Le,Groceries
PRET A MANGER GLASGOW REF3706,Dining
PAYROLL  ACME  LTD  REF26700,Salary/Income
revolut  transfer  4961,Transfers
Marks&Spen,Groceries
Trainline.Com Ticke Ref80584,Transport
REVOLUT TRANSFER 3977,Transfers
MICROSOFT*XBOX,Subscriptions
EVENTBRITE  *,Entertainment
PRET A MANGER LIVERPO,Dining
Primark London Ref58794,Shopping
morrisons london 2094,Groceries
Odeon Cinemas 2890,Entertainment
DVLA TAX 39,Transport
THAMES WATER 6198 REF26970,Utilities
UBER *TRIP HELP.UBER.COM,Transport
ODEON CINEMAS 6649 REF5513,Entertainment
Bp Birmingham Fuel Ref13268,Transport
Adobe Systems,Subscriptions
Tfl Travel Charge 2669,Transport
MorrisoXs Liver,Groceries
Scottish Power Ref27550,Utilities
RIGHTMOVE RENT REF 3931,Rent/Mortgage
Argos Ltd Bristol,Shopping
CURRYS PC WORLD,Shopping
Ocado Ltd Ref 4233 Ref20757,Groceries
ODEON  CINEMAS  61  REF40620,Entertainment
EMPLOYER BACS ACME LTD,Salary/Income
Transfer To J Sm Ref18649,Transfers
thames water 4481,Utilities
STANDING ORDER TO A PATEL REF38796,Transfers
AMAZON.CO.UK *5557,Shopping
FASTER XAYMENTS,Transfers
TFL TRAVEL CHAR#E 1310 REF98739,Transport
co-op food manchester ref66833,Groceries
Nandos Lon Ref77535,Dining
John Lewis Glas,Shopping
trainline.com ticket,Transport
APPLE.COM/BILL,Shopping
CURRYS PC WORLD,Shopping
ZARA.COM UK REF53707,Shopping
THAMES WATER 6295,Utilities
GREGGS PLC 3521,Dining
BP  GLASGOW  FUEL,Transport
TRAINLIN*.COM TICKET,Transport
bp glasgow f#el ref3574,Transport
JOHN LEWIS LIVERPOOL,Shopping
revolut transfer 2632,Transfers
DOMINOS PIZZA BRISTO REF23896,Dining
P2P PAYMENT S,Transfers
Employer Bacs Northstar Plc,Salary/Income
DISNEY PLUS,Subscriptions
WAITROSE LEEDS,Groceries
COSTA COFFEE 5843,Dining
CINEWORLD GLASGOW REF90088,Entertainment
SHELL PETROL LEEDS,Transport
Waitrose Liverpool,Groceries
OCADO LTD REF 9996,Groceries
NETFLIX.COM,Subscriptions
APPLE.COM/BILL,Shopping
RIGHTMOVE  RENT  REF  5188,Rent/Mortgage
Employer Bacs Helios Corp Ref97424,Salary/Income
STAGECOACH BUS 8760,Transport
UBER *EATS HELP.UBER.C,Dining
UBER  *EATS  HELP.UBER.COM,Dining
Landlord Rent London Ref36920,Rent/Mortgage
CURRYS PC W,Shopping
FASTER PAYMENTS OUT L JONES,Transfers
HOMELET RENT GUARANTEE,Rent/Mortgage
SALARY NORTHSTAR PLC BACS,Salary/Income
MCDONALDS GLASGOW,Dining
octopus energy ltd,Utilities
EDF ENERGY REF40002,Utilities
DWP UNIVERSAL CREDIT,Salary/Income
JUST EAT BRISTOL REF58357,Dining
Tesco Stores 852 Birmingham,Groceries
TRANSFER TO L JONES REF48614,Transfers
Payroll Northstar Plc,Salary/Income
ALDI STORES 8586,Groceries
GITHUB INC,Subscriptions
SANTANDER MORTGAGE,Rent/Mortgage
CURRYS PC WORLD,Shopping
OCADO LTD REF 4045,Groceries
SANTANDER MORTGAGE,Rent/Mortgage
primark liverpool,Shopping
STANDING OXDER TO L JONES REF25946,Transfers
RENT PAYMENT S BROWN REF24164,Rent/Mortgage
FASTER  PAYMENTS  OUT  A  PA,Transfers
Marks&Spencer Food Birmingham,Groceries
MCDONALDS MANCHESTER REF42910,Dining
BpXGlasgow Fuel,Transport
fp to r singh ref 9402,Transfers
SALARY  BLUEWAVE  LTD  BACS,Salary/Income
AMAZON.CO.UK,Shopping
Github Inc,Subscriptions
Council Tax Manchester,Utilities
Scottish Power,Utilities
Sainsburys S/Mkts Leeds,Groceries
virgin medi,Utilities
RENT PAYMENT R SINGH,Rent/Mortgage
nan#os  edinburgh,Dining
OCTOPUS ENERGY LTD,Utilities
Virgin Media O2 Ref97756,Utilities
FASTER PAYMENT FROM ACME LTD SALARY REF13493,Salary/Income
Salary Helios Corp Bacs,Salary/Income
COUNCIL TAX BIRMINGHAM,Utilities
WAITROSE EDINBURGH REF41328,Groceries
EMPLOYER BA,Salary/Income
disney plus,Subscriptions
PENSION PAYMENT BLUEWAVE LTD,Salary/Income
THAMES WATER  REF81629,Utilities
FASTER PAYMENTS OUT C T,Transfers
BOLT.EU/TRIP 2197,Transport
ALDI STORES 5719,Groceries
ARGOS#LTD BIRMINGHAM REF64752,Shopping
SAINSBURYS  S/MKTS  LEEDS,Groceries
bank transfer s b,Transfers
RIGHTMOVE RENT REF 8837,Rent/Mortgage
amazon prime 32,Subscriptions
Amazon Prime 9560,Subscriptions
NEXT RETAIL,Shopping
PARKINGEYE LTD MANCHESTER,Transport
THE  GUARDIAN  DIGITXL,Subscriptions
Tesco Stores 8026 Birmingham,Groceries
BOLT.EU/TRIP 3033,Transport
DOMINOS#PIZZA LIVERPOOL REF18987,Dining
COSTA COFFEE 8569,Dining
Amzn Mktp Uk,Shopping
CURRYS PC WORLD,Shopping
Ikea Ltd Bristol,Shopping
NATNORTH MORTGAGE 5491,Rent/Mortgage
DWP UNIVERSAL  REF84058,Salary/Income
Apple.Com/Bill,Shopping
Nandos Birmingham Ref65470,Dining
Dropbox*Ib,Subscriptions
ASDA SUPERS REF46536,Groceries
PRIMARK LIVERPOOL,Shopping
Bolt.Eu/Trip  8656,Transport
Halifax Mortgage Pymt,Rent/Mortgage
LIDL GB BIRMINGHAM,Groceries
EBAY O *46,Shopping
Parkingeye Ltd Bris,Transport
HOMELET RENT GUARANTEE,Rent/Mortgage
Zara.Com Uk,Shopping
FASTER  PAYMENTS  OUT  S  BROWN,Transfers
Ikea Ltd Brist,Shopping
cineworld edinburgh ref9493,Entertainment
NEXT RETAIL LTD,Shopping
SALARY HELIOS CORP BACS,Salary/Income
tesco stores 6771 bristol,Groceries
TESCO STORES 8141 LIVERPOOL REF20315,Groceries
BRITISH GAS ENERGY,Utilities
CINEWORLD LIVERPOOL REF56949,Entertainment
Amzn  Mktp  Uk,Shopping
DELIVEROO.CO.UK 4242,Dining
Parkingeye Ltd Bristol,Transport
ASDA SUPERSTORE 5164,Groceries
GITHUB  INC,Subscriptions
EBAY O *2728,Shopping
transfer to j smith,Transfers
PRET A MAN,Dining
LIDL GB MANCHESTER,Groceries
Uber *Trip Help.Uber.Com,Transport
LIDL GB LIVERPOOL REF75603,Groceries
PARKINGEYE LTD E,Transport
Just#Eat Brist,Dining
CURRYS PC WORLD,Shopping
p2p payment l jones,Transfers
AMAZON PRIME 7503,Subscriptions
NATIONAL  EXPRESS  GLASGOW,Transport
MARKS&SPENCER FOOD BIRMINGHAM REF90269,Groceries
Nandos Edinburgh,Dining
FP TO L JONES REF 9013,Transfers
bank transfer r sin ref84758,Transfers
p2p payment l jones,Transfers
AMZN MKTP UK,Shopping
REVOLUT TRANSFER 8796,Transfers
FASTER PAYMENTS OUT C TAY REF88926,Transfers
RENT PAYMENT J SMITH,Rent/Mortgage
HMRC TAX CREDIT,Salary/Income
homelet rent guarantee,Rent/Mortgage
ARGOS LTD LEEDS,Shopping
Morrisons London 5307,Groceries
the gym group 59,Entertainment
ODEXN CINEMAS 6,Entertainment
vodafone ltd,Utilities
Revolut Transfer 2150,Transfers
DWP  UNIVERSA,Salary/Income
Octopus  Energy  Ltd,Utilities
Bank TraXsfer R Singh Ref97808,Transfers
Dominos Pizza Glasgow Ref75401,Dining
NEXT RETAIL LTD,Shopping
next retail ltd,Shopping
National Express Bristol,Transport
PRIMARK LIVERPOOL REF25281,Shopping
Currys Pc World,Shopping
Asda  Superstore  7543  Ref86814,Groceries
ShelX  Petrol  Manchester  Ref49175,Transport
DELIVEROO.CO.UK 7510,Dining
BANK TRANSFER L JONES REF73323,Transfers
Hal*fax Mortgage Pymt,Rent/Mortgage
CO-OP FOOD GLASGOW,Groceries
Argos Ltd Edinburgh,Shopping
Ocado Ltd Re,Groceries
Deliveroo.Co.Uk  8429  Ref1387,Dining
AMAZON.CO.UK *,Shopping
pret a manger bristol ref89524,Dining
RENT PAYMENT L JONES,Rent/Mortgage
JUST EAT BIRMINXH,Dining
Faster  Payments  Out  J  Smith,Transfers
AMZN MKTP UK,Shopping
Disney Plus Ref59957,Subscriptions
Virgin Media O2,Utilities
TRANSFER  TO  J  S,Transfers
NATNORTH MORTGAGE 369,Rent/Mortgage
PURE GYM LIVERPOOL,Entertainment
Eventbrite *Event,Entertainment
Payroll Northstar Plc,Salary/Income
ALDI STORE REF55282,Groceries
Deliveroo.Co.Uk 9409 Ref29619,Dining
ASDA  SUPERSTORE  968,Groceries
NATNORTH MORTG,Rent/Mortgage
FASTER PAYMENTS OUT R SINGH REF11823,Transfers
Mcdonalds Manchester Ref23752,Dining
landlord rent london,Rent/Mortgage
Faster Payme,Salary/Income
BANK TRANSFER M KHAN,Transfers
currys pc world ref86812,Shopping
ikea ltd glasgow,Shopping
the guardian digital,Subscriptions
The Gym Group,Entertainment
fp  to  j  smith  ref  5333,Transfers
Property Mgmt Ltd R Ref68628,Rent/Mortgage
TRAINLINE.COM TICKET REF41163,Transport
DVLA  TAX  3054,Transport
HMRC TAX CREDIT REF43330,Salary/Income
Edf  Energy,Utilities
hmrc tax credit,Salary/Income
STAGECOACH BUS 2003,Transport
TRANSFER  TO  C  TAYLOR,Transfers
Trainline.Com Ticket,Transport
ALDI  STORES  2814,Groceries
FASTER PAYMENTS  REF62330,Transfers
CURRYS PC WORLD REF97628,Shopping
next retail ltd,Shopping
DWP UNIVERSAL CREDIT,Salary/Income
NATIONAL EXPRESS LIVERPOOL,Transport
Dwp Universal,Salary/Income
Ticketmaster  Uk,Entertainment
GITHUB INC REF39260,Subscriptions
OCADO #TD REF 6752 REF46338,Groceries
TICKETMASTER UK,Entertainment
NETFLIX.COM  REF8313,Subscriptions
scottish  power,Utilities
Amazon.Co.Uk *624,Shopping
FASTER PAYMENT FROM NORTHSTAR PLC SALARY,Salary/Income
BANK TRANSFER L JONES REF81302,Transfers
EBAY O *774,Shopping
Dominos Pizza Birmingham,Dining
Netflix.Com,Subscriptions
APPLE.COM/BILL IC,Subscriptions
PENSION PAYMENT BLUEWAVE LTD,Salary/Income
The Guardian Digital,Subscriptions
Co-Op Food Leeds,Groceries
Trainline.Com Ticket,Transport
FIRST BUS MANC REF74366,Transport
Rightmove Rent Ref 3811 Ref63931,Rent/Mortgage
Apple*Com/Bill,Shopping
NANDOS EDINBUR REF57244,Dining
DELIVEROO.CO.UK 1254,Dining
ALDI STORES 732,Groceries
Faster  Pay,Transfers
CURRYS PC WORLD REF21641,Shopping
NANDOS  GLASGOW  REF66414,Dining
Dominos*Pizza Edinburgh,Dining
SANTANDER MORTGAGE,Rent/Mortgage
NYTIMES DIGITAL REF91845,Subscriptions
WAGAMAMA LONDON REF96160,Dining
COSTA COFFEE 9006,Dining
DWP UNIVERSAL CREDIT REF73176,Salary/Income
BANK TR*NSFER S BRO,Transfers
WAITROSE LONDON,Groceries
SAINSBURYS  S/MKTS  LONDON  REF25759,Groceries
Aldi Stores 4046,Groceries
Santander Mortgage,Rent/Mortgage
UBER  *TRIP  HELP.UBER.COM,Transport
P2P PAYMENT L JONES REF61223,Transfers
REVOLUT TRANSFER 7243,Transfers
FIRST BUS L REF52822,Transport
Costa#Coffee 849 Ref4507,Dining
BANK  TRANSFER  C  TAYLOR  REF57683,Transfers
rightmoXe rent ref 346,Rent/Mortgage
NEXT RETAIL LTD REF18360,Shopping
AMZN MKTP UK,Shopping
amazon prime 3,Subscriptions
SANTANDER MORTGAGE,Rent/Mortgage
Edf Energy,Utilities
THE GUARDIAN DIGITAL REF97#13,Subscriptions
XCDONALDS GLASGOW,Dining
Bolt.Eu/Trip 6200 Ref82480,Transport
deliveroo.co.uk 6650,Dining
WAGAMAMA  MANCHESTER,Dining
Eventbrite *Event Ref46844,Entertainment
ZARA.COM UK REF16759,Shopping
VIRGIN MEDIA O2,Utilities
MICROSOFT*XBOX,Subscriptions
first bus manchester,Transport
PRIMARK  LIVERPOOL,Shopping
ZARA.COM UK REF1915,Shopping
OCADO LTD REF 4933,Groceries
DVLA  TAX  9403,Transport
DELIVEROO.CO.UK X697,Dining
AMAZON PRI,Subscriptions
STANDING ORDER TO J SMITH REF24887,Transfers
TRANSFER TO C TAYLOR,Transfers
ODEON CINEMAS 1546,Entertainment
CO-OP FOOD LIVERPOOL,Groceries
TESCO STORES 223 BIRMINGHAM,Groceries
ODEON CINEMAS 5805 REF38441,Entertainment
MORRISONS  BIRMINGHAM  4131  REF94877,Groceries
STANDING ORDER TO M KHAN REF13999,Transfers
BRITISH GAS ENERGY REF19655,Utilities
EMPLOYER BACS HELIOS CORP,Salary/Income
Adobe Syste,Subscriptions
Fp To A Patel Ref 98 Ref28261,Transfers
EBAY O *598,Shopping
Steamgames. Ref81598,Entertainment
TESCO STORES 381 EDINBURGH,Groceries
OCTOPUS ENERGY LTD,Utilities
The Gym Group 2200,Entertainment
ARGOS  LTD  BIRMINGHAM,Shopping
UBER *TRIP HELP.UBER.COM,Transport
TESCO  STORXS  9,Groceries
GITHUB INC,Subscriptions
DOMINOS PIZZA LEEDS REF70795,Dining
ADOBE  SYSTEMS,Subscriptions
APPLE.C*M/BILL,Shopping
GREGGS PLC REF33280,Dining
FP TO A PATEL REF 3749,Transfers
Homelet Rent Guarantee,Rent/Mortgage
COUNCIL TAX MANCHESTER REF74896,Utilities
EMPLOYER BACS BLUEWAVE LTD,Salary/Income
SPOTIFY P8166,Subscriptions
REVOLUT TRANSFER 8549,Transfers
p2p payment a patel,Transfers
Argos Ltd Birmingham,Shopping
Ticketmaster Uk,Entertainment
OCTOPUS ENERGY LTD,Utilities
JOHN LEWIS LONDON,Shopping
IKEA LTD LIVERPOO REF58673,Shopping
STEAMGAMES.COM 3431,Entertainment
PENSION PAYMENT ACME LTD,Salary/Income
A#OBE SYSTEMS,Subscriptions
bank transfer j smith,Transfers
DELIVEROO.CO.UK 6448,Dining
Playstation Netwo Ref72758,Entertainment
Bt Group Plc,Utilities
REN*  PAYMENT  L  JONES,Rent/Mortgage
IKEA LTD BIRMINGHAM,Shopping
Fp To J Smith Ref 4356,Transfers
Bp London Fu,Transport
MARKS&SPENCER FOOD MANCHES RE#26613,Groceries
Github  Inc,Subscriptions
AMAZON.CO.UK *2163,Shopping
PENSION PAYMENT NORTHSTAR PLC REF54742,Salary/Income
BRITISH GAS ENERGY,Utilities
Eventbrite *Event,Entertainment
WAITROSE LONDON,Groceries
DOMINOS PIZZA LEED,Dining
EBAY O *8511 REF86036,Shopping
British Gas Energy,Utilities
PURE GYM EDINBURGH,Entertainment
virgin media o2,Utilities
National #xpress London,Transport
ODEON CINEMAS 1101,Entertainment
ALDI STORES,Groceries
STAGECOACH  BUS  9489,Transport
standing or#er to l jones,Transfers
Marks&Spencer Food London,Groceries
Ikea Ltd Leed RXf77986,Shopping
Github Inc Ref6804,Subscriptions
NATIONAL EXPRESS EDINBURGH,Transport
standing order ref65165,Transfers
COUNCIL TAX GLASGOW,Utilities
amazon prime 8919,Subscriptions
RIGHTMOVE RENT REF 9791,Rent/Mortgage
AMAZON.CO.UK  *8603,Shopping
salary pivot io bacs,Salary/Income
PENSION PAYMENT NORTHSTAR PLC,Salary/Income
Aldi Stores 1728 Ref84052,Groceries
TRAINLINE.COM TICKET REF81327,Transport
CO-OP FOOD EDINBURGH,Groceries
Spotify P5839 Ref63841,Subscriptions
PENSION PAYMENT BLUEWAVE LTD,Salary/Income
P2P  PAYMENT  L  JONES,Transfers
MICROSOFT*XBOX,Subscriptions
GREGGS PLC 9291 REF22819,Dining
Co-Op Food Edinburgh,Groceries
PRET A MANGER LIVERPOOL,Dining
VODAFONE LTD REF3*517,Utilities
EVENTBRITE  *EVENT,Entertainment
SAINSBURYS S/MKTS MANCHESTER,Groceries
PURE GYM BIRMINGHAM,Entertainment
AMZN MKTP UK REF78078,Shopping
Zara.Com U Ref34397,Shopping
FirstXBus Bristol,Transport
COUNCIL TA,Utilities
MCDONALDS LIVERPOOL,Dining
Faster Payments Out A Patel Ref39090,Transfers
AR*OS LTD,Shopping
Amazon Prime 6304,Subscriptions
AMZN MKTP,Shopping
Argos  Ltd  Glasgow,Shopping
ALDI STORES 9026,Groceries
PENSION PAYMENT PIVOT IO,Salary/Income
UBER *TRIP HELPXUBER.COM,Transport
Adobe Systems Ref22119,Subscriptions
Apple.Com/Bill,Shopping
AMAZON*CO.UK *43,Shopping
SPOTIFY P4824 REF58505,Subscriptions
STANDING ORDER TO M KHAN REF15437,Transfers
Ee  Limited  Mobile,Utilities
Adobe Systems Ref99647,Subscriptions
EBAY O *5522 REF96094,Shopping
currys pc world,Shopping
NEXT RETAIL LTD,Shopping
ALDI  STORES  4446,Groceries
ocado ltd ref 5683 ref64987,Groceries
BP  BRISTOL  FUEL,Transport
TICKETMASTER UK,Entertainment
NATNORTH MOR,Rent/Mortgage
NETFLIX.COM REF35485,Subscriptions
vodafone l ref75038,Utilities
MORRISONS EDINBURGH 6848,Groceries
Homelet Rent Guarantee,Rent/Mortgage
BT GRO#P PLC,Utilities
stagecoach bus 7159,Transport
TFL  TRAVEL  CHARGE  6845  REF15540,Transport
NATNORTH MORTGAGE 6200,Rent/Mortgage
WAGAMAMA L,Dining
FP TO L JONES REF 9580 REF56106,Transfers
Bp London Fuel,Transport
WAGAMAMA LEED REF72362,Dining
BRITISH GAS  REF68094,Utilities
EVENTBRITE *EVENT,Entertainment
EBAY O *6342,Shopping
DOMINOS PIZZA,Dining
fp to r singh ref 8226,Transfers
BT GROUP PLC,Utilities
rent payment j smith,Rent/Mortgage
Costa Coffee 2725,Dining
TRAINLINE.COM T,Transport
BANK TRANSFER J SMITH,Transfers
spotify p2535,Subscriptions
PURE GYM LIVE,Entertainment
Ee Limited Mobile,Utilities
SHELL PETROL EDINBURGH REF97466,Transport
Standing Order To M Khan,Transfers
Amzn Mktp Uk Ref49144,Shopping
Revolut Transfer 5071,Transfers
VIRGIN MEDIA O2,Utilities
vodafone ltd ref7719,Utilities
EVENTBRITE *EVENT,Entertainment
Lidl Gb Liverpool Ref47611,Groceries
IKEA LTD LIVERPOOL REF88071,Shopping
Uber *Trip Help.Uber#Com,Transport
FIRST  BUS  LEEDS,Transport
SANTANDER MORTGAGE,Rent/Mortgage
TF# TRAVEL CHARGE 1768,Transport
IKEA LTD GLASGOW,Shopping
SCOTTISH POWER,Utilities
Ee  Limited  Mobile,Utilities
marks&spencer food bristol,Groceries
Landlord Rent Manchester,Rent/Mortgage
MICROSOFT*XBOX,Subscriptions
DROPBOX*IB,Subscriptions
REVOLUT TRANSFER 8355,Transfers
Apple.Com/Bil,Subscriptions
Natnorth Mortgage 2843,Rent/Mortgage
Netflix.Com,Subscriptions
FP TO J SMITH REF 4575,Transfers
FP TO C TAYLOR REF 4328,Transfers
GREGGS PLC 9729 REF91222,Dining
MARKS&SPENCER  FOOD  BRISTOL  REF27881,Groceries
THE GUARDI REF26206,Subscriptions
TESCO STORES 8681 EDINBURGH,Groceries
Santander Mortgage,Rent/Mortgage
FASTER PAYMENTS OUT L JONES,Transfers
EDF ENERGY,Utilities
EE LIMITED M REF38693,Utilities
Standing  Order  To  C  Taylor  Ref68307,Transfers
Santander Mort,Rent/Mortgage
PRIMARK MANCHESTER,Shopping
MCDONALDS BRISTOL REF54871,Dining
P2P PAYMENT C TA,Transfers
ee limited mobile,Utilities
Rightmove Rent R*f 8127,Rent/Mortgage
Standing Order To A Patel,Transfers
Amazon.Co*Uk *538 Ref10574,Shopping
XORRISONS EDINBURGH 4654 REF70893,Groceries
Uber *Trip Help.Uber.Com,Transport
first bus edinburgh,Transport
SAINSBURYS S/MKTS BRISTOL,Groceries
APPLE.COM/B,Shopping
NEXT RETAIL,Shopping
CURRYS PC WORLD,Shopping
Virgin Medi Ref99059,Utilities
RENT PAYMENT A PATEL,Rent/Mortgage
FP TO L JONES REF 9958,Transfers
STARBUCKS LONDON REF20365,Dining
Argos Ltd Liverpool,Shopping
ASDA SUPER,Groceries
Edf Energy Ref96625,Utilities
WAGAMAMA BRISTOL,Dining
WAGAMAMA BIRMINGHAM,Dining
sainsburys s/,Groceries
TFL TRAVEL CHARGE 2074 REF40438,Transport
Waitrose Glasgow,Groceries
ikea ltd glasgow,Shopping
FIRST BUS LIVERPOOL,Transport
BRITISH GAS ENERGY,Utilities
Argos Ltd L,Shopping
ALDI STORES 3159 REF71767,Groceries
Currys Pc World,Shopping
spotify p2141 ref56638,Subscriptions
MCDONALDS GLASGOW,Dining
Zara.Com Uk,Shopping
STANDING ORDER TO S BROWN,Transfers
RENT PAYMENT S BROWN,Rent/Mortgage
DVLA TAX 5632 REF29635,Transport
ZARA.COM  UK,Shopping
NANDOS LEEDS,Dining
NATNORTH MORTGAGE 9666 REF31996,Rent/Mortgage
XSDA  SUPERSTORE  2936,Groceries
FASTER PAYMENTS OUT J SMITH,Transfers
MARKS&SPENCER FOOD BRISTOL,Groceries
Next Retail Ltd,Shopping
CURRYS PC WORLD,Shopping
Pure Gym Bristol,Entertainment
VodafXne L Ref40384,Utilities
UBER *TRIP HELP.UBER.COM,Transport
OCADO LTD REF 7879,Groceries
Dominos Pizza London,Dining
O*TOPUS ENE,Utilities
Pension  Payment  Acme  Ltd  Ref58672,Salary/Income
Octopus Ene,Utilities
NEXT  RETAIL  LTD,Shopping
Steamgames.Com 8690,Entertainment
Nytimes Digital,Subscriptions
SPOTIFY  P6786,Subscriptions
TICKETMASTER UK,Entertainment
NANDOS LONDON REF4*076,Dining
PRIMARK LIV REF18825,Shopping
WAITROSE BRISTOL,Groceries
Disney  Plus,Subscriptions
THE GUARDIAN DIGITAL REF41491,Subscriptions
Ocado Ltd Ref 991,Groceries
JUST EAT L,Dining
APPLE.COM/BIL REF28037,Shopping
MORRISONS BRISTOL,Groceries
Amazon Prime 2790,Subscriptions
OCTOPUS ENERGY LTD REF77563,Utilities
MORRISONS GLASGOW 6550 REF14833,Groceries
ZARA.COM UK,Shopping
FASTER  PAYMENTS  OUT  A,Transfers
British Gas Energy,Utilities
IKEA LTD BRISTOL,Shopping
TRAINLINE.COM  TIC* REF64408,Transport
NEXT RETAIL,Shopping
amazon.co.uk *7649 ref25914,Shopping
BANK TRANSFER J SMITH,Transfers
UBER *EATS HELP.UBER.COM REF40425,Dining
greggs plc 98,Dining
NYTIMES DI REF69643,Subscriptions
Currys  Pc  World,Shopping
SCOTTISH POWER,Utilities
bank transfer m kh,Transfers
GREGGS PLC 5139 REF57415,Dining
NATIONAL EXP,Transport
natnorth mo,Rent/Mortgage
CINEWORLD MANCHESTER,Entertainment
CINEWORLD LEEDS,Entertainment
AMAZON.CO.U,Shopping
GREGGS PLC 77,Dining
MORRISONS BIRMINGHAM 1987,Groceries
UBER *EATS HELP.UBER.COM,Dining
STANDIN* ORDER TO A PATEL,Transfers
PRIMARK BIRMINGHAM,Shopping
LANDLORD RENT EDINBURGH,Rent/Mortgage
Morrisons Leeds 608,Groceries
Deliveroo.Co.Uk 3723,Dining
UBER  *TRIP  HELP.,Transport
CO-OP FOOD LEEDS REF53587,Groceries
LIDL *B BIRMINGHAM,Groceries
FP TO C TAYLOR REF 3492,Transfers
Greggs Plc 792,Dining
Landlord Rent Birmingham Ref85392,Rent/Mortgage
Dropbox*Ib,Subscriptions
RENT PAYMENT J SMITH,Rent/Mortgage
DOMINOS PIZZA BIRMI,Dining
STEAMGAMES.COM 8792,Entertainment
REVOLUT TRANSFER 509,Transfers
ZARA.COM U,Shopping
Amazon Prime 5*00,Subscriptions
JOHN  LEWIS  BIRM,Shopping
FASTER PAYMENTS OUT A PATEL REF94929,Transfers
Hmrc  Tax  C,Salary/Income
BT GROUP PLC,Utilities
zara.com #k,Shopping
SALARY ACME LTD BA,Salary/Income
Salary Northstar Pl* Bacs,Salary/Income
ARGOS LTD GLASGOW,Shopping
Transfer To R Singh Ref57801,Transfers
Payroll Bluewave  Ref51053,Salary/Income
AMAZON.CO.UK *3680 REF1583,Shopping
LANDLORD RENT BIRMINGHAM,Rent/Mortgage
OCTOPUS  ENERGY  LTD,Utilities
MORRISONS GLASGOW 713 REF67996,Groceries
AMAZON.CO.UK *7729 REF46363,Shopping
EMPLOYER BACS BLUEWAVE *TD,Salary/Income
SCOTTISH POWER,Utilities
THE  GYM  GROUP  1888,Entertainment
DISNEY PLUS,Subscriptions
ALDI STORES 389,Groceries
BANK TRANSFER C TAYLOR REF95277,Transfers
Costa Coffee 9076,Dining
TESCO STORES 9040 MANCHESTER REF43919,Groceries
STANDING ORDER TO R,Transfers
ALDI STORES,Groceries
Octopus Energy,Utilities
PAYROLL HELIOS CORP,Salary/Income
nytimes digital,Subscriptions
SHELL PETROL LIVE,Transport
Stagecoach Xus 9374,Transport
Github Inc,Subscriptions
CURRYS PC WORLD,Shopping
COSTA COFFEE 550,Dining
Cineworld Glas*ow Ref22729,Entertainment
REVOLUT  TRANSFER  5357  REF24366,Transfers
Microsoft*Xbox,Subscriptions
AMZN MKTP UK REF22394,Shopping
UBER *EATS HELP.UBER.COM,Dining
Pret A Manger Glasgow,Dining
MICROSOFT*,Subscriptions
Transfer To X Patel,Transfers
GITHUB INC,Subscriptions
Halifax Mortgage Pymt,Rent/Mortgage
BANK TRANS,Transfers
Rightmove R,Rent/Mortgage
APPLE.COM/BI,Subscriptions
AMZN MKTP UK REF9X453,Shopping
VODAFONE LTD,Utilities
rent payment j s,Rent/Mortgage
Currys  Pc  World,Shopping
NANDOS EDINBURGH,Dining
FIRST BUS ED,Transport
Argos Ltd Liverpool,Shopping
first bus bristol,Transport
TFL TRAVEL CHARGE,Transport
amazon.co.uk *8583,Shopping
morrisons glasg,Groceries
TRANSFER TO J SMITH REF50951,Transfers
WAITROSE B REF85011,Groceries
Ikea Ltd Manches,Shopping
VIRGIN MEDIA O2 REF9732,Utilities
MICROSOFT*XBOX,Subscriptions
APPLE.COM/BILL,Shopping
MCDONALDS EDINBURGH,Dining
HOMELET RENT GUARANTEE,Rent/Mortgage
THE GUARDIAN DIGITAL,Subscriptions
MICROSOFT*XBOX,Subscriptions
Argos Ltd Glasgow Ref12546,Shopping
EBAY O *2897,Shopping
PRIMARK LONDON,Shopping
Currys Pc W,Shopping
Waitrose Bristo,Groceries
IKEA  LTD  LIVERPOOL,Shopping
COUNCIL TAX#LONDON,Utilities
SANTANDER MORTGAGE,Rent/Mortgage
OCADO LTD REF 3691,Groceries
EBAY O *6683,Shopping
VIRGIN MEDIA O2,Utilities
ebay o *4385,Shopping
BOLT.EU/TRIP 5717,Transport
tesco stores 2456 edinburgh,Groceries
FASTER PAY,Transfers
TRANSFER TO M KHAN,Transfers
First Bus Birmingham,Transport
Transfer To R Sin,Transfers
NANDOS BRIS REF84604,Dining
*RANSFER TO J SMITH,Transfers
Dis*ey Plu,Subscriptions
AMZN MKTP UK,Shopping
*MPLOYER BACS,Salary/Income
Dominos Pizza Liverpool,Dining
Bt  Group  Plc,Utilities
Greggs Plc 4679,Dining
edf  energy  ref26383,Utilities
THE GYM GROUP 2711 REF57*32,Entertainment
ODEON CINEMAS 4001,Entertainment
edf energy,Utilities
PRIMARK GLASGOW,Shopping
DOMINOS PIZZA BRISTOL,Dining
PURE GYM LONDON,Entertainment
WAITROSE GLASGOW REF8116,Groceries
CURRYS  PC  WORLD,Shopping
NYTIMES DIGITA,Subscriptions
Faster Payment From No,Salary/Income
STXAMGAMES.COM  9951  REF53071,Entertainment
apple.com/bill,Shopping
FASTER  PAYMENT  FROM  ACME  LTD  SALARY,Salary/Income
the guardian digital,Subscriptions
SA#ARY  NORTHSTAR  P,Salary/Income
STARBUCKS EDINBURGH,Dining
TESCO STORES 2521 GLASGOW REF92824,Groceries
PROPERTY  MGMT  LTD  RENT  REF25199,Rent/Mortgage
THE GUARDIAN DIGITAL REF59871,Subscriptions
AMAZON  PRIME  8192,Subscriptions
CO-OP FOOD BRISTO REF59051,Groceries
BXNK TRANSFER R SINGH REF98234,Transfers
Ocado Ltd Ref 1844 Ref28858,Groceries
FASTER PAYMENTS OUT J SMITH,Transfers
Dominos Pizza Liverpool,Dining
Eventbrite *Event,Entertainment
Netflix.Com Ref8353,Subscriptions
just eat liverpool,Dining
ODEON CINEMAS 9412,Entertainment
Pension Payment Helios Corp,Salary/Income
Bank Transfer C Taylor,Transfers
HMRC TAX CRE REF41797,Salary/Income
PURE GYM BRISTOL,Entertainment
Amzn Mktp U,Shopping
GITHUB INC,Subscriptions
VIRGIN MEDIA O2,Utilities
BP GLASGOW FUEL,Transport
WAGAMAMA LONDON,Dining
Costa Coffee 5294,Dining
NYTIMES DIG#TAL REF17021,Subscriptions
NETFLIX.COM,Subscriptions
WAITROSE  LONDON,Groceries
Property Mgmt Ltd Rent,Rent/Mortgage
Property Mgmt Ltd Rent,Rent/Mortgage
Zara.Com U,Shopping
Rightmove  Rent  Ref  Ref48116,Rent/Mortgage
CURRYS PC WORLD,Shopping
PLAYSTATION  NETWORK,Entertainment
THE GYM GROUP 2616,Entertainment
THE GYM GROUP 2145,Entertainment
OCADO LTD REF 769,Groceries
SANTANDER MORTGA,Rent/Mortgage
ALDI STORES 2843 REF70634,Groceries
Odeon Cinemas 977,Entertainment
bank transfer c taylor,Transfers
ALDI STORES 5319,Groceries
EMPLOYER BACS NORTHSTAR PLC,Salary/Income
GREGGS PLC 8624,Dining
PRIMARK  GLASGOW,Shopping
British Gas Ener,Utilities
CINEWORLD BIRMINGHAM,Entertainment
JUST EAT EDINBURGH,Dining
TICKETMAST,Entertainment
Zara.Com Uk,Shopping
Co-Op Food Liverpool Ref24671,Groceries
OCADO LTD REF 1070,Groceries
SALARY ACME LTD BACS,Salary/Income
COUNCIL  TAX  BRISTOL,Utilities
STEAMGAMES.COM 3184,Entertainment
OCADO LTD REF 7683 REF81098,Groceries
LANDLORD RENT,Rent/Mortgage
SCOTTISH  PO,Utilities
TRANSFER TO J S,Transfers
TRAINLXNE.COM TICKET,Transport
Stagecoach Bus 6 Ref50210,Transport
SPOTIFY P6139 REF4544,Subscriptions
STAGECOACH BUS 7385 REF9183,Transport
SANTANDER MORTGAG,Rent/Mortgage
MORRISONS  GLASGOW  REF74841,Groceries
Halifax Mortgage Pymt,Rent/Mortgage
VODAFONE LTD,Utilities
Eventbrite *Event,Entertainment
APPLE.COM/BILL,Shopping
HMRC  TAX  CREDIT,Salary/Income
THE GYM GROUP 236,Entertainment
CURRYS PC WORLD,Shopping
TESCO STORES 1612 GLASGOW,Groceries
AMAZON.CO.UK * REF85350,Shopping
THE GUARDIAN DIGITAL,Subscriptions
Tfl Travel Charge 2897,Transport
Starbucks Leeds,Dining
Amazon.Co.Uk *4111,Shopping
ZARA.COM UK REF69901,Shopping
FASTER PAYMENT FROM BLUEWAVE LTD SALARY REF82671,Salary/Income
SAINSBURYS  S/MKTS  BIRMINGHAM,Groceries
apple.com/ ref82771,Shopping
BANK TRANSFER C TAYLOR REF27414,Transfers
P2P PAYMENT J SMITH,Transfers
Ebay O *7301,Shopping
Tfl Travel Charge,Transport
Dominos Pizza Glas,Dining
Primark Leeds,Shopping
BT GROUP PLC REF75658,Utilities
apple.com/bill icl ref78066,Subscriptions
Amazon Prime 2392 Ref27157,Subscriptions
THAMES WAT REF43057,Utilities
revolut transfer 1668 ref5858,Transfers
ARGOS LTD LEEDS,Shopping
SPOTIFY P8378 REF83685,Subscriptions
LIDL GB LONDON,Groceries
MORRISONS MAN,Groceries
V*dafone  Ltd,Utilities
WAITROSE MANCHESTER,Groceries
NETFLIX.COM,Subscriptions
Transfer To L Jones,Transfers
FIRST BUS MAN REF93285,Transport
Just Eat Birmingham,Dining
ARGOS LTD BRISTOL REF49487,Shopping
Deliveroo.Co.U Ref37838,Dining
STARBUCKS LONDON,Dining
AMAZON PRIME 3259 REF88015,Subscriptions
AMZN MKTP UK REF43421,Shopping
CINEWORLD EDINBURGH,Entertainment
FP TO C TAYLOR REF 282,Transfers
edf*energy,Utilities
RIGHTMOVE RENT REF 1141,Rent/Mortgage
COSTA COFFEE 2826,Dining
NETFLIX.COM,Subscriptions
REVOLUT TRANSFER 487,Transfers
Waitros* Birmin,Groceries
MICROSOFT*XBOX,Subscriptions
IKEA LTD LONDON,Shopping
OCADO  LTD  REF,Groceries
EVENTBRITE  *EVENT  REF10371,Entertainment
STAGECOACH BUS 1164 REF37124,Transport
Natnorth Mortgage 2,Rent/Mortgage
SALARY HELIOS CORP,Salary/Income
HMRC TAX CREDI,Salary/Income
Santander Mortgage Ref84825,Rent/Mortgage
ZARA.COM UK,Shopping
Aldi Stores 3538,Groceries
EBAY O *9840,Shopping
DWP UNIVERSAL CREDIT,Salary/Income
Pure Gym Birmingham Ref36897,Entertainment
UBER *TRIP HELP.UBER.COM,Transport
MORRISONS L,Groceries
MCDONALDS EDINBURGH,Dining
starbucks edinburgh,Dining
FP  TO  S  BROWN  REF  9966,Transfers
BRITISH GAS ENERGY,Utilities
SCOTTISH POWER,Utilities
WAITROSE  MANCH,Groceries
FASTER PAYMENT FROM ACME LTD SALARY,Salary/Income
CO-OP FOOD GLASGOW,Groceries
EBAY  O  *#992,Shopping
BANK TRANSFER S BROWN REF17962,Transfers
FASTER PAYMENTS OUT C TAYLOR REF59989,Transfers
Odeon Cinem,Entertainment
EVENTBRITE *EVENT REF49131,Entertainment
Eventbrite *Event,Entertainment
EDF ENERGY,Utilities
Stagecoach Bus 8124,Transport
Pure Gym Glasgow,Entertainment
DROP#OX*IB,Subscriptions
SAINSBURYS S/MKTS LIVERPOOL REF55048,Groceries
EBAY  O  *2976,Shopping
STEAMGAMES.COM  4725,Entertainment
NANDOS LIVERXOOL,Dining
ODEON CINEMAS 7462,Entertainment
TICKETMASTER UK,Entertainment
Bank Transfer A Patel,Transfers
WAITROSE  LEEDS,Groceries
FP TO L JONES REF 2030 REF19589,Transfers
Bolt.Eu/Trip 619 Ref72210,Transport
TICKETMASTER UK,Entertainment
Pension Payment Acme Ltd,Salary/Income
COSTA COFFEE 8299,Dining
HALIFAX MORTGAGE PYMT,Rent/Mortgage
FASTER PAYMENT FROM PIVOT I,Salary/Income
REVOLUT TRANSFER 3477,Transfers
Morrisons Liverpo,Groceries
dropbox*ib,Subscriptions
PRIMARK GL,Shopping
DOMINOS PIZZA B,Dining
currys pc world ref20400,Shopping
PRIMARK BRIS,Shopping
Parkingeye L,Transport
STARBUCKS GLASGOW REF2713,Dining
briXish gas energy,Utilities
ODEO*  CINEMAS  7518  REF26331,Entertainment
TESCO STORES 865 BRISTOL,Groceries
CINEWORLD LONDON,Entertainment
CINEWORLD  LEED,Entertainment
ASDA SUPERSTORE 3792,Groceries
IKEA LTD BRISTOL,Shopping
The  Guardian  Digital  Ref53774,Subscriptions
THE  GUARDIAN  DIGITAL  REF87832,Subscriptions
EMPLOYER BACS NORTHSTAR PLC REF95745,Salary/Income
PARKINGEYE LTD LEEDS,Transport
GITHUB INC,Subscriptions
TFL TRAVEL CHARGE 2204,Transport
NETFLIX.CO,Subscriptions
MORRISONS  EDINBURGH  9113,Groceries
ticketmaster uk,Entertainment
STAGECOACH BUS 742,Transport
STAGECOACH BUS 1033,Transport
Spotify P62,Subscriptions
Just Eat Manchester Ref4567,Dining
GREGGS PLC 1936,Dining
MORRISONS BIRMINGHAM  REF12140,Groceries
Adobe SystemsXRef98168,Subscriptions
Netflix.Co,Subscriptions
Sainsburys S/Mkts Gl,Groceries
SainsburysXS/Mkts Liverpool,Groceries
NANDOS MANCH,Dining
Dominos Pizza Bristol Ref60316,Dining
DELIVEROO.CO.UK 3393,Dining
CURRYS PC W REF20998,Shopping
Microsoft*Xbox,Subscriptions
DVLA TAX 916,Transport
Council  Ta,Utilities
pret a manger edinburgh,Dining
THE GYM GR,Entertainment
EMPLOYER BACS NORTHSTAR PLC,Salary/Income
DWP UNIVERSAL CREDIT,Salary/Income
CURRYS PC WORLD,Shopping
THE GUARDIAN DIGITAL,Subscriptions
ARGOS LTD BIRMINGHAM,Shopping
cineworld birmingham,Entertainment
P2P PAYMENT L JONES,Transfers
virgin media o2,Utilities
ARGOS LTD LONDON,Shopping
HOMELET RENT GUARANTEE,Rent/Mortgage
PAYROLL NORTHSTAR PLC,Salary/Income
DWP UNIVER,Salary/Income
P2P PAYMENT C TAYLOR,Transfers
STARBUCKS BIRMINGH REF42026,Dining
first bus liverpool ref13067,Transport
ASDA SUPERST,Groceries
TFL  TRAVEL,Transport
HOMELET RENT GUARANTEE,Rent/Mortgage
Primark Manchester,Shopping
Amazon.Co.Uk *9880,Shopping
FASTER PAYMENT FROM PIVOT IO SALARY,Salary/Income
Scottish Power,Utilities
argos ltd manchester,Shopping
SALARY PIVOT IO BACS,Salary/Income
Pret A Manger Edinburgh,Dining
ARGOS LTD GLASGOW REF52128,Shopping
Github  Inc,Subscriptions
VODXFONE LT,Utilities
MORRISONS EDINBURGH 4009 REF42382,Groceries
aldi stores 1723,Groceries
Ikea Ltd Bristol,Shopping
EVENTBRITE *EVE,Entertainment
lidl gb glasg ref14567,Groceries
Odeon Cinemas 4376,Entertainment
TICKETMASTER UK,Entertainment
PAYROLL HELIOS CORP,Salary/Income
SAINSBURYS*S/MKTS BIRMINGHAM,Groceries
Argos Ltd Liverpool,Shopping
Bt Group Plc,Utilities
Standing Order To C Taylor,Transfers
ODEON CINEMAS,Entertainment
Dropbox*Ib,Subscriptions
Property Mgmt Ltd Rent,Rent/Mortgage
Microsoft*Xbox  Ref9676,Subscriptions
NYTIMES DIG,Subscriptions
NETFLIX.COM,Subscriptions
STEAMGAMES.COM 2261,Entertainment
Steamgames.Com 4224,Entertainment
Just EXt Liverpool,Dining
OCADO LTD REF 8925,Groceries
Sainsburys S/Mkts Bristol,Groceries
BRITISH GAS ENERGY,Utilities
SANTANDER MORTGAGE REF92176,Rent/Mortgage
Halifax  Mortgage  Pymt,Rent/Mortgage
Hmrc Tax Credit,Salary/Income
BOLT.EU/TRIP 8792,Transport
VIRGIN MEDIA O2,Utilities
COSTA COFFEE 94,Dining
Payroll Acme Ltd,Salary/Income
Council Tax Leeds Ref21919,Utilities
PRET A MANGER GLASGOW,Dining
LIDL GB MAN,Groceries
greggs plc,Dining
FIRST BUS LIVERPOOL,Transport
HOMELET RENT GUARANTE,Rent/Mortgage
MARKS&SPENCER FOO REF4067,Groceries
EBAY O *5971,Shopping
DVLA TAX 6347 REF38122,Transport
PLAYSTATION,Entertainment
VODAFONE LTD,Utilities
tesco stores 1902 bristol,Groceries
ee limited mobile,Utilities
Aldi Stores 989,Groceries
RENT PAYMENT C TA,Rent/Mortgage
ZARA.COM U,Shopping
Ocado  Ltd  Ref  1633,Groceries
COSTA COFFEE 6893 REF55295,Dining
HMRC TAX CREDIT,Salary/Income
ikea ltd liverpool,Shopping
PAYROLL NORTHSTAR PLC REF33902,Salary/Income
CURRYS PC WORL,Shopping
SALARY ACME LTD BACS REF90429,Salary/Income
dvla  tax  2839  ref57305,Transport
ALDI STORES 6109,Groceries
COUNCIL TAX,Utilities
UBER *EATS HELP.UBER.COM,Dining
Parkingeye Ltd Manchester,Transport
PENSIO# PAYMENT BLUEWAVE LTD,Salary/Income
Just Eat Birmingham,Dining
SANTA#DER MORTGAGE,Rent/Mortgage
Amazon Prime 2752,Subscriptions
Faster Payment From Helios Corp Salary,Salary/Income
BP EDINBURGH FUEL,Transport
CINEWORLD MANCHESTER,Entertainment
Uber *Eats Help.Uber.Com Ref90476,Dining
DXMINOS PIZ,Dining
Rent Payment S Brown,Rent/Mortgage
Salary  Pivot  Io  Bacs,Salary/Income
EDF ENERGY,Utilities
LIDL GB BIRMINGHAM REF44957,Groceries
SHELL PETROL MANCHESTER,Transport
DVLA TAX 387 REF80248,Transport
Hmrc Tax Credit,Salary/Income
Dvla  Tax  7739,Transport
Bank Transfer C Taylor Ref14669,Transfers
EE LIMITED,Utilities
costa coffee,Dining
Rent Payment R Ref96116,Rent/Mortgage
WAITROSE LEEDS,Groceries
adobe systems,Subscriptions
STEAMGAMES.COM 4544,Entertainment
STANDING ORDER TO R SINGH REF59399,Transfers
BOLT.EU/TRIP 7526,Transport
WAGAMAMA LEEDS,Dining
revolut transfer 7797,Transfers
Xhell Petrol Manchester,Transport
Lidl Gb Edinburgh,Groceries
EBAY O *5758,Shopping
ARGOS LTD GLASG,Shopping
UBER *TRIP HELP.UBER.COM,Transport
Faster Payments Out R Singh,Transfers
TRAINLINE.C,Transport
EmployerXBacs Acme Ltd,Salary/Income
PRET A MANGER BRISTOL REF37205,Dining
Just  Eat  London,Dining
MORRISONS LEEDS 2196,Groceries
FASTER PAYMENTS OUT R SINGH,Transfers
LIDL GB LONDON,Groceries
HALIFAX MORTGAGE PYMT REF60843,Rent/Mortgage
Dropbox*Ib,Subscriptions
TE*CO STORES 375,Groceries
Pure Gym London Ref63294,Entertainment
trainline.com ticket,Transport
P2P PAYMENT S BROWN,Transfers
Ikea Ltd Manchester,Shopping
Standing Order To L Jones,Transfers
STEAMGAMES.COM 52,Entertainment
Uber *Trip Help.Uber.Com,Transport
Dropbox*Ib,Subscriptions
FASTER PAY,Transfers
SANTANDER MORTGAGE,Rent/Mortgage
Sainsburys S/Mkts London,Groceries
ALDI STORES 6925 REF59071,Groceries
EMPLOYER BACS ACME LTD,Salary/Income
GREGGS PLC,Dining
Hmrc Tax Credit Ref93286,Salary/Income
amzn mktp uk ref52617,Shopping
MORRISONS BIRMINGHAX 3307,Groceries
fp to m kha,Transfers
PROPERTY MGMT LXD RENT,Rent/Mortgage
Faster Payments Out M Khan Ref58746,Transfers
Nytimes Dig Ref55902,Subscriptions
NATNORTH MORTGAGE 325,Rent/Mortgage
WAITROSE MANCHE,Groceries
MCDONALD* LONDON,Dining
Ocado  Ltd  Ref  2153,Groceries
FASTER PAYMENTS,Transfers
TESCO STORES 1,Groceries
Ocado Ltd Ref 7620 Ref52164,Groceries
DOMINOS PIZZA EDINBURGH REF31800,Dining
Microsoft*Xbox,Subscriptions
APPLE.COM/BILL REF60981,Shopping
APPLE.COM/BILL ICLO,Subscriptions
BP GLASGOW FUEL,Transport
JUST EAT GLASGOW,Dining
OCTOPUS ENERGY LTD,Utilities
COUNCIL TAX GLASGOW,Utilities
SPOTIFY P7020,Subscriptions
PROPERTY  MGMT  LTD  RENT,Rent/Mortgage
SHELL PETROL BRISTOL REF34240,Transport
OCTOPUS ENERGY LTD REF24789,Utilities
PLAYSTATION NETWORK,Entertainment
LIDL GB LIVERPOOL,Groceries
COSTA COFFEE 7789,Dining
Amazon Prime 1456,Subscriptions
WAGAMAMA BIRMINGHAM,Dining
Trainline.Com Ticket,Transport
WAGAMAMA BIRMINGHAM,Dining
PAYROLL BLUE,Salary/Income
Rightmove Rent Ref 1880 Ref7124,Rent/Mortgage
ticketmaste ref53950,Entertainment
just eat manchester,Dining
NEXT RETAIL L,Shopping
Apple.Com/Bill,Shopping
UBER *TRIP HELP.UBER.COM,Transport
MICROSOFT*XBOX,Subscriptions
aldi stores 118 ref16192,Groceries
British Gas En,Utilities
Trainline.Co Ref88131,Transport
DOMINOS PIZZA LIVERPOOL REF98194,Dining
TRAINLINE.COM TICKET,Transport
AMAZON.CO.UK *2300 REF29628,Shopping
Shell  Petrol  Glasgow,Transport
john lewis leeds,Shopping
DROPBOX*IB,Subscriptions
*ightmove,Rent/Mortgage
CIN*WORLD GLASGOW,Entertainment
IKEA LTD LOND,Shopping
SCOTTISH P,Utilities
APPLE.COM/BILL  ICLOUD  REF95606,Subscriptions
TRANSFER TO J SMITH,Transfers
COSTA COFFEE 8542,Dining
BRITISH GAS ENERGY,Utilities
Rent Payment R Singh Ref98729,Rent/Mortgage
EE  LIMITED  MOBIL,Utilities
Amzn  Mktp  Uk,Shopping
MCDONALDS MANCHESTER,Dining
IKEA LTD BRISTOL,Shopping
pret a manger bristol,Dining
APPLE.CO*/BILL ICL,Subscriptions
NYTIMES DIGITAL REF62455,Subscriptions
JOHN  LEWIS  LONDON,Shopping
Ocado Ltd Ref 454,Groceries
Marks&Spenc Ref72842,Groceries
Odeon  Cinemas  6686  Ref3*305,Entertainment
steamgames.com 5340,Entertainment
NATNORTH MORTGAGE 6583 REF29829,Rent/Mortgage
APPLE.COM/BILL,Shopping
VODAFONE LT,Utilities
virgin media o2 ref90743,Utilities
TRAINLINE.COM TICKET,Transport
P2P PAYMENT R SINGH,Transfers
HALIFAX  MO,Rent/Mortgage
BP LIVERPOOL FUEL,Transport
ADOBE SYSTEMS,Subscriptions
Ocado Ltd Ref 6143,Groceries
JUST EAT BRISTOL,Dining
FP TO R SINGH REF 4819,Transfers
PENSION PAYMENT ACME LTD,Salary/Income
Amazon.Co.Uk *3978,Shopping
TICKETMASTER UK,Entertainment
BP LEEDS FUE REF34849,Transport
Ocado Ltd Ref 2515 Ref44276,Groceries
Property Mgmt Ltd Rent Ref67112,Rent/Mortgage
DOMINOS PIZZA BIRMINGHAM REF52005,Dining
MARKS&SPENCER FOOD LONDON REF53733,Groceries
Faster Payment From Bluewave Ltd Salary Ref88915,Salary/Income
STARBUCKS  REF75877,Dining
Amzn Mktp Uk Ref40669,Shopping
Cineworld Glasgow,Entertainment
EVENTBRITE *EVENT,Entertainment
STAGECOACH  BUS  7241,Transport
revolut transfer,Transfers
WAITROSE LEEDS REF98976,Groceries
PARKINGEYE LTD LONDO,Transport
Currys#Pc World,Shopping
DVLA TAX 9990,Transport
TESCO STORES 7691 BIRMINGHAM REF59305,Groceries
Apple.Com/Bill,Shopping
Council Tax Edinburgh,Utilities
UBER *EATS H,Dining
National  Express  Edinburgh,Transport
landlord rent glasg,Rent/Mortgage
aldi stores 8492,Groceries
Tfl Travel Charge 1660 Ref36653,Transport
COSTA COFFEE 6453,Dining
Employer Bacs Northstar Plc,Salary/Income
Uber *Eats Help.Uber.Com Ref72733,Dining
DROPBOX*IB,Subscriptions
Spotify P721,Subscriptions
THE  GUARDIAN  DIGIT  REF35341,Subscriptions
Eventbrite *Event,Entertainment
TRAINLINE.COM TICKET,Transport
TFL TRAVEL CHARGE 5379,Transport
Parkingeye Ltd Leeds,Transport
Github Inc,Subscriptions
BAN* TRANSFER J SMITH,Transfers
Currys Pc Wor,Shopping
PRET A MANGER LONDON,Dining
ALDI# STORE,Groceries
ASDA SUPERSTOR,Groceries
dwp universal credit r#f53204,Salary/Income
Nytimes Digital,Subscriptions
APPL*.COM/BILL,Shopping
STANDING ORDER TO S BROWN,Transfers
JOHN LEWIS EDINBURGH,Shopping
Standing  Order  To  J  Smith,Transfers
CURRYS PC WORLD,Shopping
Parkingeye Ltd London Ref64154,Transport
HALIFAX MORTGAGE PYMT,Rent/Mortgage
P2P Payment C T Ref80957,Transfers
Eventbrite,Entertainment
lidl gb man*hester,Groceries
DOMINOS  PIZZA  EDIN,Dining
EDF ENERGY,Utilities
AMZN  MKTP  UK,Shopping
Employer  Bacs  He,Salary/Income
Payroll Bluewave Ltd,Salary/Income
VODAFONE LTD,Utilities
FIRST BUS BIRMINGHAM,Transport
ADOBE SYSTEMS,Subscriptions
AMZN MKTP UK,Shopping
Faster Payments O,Transfers
STEAMGAMES.COM  2892  REF14377,Entertainment
Bank Transfer C Taylor,Transfers
PLAYSTATION  NETWORK,Entertainment
Trainline.Com Ticket Ref83798,Transport
Waitrose Birmingham,Groceries
P2P PAYMENT R SINGH REF63604,Transfers
Apple.Com/B,Subscriptions
BRITIS* GAS ENERGY,Utilities
TICKETMASTER  UK,Entertainment
argos ltd mancheste,Shopping
the*guardian digital,Subscriptions
MCDONALDS MANCHESTER,Dining
NEXT RETAIL LTD,Shopping
AMAZON PRI#E 745 REF13551,Subscriptions
Ebay O *1793,Shopping
PLAYSTATION NETW REF61198,Entertainment
NYTIM*S DI,Subscriptions
Nytimes Digital,Subscriptions
MICROSOFT*XBOX,Subscriptions
STANDING ORDER TO C TA REF48914,Transfers
PARKINGEYE LTD GLASGOW,Transport
LANDLORD RENT LEEDS,Rent/Mortgage
NYTIMES DI REF13390,Subscriptions
MICROSOFT*,Subscriptions
PENSION PAYMENT ACME LTD,Salary/Income
CURRYS PC WORLD,Shopping
APPLE.COM/BILL ICLOUD,Subscriptions
BRITISH GAS ENERGY,Utilities
MARKS&SPENCER FOOD BIRMINGHAM,Groceries
DELIVEROO.,Dining
ee limited,Utilities
Revolut Transfer 1487,Transfers
Dropbox*Ib,Subscriptions
TfX  Travel  Charge  3125,Transport
Payroll Northstar PXc,Salary/Income
ASDA SUPERSTORE 9751,Groceries
EBAY O *837,Shopping
Wagamama Man Ref13982,Dining
Nytimes  Di  Ref24849,Subscriptions
Argos Ltd Bristol,Shopping
edf energy ref3065,Utilities
ARGOS LTD BRIS,Shopping
CINEWORLD LONDON REF89057,Entertainment
PARKINGEYE LTD EDINBURGH,Transport
ZARA.COM UK REF87724,Shopping
dvla tax 1136,Transport
EMPLOYER BACS BLUEWAVE LTD,Salary/Income
Faster Payments Out C Taylor,Transfers
First  Bus  M,Transport
vodafone ltd,Utilities
PRIMARK LEEDS,Shopping
faster payment from northstar plc salary,Salary/Income
NANDOS LIVERPOOL,Dining
P2P PAYMENT A PATEL REF51865,Transfers
CURRYS PC W,Shopping
Bt Group Plc,Utilities
DWP XNIVERSAL CR,Salary/Income
WAGAMAMA LEEDS,Dining
Sainsburys S/Mkts Edinburgh,Groceries
CURRYS  PC  WORLD  REF38827,Shopping
STEAMGAMES. REF74325,Entertainment
BP GLASG*W FUEL,Transport
MORRISONS MANCHESTER 9815,Groceries
NETFLIX.COM REF21198,Subscriptions
F* TO S BROWN REF,Transfers
EBAY O *8419 REF27081,Shopping
COUNCIL TAX LIVERPOOL,Utilities
APPLE.COM/BILL,Shopping
Tesco *tores 1533 Glasgow,Groceries
AMAZON PRIME 6906,Subscriptions
SCOTTISH POWER,Utilities
Revolut Transfer 9693,Transfers
SAINSBURYS S/MKTS BIRMINGHA,Groceries
Bank Transfer S Brown Ref27233,Transfers
ASDA  SUPERSTORE  6552,Groceries
NANDOS LEEDS,Dining
UBER *EATS HELP.UBER.COM,Dining
EBAY O *1355,Shopping
SAINSBURYS S/MKTS GLASGOW REF11107,Groceries
ALDI STORES 475 REF66493,Groceries
Just Eat Leeds,Dining
UBER *EATS,Dining
Disney Plu Ref53387,Subscriptions
Faster Payments Out A Patel,Transfers
WAITROSE LIVERPOOL,Groceries
NATIONAL EXPRESS LIVERPOOL,Transport
P2P PAYMENT J SM,Transfers
SALARY PIVOT IO BAC,Salary/Income
GitXub Inc,Subscriptions
LIDL GB GLASGO REF25353,Groceries
OCTOPUS ENERGY LTD,Utilities
STEAMGAMES.COM 5265,Entertainment
ALDI STORES 50,Groceries
NANDOS MANCHESTER RE#35175,Dining
FASTER PAYMENTS OUT A PATEL REF32815,Transfers
AMAZON  PRIME  2962,Subscriptions
payroll  helios  corp,Salary/Income
Wagamama Bristol Ref87803,Dining
SPOTIFY P7549,Subscriptions
Amazon  Pri,Subscriptions
STANDING ORDER TO M KHAN,Transfers
ASDA  SUPERSTORE  1264  REF2840,Groceries
bp edinburgh fuel,Transport
BT GROUP PLC,Utilities
PENSION PAYMENT PIVOT IO,Salary/Income
Homelet Rent Guarantee Ref94278,Rent/Mortgage
Transfer To R Singh Ref13239,Transfers
PURE GYM EDINBURGH REF94322,Entertainment
DWP UNIVERSAL CREDIT,Salary/Income
NETFLIX.COM REF8812,Subscriptions
Tesco Stores 8436 Liverpool,Groceries
PRET A MANGER GLASGOW,Dining
THE GYM GR*U REF92153,Entertainment
THE GYM GROUP 3769,Entertainment
TRANSFER TO S BROWN,Transfers
FASTER  PAYMEN,Salary/Income
P2P PAYMENT R SINGH REF34427,Transfers
MCDONALDS L,Dining
BRITISH GAS EN REF31688,Utilities
Marks&Spencer Food Liverpool Ref31897,Groceries
RENT PAYMENT C TAYLOR,Rent/Mortgage
APPLE.COM/BILL,Shopping
PARKINGEYE LTD LONDON REF10972,Transport
STARBUCKS BIRMINGHAM,Dining
STEAMGAMES.COM 4998 REF57528,Entertainment
NEXT RETAIL LTD REF67563,Shopping
AMAZON PRIME 1767,Subscriptions
HMRC TAX CREDIT,Salary/Income
PLAYSTATION NETWORK,Entertainment
THE GUARDIAN DIGI REF58469,Subscriptions
CURRYS PC WORLD,Shopping
costa coffee 28 ref67615,Dining
Bolt.Eu/Tri# 2346,Transport
NATIONAL EXPRESS BRISTOL,Transport
FASTER PAYMENTS OUT M KHA REF66999,Transfers
The Gym Group 6554,Entertainment
MARKS&SPENCER FOOD BRISTOL REF73173,Groceries
SALARY HELIOS CORP B#CS,Salary/Income
BANK TRANSFER M KHAN,Transfers
STAGECOACH BUS 6986,Transport
WAITROSE EDINBURGH,Groceries
PENSION PAYMENT HELIOS CORP,Salary/Income
DELIVEROO.CO.UK 3811,Dining
STEAMGAMES.COM 7421,Entertainment
STAGECOACH B,Transport
LIDL GB BRISTOL,Groceries
MORRISONS LONDON 8182,Groceries
STAGECOACH BUS 8967,Transport
RIGHTMOVE RENT R REF78716,Rent/Mortgage
SALARY HELIOS C,Salary/Income
The  Guardian  Ref35571,Subscriptions
TRANSFER TO R SINGH,Transfers
Salary Helios Corp Bacs Ref85872,Salary/Income
JUST EAT LEEDS,Dining
Uber  *Eats  Help.Uber.Com,Dining
Apple.Com/Bill,Shopping
GITHUB INC,Subscriptions
RIGHTMOVE RENT REF 3355,Rent/Mortgage
BANK TRANSFER R SINGH,Transfers
ADOBE SYSXEMS,Subscriptions
REVOLUT TRANSFER 2053 REF32798,Transfers
DELIVEROO.CO.UK 7259,Dining
GITHUB INC,Subscriptions
MORRISONS MANCHESTER 1281,Groceries
APPLE.COM/BILL ICLOUD,Subscriptions
ZARA.COM UK,Shopping
ODEON CINEMAS 1928,Entertainment
SAINSBURYS S/MKTS LEEDS,Groceries
adobe systems,Subscriptions
XOSTA COFFEE 101,Dining
TRANSFER TO M KHAN,Transfers
Amzn Mktp Uk Xef75151,Shopping
ASDA SUPERSTORE 3849,Groceries
virgin media o2,Utilities
DROPBOX*IB REF47070,Subscriptions
Currys Pc World,Shopping
cineworld glasgow,Entertainment
WAGAMAMA EDINBURGH,Dining
ee limited mobile,Utilities
Bank Transfer M Ref18288,Transfers
P2P Payment C Taylor,Transfers
THE  GU*RDIAN  DIGITAL,Subscriptions
AMAZON PRIME 46 REF33590,Subscriptions
BOLT.EU/TRIP 8307,Transport
PLAYSTATION NETWO,Entertainment
Faster Pa#ments Out M Khan,Transfers
STANDING ORDER TO A PATEL REF82700,Transfers
co-op food birmingham,Groceries
FP TO M KHAN REF 5318,Transfers
Lidl Gb Liverpool,Groceries
PURE GYM GLAS,Entertainment
REVOLUT TRANSFER 8517,Transfers
BP GLASGOW FUEL,Transport
LANDLORD RENT LIVERPOOL,Rent/Mortgage
VIRGIN MEDIA O2,Utilities
ALDI STORES 258,Groceries
WAGAMAMA EDINBURGH REF1016,Dining
SHELL PXTROL LIVERPOOL,Transport
Next Retail Ltd,Shopping
NETFLIX.COM,Subscriptions
Trainline.Com Ticket,Transport
SALARY NORTHSTAR PLC BACS,Salary/Income
Deliveroo.Co.Uk 2,Dining
primark gl ref19928,Shopping
BT GROUP PLC,Utilities
Eventbrite *Event Ref87318,Entertainment
TEXCO STORES 6768 BRISTOL,Groceries
dvla tax 4,Transport
HALIFAX MORTGAGE PYMT,Rent/Mortgage
Rent Payment A Patel,Rent/Mortgage
PAYROLL NORTHSTAR PLC REF99495,Salary/Income
OCTOPUS ENERGY LTD,Utilities
Aldi Stores 6561 Ref61539,Groceries
aldi stores 2700,Groceries
JUST EA# GLASGOW REF64001,Dining
NEXT RETAIL LTD REF45920,Shopping
dwp universal,Salary/Income
Co-Op Food Birmingham Ref31464,Groceries
EBAY O *419 REF30591,Shopping
A#DA SUPERSTORE 4906,Groceries
Payroll Bluewave Ltd Ref59453,Salary/Income
WAITROSE BRISTOL,Groceries
Uber *Eats Help.Uber.Com,Dining
APPLE.COM/BILL,Shopping
TICKETMASTER UK,Entertainment
TICKETMASTER  REF7969,Entertainment
NATIONAL EXPRESS MANCHESTER,Transport
Standing Order To,Transfers
Ikea Ltd London,Shopping
ODEON  CINEMAS  2555,Entertainment
P2P Payment R Singh Ref98498,Transfers
BT GROUP PLC REF91042,Utilities
Steamgames.Com 3855,Entertainment
SAINSBURYS S/MKTS BIRMINGHAM,Groceries
NATNORTH MORTGAG,Rent/Mortgage
Revolut Transfer 4919,Transfers
Fp To A Patel Ref 1226,Transfers
netflix.com,Subscriptions
UBER *XRIP HE REF44832,Transport
MCDONALDS MANCHE,Dining
ikea ltd edinburgh,Shopping
BANK TRANSFER L JONES,Transfers
NETFLIX.COM,Subscriptions
sainsburys s/mkts birmingham,Groceries
N#TNORTH MORTGAGE 142,Rent/Mortgage
UBER *EA#S,Dining
John Lewis Bristol Ref44945,Shopping
John  Lewis  Glasgow,Shopping
WAGAMAMA LIVERPOOL,Dining
ZARA.COM UK,Shopping
PENSION PAYMENT ACME LTD,Salary/Income
First  Bus  Bristol,Transport
Co-Op #Food,Groceries
VODAFONE L,Utilities
COSTA COFFEE 3712,Dining
THE GYM GROUP 858,Entertainment
Ikea Ltd Bristol,Shopping
SANTANDER MORTGAGE,Rent/Mortgage
ZARA.COM UK,Shopping
UBER *EATS,Dining
The Guardian Digital Ref94528,Subscriptions
REVOLUT TRANSFER 8053,Transfers
TICKETMASTER UK,Entertainment
EMPLOYER  BACS  PIVOT  IO,Salary/Income
AMAZON PRIME 4155,Subscriptions
amazon.co.uk *789,Shopping
Revolut Tran,Transfers
HALIFAX  MORTGAGE  PYMT,Rent/Mortgage
homelet rent guarantee ref50603,Rent/Mortgage
TRAINLINE.COM TICKET REF73812,Transport
ARGOS LTD BIRMINGHAM REF13437,Shopping
IKEA LTD MANCHESTER REF91486,Shopping
TICKETMASTER UK,Entertainment
PRIMARK EDINBURGH REF7168,Shopping
FP  TO  C  TAYLOR  REF  9750,Transfers
FP TO C TAYLOR REF 4,Transfers
CURRYS PC WORLD,Shopping
standing order to j smith,Transfers
PENSION PAYMENT PIVOT IO REF44886,Salary/Income
ASDA SUPERSTORE 5523,Groceries
Just Eat L,Dining
Ee Limited Mobile,Utilities
national express bristol,Transport
THAMES WATER 4070,Utilities
LIDL GB GLASGOW,Groceries
ASDA SUPERSTORE 2450 REF53128,Groceries
Dvla Tax 4319,Transport
LANDLORD RENT LEEDS,Rent/Mortgage
PAYROLL BLUEWAVE LTD REF11531,Salary/Income
lidl gb edin ref58069,Groceries
NEXT RETAIL LTD,Shopping
Ticketmaster Uk,Entertainment
BANK TRANSFER L JONES,Transfers
VODAFONE LTD,Utilities
#REGGS PLC 3937 REF28812,Dining
TFL TRAVEL CHARGE 1,Transport
ALDI STORES 3997,Groceries
Odeon Cinemas 257,Entertainment
LANDLXRD RENT BIRMINGHAM,Rent/Mortgage
DISNEY PLUS,Subscriptions
BP MANCHESTER F,Transport
ZARA.COM UK,Shopping
THAMES WATER 2245,Utilities
Netflix.Com,Subscriptions
TESCO STORES 3718 GLASG,Groceries
TESCO STORES 9475 GLASGOW,Groceries
NATIONAL EXPRESS LIVERPOOL,Transport
UBER *EATS HEL,Dining
SCOTTISH POWER,Utilities
Sainsburys S/Mkts L#verpool Ref93969,Groceries
EDF ENERGY,Utilities
UBER *TRIP HELP.UBER.COM REF67337,Transport
PRIMARK BRISTOL REF35702,Shopping
ASDA SUPERSTORE 5552,Groceries
GREGGS PLC 463,Dining
JOHN LEWIS BIRMINGHAM REF20577,Shopping
PRIMARK LIVERPOOL,Shopping
Primark Liverpool,Shopping
Asda Superstore,Groceries
trainline.Xom ref74923,Transport
DISNEY PLUS,Subscriptions
AMAZON PRIME 8046 REF80786,Subscriptions
Amazon Prime 6783,Subscriptions
APPLE.COM/BILL ICLOUD REF7929,Subscriptions
waitrose london,Groceries
NEXT  RETAIL  LTD,Shopping
THE GUARDIAN DIGITAL REF51710,Subscriptions
Edf Energy,Utilities
NATIONAL EXPRESS BIRMINGHAM,Transport
Thames Water 11,Utilities
ZARA.COM UK REF52172,Shopping
GREGGS PLC 6503,Dining
WAGAMAMA BIRMINGHAM REF46863,Dining
DWP UNIVERSAL CREDIT,Salary/Income
REVOLUT TRANSFER 7191,Transfers
Ikea Ltd Lee,Shopping
NEXT RETAIL LTD,Shopping
ADOBE SYSTEMS REF76723,Subscriptions
DROPBOX*IB,Subscriptions
TRAINLINE.COM TICKET,Transport
Asda Superstore 2744,Groceries
IKEA  LTD  LIVERPOOL,Shopping
HMRC TAX CREDIT,Salary/Income
Playstation Netwo,Entertainment
WAITROSE EDINBU,Groceries
ARGOS LTD BIRMINGHAM,Shopping
Microsoft*Xbox  Ref9144,Subscriptions
P2P PAYMENT C TAYLOR,Transfers
PARKINGEYE LTD MANCHESTER,Transport
DROPBOX*IB,Subscriptions
STANDING ORDER TO S BROWN REF67018,Transfers
WAITROSE LEEDS,Groceries
CINEWORLD LEEDS REF37407,Entertainment
IKEA LTD EDINBURGH,Shopping
OCTOPUS ENERGY LTD,Utilities
NATNORTH MORT,Rent/Mortgage
co-op food edinburgh,Groceries
TRAINLINE.COM TICKET REF26004,Transport
BANK TRANSF,Transfers
Costa Coffee,Dining
Aldi Stores 8804,Groceries
CURRYS PC WORLD,Shopping
Ebay O *9088,Shopping
Natnorth Mortgage 4325 Ref14861,Rent/Mortgage
GITHUB INC REF69726,Subscriptions
TFL TRAVEL CHARGE 4809 REF63051,Transport
Pension Payment Northstar Plc,Salary/Income
netflix.com,Subscriptions
Tesco Stores 3088 Birmingham,Groceries
Ocado Ltd Ref 9,Groceries
LANDLORD  RENT  BRISTOL,Rent/Mortgage
EBAY O *3414 REF54170,Shopping
Netflix.Com,Subscriptions
SCOTTISH  PO*ER  REF45318,Utilities
FASTER PAYMENTS OU,Transfers
Shell Petrol Leeds Ref2478,Transport
OCADO LTD REF 671,Groceries
BT GROUP PLC,Utilities
Disney Plus,Subscriptions
SPOTIFY P8372 REF10183,Subscriptions
OCADO LTD REF 7817,Groceries
IKEA LTD BIRMINGHAM,Shopping
LIDL  GB  EDINBURGH,Groceries
FP TO M KHAN REF 6442,Transfers
NEXT#RETAIL LTD REF34956,Shopping
Landlord Rent Liverpool,Rent/Mortgage
Just  Eat  London  Ref5607,Dining
TRANSFER TO J SMITH REF38117,Transfers
Cineworld Glasgow,Entertainment
Dvla Tax 1,Transport
Fp To M Khan Ref 1834,Transfers
PURE GYM BRISTOL,Entertainment
Landlord Rent Liverpool,Rent/Mortgage
TRANSFER TO M KHAN,Transfers
HALIFAX MORTGAGE PYMT,Rent/Mortgage
Amazon.Co.Uk *1115,Shopping
STANDING ORDER TO J SMITH,Transfers
CURRYS PC WORL,Shopping
CO-OP FOOD LIVERPOOL,Groceries
JOHN LEWIS,Shopping
Costa Coffee 22*5,Dining
faster payme ref75225,Transfers
EDF ENERGY,Utilities
LID* GB GLASGOW REF4787,Groceries
Dvla Tax 8297,Transport
Salary Acme Ltd Bacs,Salary/Income
JOHN LEWIS LIVERPOOL REF12957,Shopping
CO-OP FOOD EDINB,Groceries
NATIONAL EXPRESS EDINBURGH,Transport
RIGHTMOVE RENT REF 2185,Rent/Mortgage
RENT PAYMENT R SINGH REF64559,Rent/Mortgage
LIDL GB BRIS,Groceries
RENT PAYMENT J SMITH,Rent/Mortgage
Odeon Cinemas 1978 Ref7583,Entertainment
A*di Store Ref45210,Groceries
PAYROLL NORTHSTAR PLC,Salary/Income
Just Eat Edinburgh,Dining
Starbucks Liverpool Ref81197,Dining
MARKS&SPENCER FOOD LONDON,Groceries
Homelet Rent Gu,Rent/Mortgage
sainsburys s/mkt,Groceries
PURE GXM BRISTOL,Entertainment
HMRC TAX CREDIT,Salary/Income
MICROSOFT*XBOX,Subscriptions
Trainline.Com Ticket,Transport
EVENTBRITE  REF97666,Entertainment
waitrose g,Groceries
DVLA  TAX  8052,Transport
BP EDINBURG,Transport
Trainline.Com Ticket,Transport
SAINSBURYS S/MKTS BIRMINGHAM,Groceries
UBER *EATS HELP.UBER.C,Dining
Santander Mortgage,Rent/Mortgage
CO-OP FOOD EDINBURGH,Groceries
ZARA.COM UK,Shopping
BT GROUP PLC,Utilities
DISNEY PLUS REF38081,Subscriptions
FP TO C TAYLOR REF 4112 REF69828,Transfers
DWP UNIVERS*L CREDIT REF11850,Salary/Income
P2P PAYMENT C TA,Transfers
Primark Liverpool,Shopping
john lewis london,Shopping
Wagamama Glasgow Ref57338,Dining
EDF ENERGY REF18832,Utilities
THE GYM GROUP 51 REF76401,Entertainment
HALIFAX  MORTGA,Rent/Mortgage
NATIONAL EXPRESS LONDON,Transport
Amzn Mktp Uk,Shopping
MORRISONS,Groceries
amazon.co.uk *6506,Shopping
Bp Liverpool Fuel Ref20526,Transport
PAXROLL  PIVOT  IO,Salary/Income
ARGOS LTD BIRMINGHAM,Shopping
UBER *EATS HELP.UBER.COM,Dining
Uber  *Trip  Help.Uber.Com,Transport
DROPBOX*IB,Subscriptions
STEAMGAMES.COM 7006,Entertainment
nandos manchester,Dining
Parkingeye Ltd Manchester,Transport
nandos manchester,Dining
LIDL GB EDINBURGH,Groceries
ODEON CINEMAS 5741,Entertainment
IKEA LTD GLASGOW,Shopping
DWP  UNIVERSAL  CREDIT  REF99401,Salary/Income
STANDING ORDER TO S BROWN,Transfers
Currys Pc World Ref70353,Shopping
first bus glasgow ref54X82,Transport
JOHN LEWIS LEEDS,Shopping
PRIMARK LIVERPOOL,Shopping
Currys Pc World,Shopping
Vodafone Ltd,Utilities
AMAZON PRIME 26,Subscriptions
Microsoft*Xbo,Subscriptions
bank transfe,Transfers
AMZN  MKTP  UK,Shopping
Greggs Plc 9916,Dining
EE LIMITED MOBILE,Utilities
WAGAMAMA LEEDS,Dining
Virgin Media O2,Utilities
Next Retail Ltd Ref95375,Shopping
MORRISONS  LEEDS  9685,Groceries
P2P PAYMENT C TAYLOR,Transfers
TRAINLINE.COM TICKET,Transport
MORRISONS LEEDS 2508,Groceries
LANDLORD RENT BIRMINGHAM,Rent/Mortgage
LIDL GB LEEDS,Groceries
SANTAXDER MORTGAGE REF17349,Rent/Mortgage
HMRC TAX CREDIT,Salary/Income
Pension Payment Pivot Io Ref63130,Salary/Income
BP EDINBURGH FUEL REF20179,Transport
#OLT.EU/TRIP 5528,Transport
EBAY  O  *95,Shopping
P2P PAYMEN XEF91596,Transfers
XPOTIFY P5278,Subscriptions
Uber *Eats Help.Uber.C,Dining
Pl*ystation Network Ref92604,Entertainment
JUST EAT MANCHESTER REF74146,Dining
DISNEY PLUS,Subscriptions
GREGGS PLC,Dining
faster payment from acme ltd salary,Salary/Income
CINEWORLD  REF97812,Entertainment
fp to l jones ref 9100 ref71278,Transfers
COUNCIL TAX GLA REF77089,Utilities
FP TO C TAYLOR REF 9653,Transfers
shell petrol liverpool,Transport
REVOLUT  TRANSFE  REF3290,Transfers
Transfer To,Transfers
CURRYS PC WORLD REF61679,Shopping
BRITISH GAS ENERGY,Utilities
ADOBE SYSTEXS,Subscriptions
Trainline.Com Ticket,Transport
REVOLUT TRANSFER 5130,Transfers
AMZN MKTP UK,Shopping
Pension  Payment  Bluewave  Ltd  Ref49619,Salary/Income
asda superstore 2495,Groceries
NATIONAL EXPRESS LEEDS,Transport
BRITISH GAS ENERGY REF58624,Utilities
Mcdonalds Birmingham,Dining
FP TO C TAYLOR REF 1898,Transfers
BOLT.EU/TRIP 1972,Transport
AMZN MKTP UK REF65691,Shopping
THE GUARDIAN DIGITAL,Subscriptions
Co-Op Food GlXs,Groceries
HMRC TAX CREDIT,Salary/Income
WAITROSE EDINBURGH REF94070,Groceries
Nytimes Digital,Subscriptions
COSTA COFFEE 6900,Dining
argos ltd  ref27205,Shopping
Ticketmaster Uk Ref86876,Entertainment
Property Mgmt Ltd Rent Ref42444,Rent/Mortgage
EMPLOYER BACS PIV REF92445,Salary/Income
P2P PAYMENT J SMITH,Transfers
SAINSBURYS S/MKTS LEEDS,Groceries
DISNEY PLUS,Subscriptions
Trainline.Com Ticket,Transport
FP TO J SMITH REF 2787,Transfers
IKEA LTD BRISTOL,Shopping
SAINSBURYS S/MKTS BRISTOL,Groceries
pure gym london ref72952,Entertainment
OCADO LTD REF 4411,Groceries
WAITROSE  MANCHESTER,Groceries
Amzn MkXp Uk,Shopping
Transfer To L Jones,Transfers
APPLE.COM/BILL ICLOUD,Subscriptions
SPOTIFY P2024 REF37656,Subscriptions
costa coffee 8780,Dining
ODEON  CINEMAS  4976,Entertainment
Bp Bristol,Transport
SANTANDER MORTGAGE,Rent/Mortgage
APPLE.COM/BILL ICLOUD,Subscriptions
RIGHTMOVE  REF20465,Rent/Mortgage
P2P Payment L Jones,Transfers
APPLE.COM/BILL,Shopping
MICROSOFT* REF26290,Subscriptions
REVOLUT TRANSFER 5507,Transfers
Adobe Systems Ref7664,Subscriptions
Primark Glasgow,Shopping
FASTER PAYMENTS OUT M KHAN,Transfers
STEAMGAMES.COM 6869 REF78667,Entertainment
BT GROUP PLC REF96493,Utilities
Faster Payment From Acm# Ltd Salary,Salary/Income
Dwp UnivXrsa,Salary/Income
EVENTBRITE *E,Entertainment
AMAZON.CO*UK *3673 REF40859,Shopping
REVOLUT TRANSFER 37,Transfers
Dominos  Pizza  Bristol  Ref56367,Dining
Ikea Ltd Leed Ref10051,Shopping
marks&spencer food leeds,Groceries
THE GUARDIAN DIGITAL REF23000,Subscriptions
MARKS&SPENCER FOOD MANCHEST,Groceries
OCADO LTD REF 7055,Groceries
MCDONALDS,Dining
LIDL GB EDINBURGH,Groceries
eventbrite *ev,Entertainment
STAGECOACH BUS 1,Transport
TFL TRAVEL CHARGE 3836 REF99814,Transport
Tfl Travel Charg Ref65335,Transport
SHELL PETROL #ONDON,Transport
ODEON CINEMAS 7029,Entertainment
GITHUB INC,Subscriptions
FP TO C TAYLOR REF 9291,Transfers
AMAZON.CO.UK *7918,Shopping
BANK  TRANSFER  J  SMITH,Transfers
MORRISONS EDINBURGH 9343,Groceries
fp to a patel re,Transfers
Parkingeye Ltd Edinburgh,Transport
Amzn Mktp U,Shopping
DOMINOS PIZZA BRISTOL,Dining
PENSION PAYMENT NORT,Salary/Income
Apple.Com/Bill Icloud,Subscriptions
UBER *TRIP HELP.UBER.COM,Transport
MORRISONS MANCHEST*R 1690,Groceries
FP  TO  M  KHAN  REF  3355,Transfers
DOMINOS PIZZA EDINBURGH,Dining
NYTIMES DIGITAL REF29456,Subscriptions
PURE GYM MANCHESTER,Entertainment
Shell Petrol Birmingham,Transport
PRIMARK MAN,Shopping
eventbrite,Entertainment
CURRYS PC WORLD,Shopping
CINEWORLD BIRMINGHAM REF27988,Entertainment
STANDING ORDER TO M KHAN,Transfers
VIRGIN MEDIA REF95454,Utilities
hmrc tax credit,Salary/Income
Transfer  To  C  Tay#or  Ref96981,Transfers
Payroll Bluewave Lt Ref19720,Salary/Income
STANDING ORDER TO L JONES REF33645,Transfers
HOMELET RENT GUARANTEE,Rent/Mortgage
HOMELET RENT GUARANTEE,Rent/Mortgage
IKEA LTD EDINBURGH,Shopping
EBAY O *7046,Shopping
nytimes digi,Subscriptions
OCADO LTD RE# 2142,Groceries
IKEA LTD GLASGOW,Shopping
Amazon.Co.Uk *3228,Shopping
Parkingeye  Ref96544,Transport
BT  GROUP  PL,Utilities
Uber *Trip Help.Uber.Com Ref36702,Transport
AMAZON.CO.UK *1553,Shopping
Microsoft*Xbox,Subscriptions
NEXT RETAIL LTD,Shopping
Pure Gym Glasg,Entertainment
BP BRISTOL FUEL,Transport
Homelet Rent Guarantee,Rent/Mortgage
JUST EAT GLASGOW,Dining
pure gym birmingham,Entertainment
Bolt.Eu/Trip 9918,Transport
FASTER PAYMENTS OUT A PATEL,Transfers
STARBUCKS MANCHESTER REF40035,Dining
COSTA  COFFEE  3782,Dining
STARBUCKS LIVERPOOL,Dining
Scottish P,Utilities
MCDONALDS MANCHESTER REF64816,Dining
EE LIMITED MOBILE,Utilities
THAMES WATER 3653,Utilities
FP  TO  R  SINGH  REF  8404  REF70509,Transfers
Ebay O *34,Shopping
Amazon.Co.Uk *30X9,Shopping
Bolt.Eu/Trip 2560,Transport
ZARA.COM UK,Shopping
TRANSFER TO J SMITH,Transfers
AMAZON.CO.UK *7205 REF51221,Shopping
P2P PAYMENT S BROWN REF17554,Transfers
AMAZON.CO.UK *1709 REF12255,Shopping
DELIVEROO.CO.UK 8462 REF64685,Dining
UBER *EATS HELP.UBER.COM,Dining
AMAZON.CO.UK *8001 REF47314,Shopping
IKEA LTD BRISTOL,Shopping
PRIMARK EDINB,Shopping
STANDING ORDER TO C TAYLOR REF4418,Transfers
RENT PAYMENT M KHAN,Rent/Mortgage
Dropbox*Ib,Subscriptions
UBER *EATS HELP.UBER.COM,Dining
P2P Payment J Smith,Transfers
CINEWORLD BRISTOL,Entertainment
pension payment helios corp ref67147,Salary/Income
Apple.Com/Bill,Subscriptions
STAGECOACH BUS 6801,Transport
FP TO M KHAN REF,Transfers
APPXE.COM/BILL ICLOUD,Subscriptions
RENT PAYMENT C TAYL,Rent/Mortgage
NETFLIX.COM,Subscriptions
Standing  Order  To  L  Jones,Transfers
AMAZON.CO.UK *4446,Shopping
uber  *eats  help.ub,Dining
Bt Group Plc Ref97363,Utilities
CINEWORLD EDINBURGH,Entertainment
Asda Superstore 3683,Groceries
#ara.com  u,Shopping
MORRISONS BIRMINGHAM 894,Groceries
STARBUCKS LEEDS REF36309,Dining
UBER *TRIP HELP.UBER.COM,Transport
Amazon Prime 1990,Subscriptions
Wagamama Manchester Ref5040,Dining
DELIVEROO.CO#REF42410,Dining
apple.com/bill icloud,Subscriptions
JOHN LEWIS LIVER,Shopping
PARKINGEYE LTD LIVERPOOL,Transport
GITHUB INC REF9315,Subscriptions
RENT PAYMENT M KHAN,Rent/Mortgage
EE LIMITED MOBILE REF62122,Utilities
Fp To L Jones Ref 8396,Transfers
National Express Bristol,Transport
halifax mortgage pymt,Rent/Mortgage
BANK TRANSFER L JONES,Transfers
WAITROSE LIVERPOOL REF40797,Groceries
ASDA SUPERSTORE 449,Groceries
STARBUCKS LIVE REF82975,Dining
steamgames.com 75 ref26558,Entertainment
Co-Op Food Birmingham Ref2952,Groceries
Just Eat Bristol,Dining
National Express Leeds,Transport
DWP UNIVERSAL CREDIT,Salary/Income
BP LEEDS FUEL,Transport
PRIMARK MANCHESTER,Shopping
Rightmove Rent Ref 8556,Rent/Mortgage
Nandos Bristol,Dining
MARKS&SPENCER FOOD LONDON,Groceries
ALDI STORES 7580,Groceries
OCTOPUS ENERGY LT REF56047,Utilities
Vodafone Ltd,Utilities
Payroll Helios Corp,Salary/Income
Payroll Pivot Io Ref17932,Salary/Income
COSTA COFFEE 804,Dining
TICKETMASTER UK REF8219,Entertainment
COUNCIL TAX MAN,Utilities
P2P P#YMENT C TAYLOR REF96173,Transfers
BT GROUP PLC,Utilities
TRANSFER  TO  C  TAYLOR  REF82955,Transfers
SHELL PETR,Transport
BOLT.EU/TRIP,Transport
FP  TO  J  SMITH  REF  9836,Transfers
STANDING ORDER TO M KHAN,Transfers
Dropbox*Ib Ref30624,Subscriptions
TRAINLINE.COM TICKET,Transport
BOLT.EU/TRIP 9782 REF7693,Transport
DVLA TAX 672,Transport
CINEWORLD,Entertainment
Edf Energy,Utilities
fp to c taylor ref 295 ref18665,Transfers
GITHUB INC,Subscriptions
PLAYSTATION NETWORK,Entertainment
ALDI STORES 5690,Groceries
IKE* LTD LONDON,Shopping
PROPERTY MGMT LTD RENT,Rent/Mortgage
dvla tax 2042,Transport
PLAYSTATION NETWORK REF3538,Entertainment
Morrisons Edinburgh 60 Ref16790,Groceries
ebay o *72 ref92202,Shopping
Amazon  Prime  8855,Subscriptions
HOMELET RENT GUARANTEE,Rent/Mortgage
STAGECOACH B REF5459,Transport
RIGHTMOVE RENT REF 5157,Rent/Mortgage
wagamama  london  ref56562,Dining
Dvla Tax X863,Transport
STANDING ORDER TO R SIN,Transfers
John Lewis,Shopping
NATIONAL E,Transport
Scottish  Power,Utilities
ADOBE SYST,Subscriptions
STANDING ORDER REF49548,Transfers
DROPBOX*IB,Subscriptions
uber *eats help.uber.com,Dining
Ee Limited Mobile,Utilities
currys pc world,Shopping
PARKINGEYE LTD EDINBURGH REF96022,Transport
EE LIMITED MOBILE,Utilities
Nytimes  Digital,Subscriptions
Mcdonalds Bristol,Dining
Tesco  *tores  3733  Bristol  Ref80358,Groceries
ALDI STORES,Groceries
EVENTBRXTE *EVENT,Entertainment
IKEA LTD EDINBURGH,Shopping
COUNCIL TAX LONDON REF90179,Utilities
Just Eat Edinburgh Ref34190,Dining
STANDING ORDER TO R SINGH,Transfers
WAGAMAMA GLASGO,Dining
Zara.Com  Uk,Shopping
MORRISONS  BIRMING  REF32258,Groceries
Property M,Rent/Mortgage
THE GYM GROUP 9203 REF19504,Entertainment
british gas energy ref6047,Utilities
HOMELET RENT GUARANTEE,Rent/Mortgage
Waitrose Manchester,Groceries
AMZN MKTP UK,Shopping
BRITISH GAS ENERGY,Utilities
morrisons bristol 3361,Groceries
Just Eat Manchester,Dining
NATIONAL EXPRESS LEEDS,Transport
Rent Payment S Brown,Rent/Mortgage
DWP UNIVERSAL CREDI,Salary/Income
SCOTTISH POWER,Utilities
netflix.com,Subscriptions
Landlord Rent Man,Rent/Mortgage
CURRYS PC WOR,Shopping
MARKS&SPENCER FOOD BRISTOL,Groceries
BT GROUP PLC,Utilities
SHELL PETROL LONDON,Transport
Disney Plus,Subscriptions
VODAFONE LTD REF51728,Utilities
MICROSOFT*XBOX,Subscriptions
REVOLUT TRANSFER 9456,Transfers
EE  LIMITED  MOBILE,Utilities
TRANSFER TO M KHAN REF79506,Transfers
EVENTBRITE *EVENT REF7179,Entertainment
Pure Gym Edinb,Entertainment
AMAZON.CO.UK *4925,Shopping
ADOBE SYSTEMS,Subscriptions
WAGAMAMA LONDON,Dining
SALARY NORTHSTAR PLC BACS,Salary/Income
APPLE.COM/BILL ICLOUD,Subscriptions
BP BRISTOL,Transport
COSTA COFFEE 896,Dining
IKEA LTD BRISTOL,Shopping
UBER *TRIP HELP.UBER.COM,Transport
scottish power ref40241,Utilities
Lidl Gb Birmingham,Groceries
ARGOS LTD LEEDS REF17199,Shopping
BANK TRANSFER C TAYLOR,Transfers
Faster Payments Out L Jones,Transfers
REVOLUT TRANSFER 9641,Transfers
NETFLIX.COM REF42824,Subscriptions
DVLA TAX 4226 REF82422,Transport
DVLA TAX 105 REF64686,Transport
ikea  ltd  londo,Shopping
LIDL GB BIRMINGHAM REF96068,Groceries
Waitrose Manchester,Groceries
Dropbox*Ib,Subscriptions
NEXT  RETAIL  LTD,Shopping
CINEWORLD LEEDS,Entertainment
netflix.com,Subscriptions
Transfer  To  M  Khan,Transfers
waitrose edinburgh ref35838,Groceries
ALDI STORES 71 REF94546,Groceries
MARKS&SPENCER FOOD EDI REF23032,Groceries
TRANSFER TO S BROWN,Transfers
STANDING  ORDER  TO  C  TAYXOR,Transfers
Thames Water 9,Utilities
Asda Supers,Groceries
First Bus Bristol,Transport
PLAYSTATION NETWORK,Entertainment
UBER *TRIP HELP.UBER.COM,Transport
Fp To M Khan,Transfers
SAINSBURYS S/MKTS REF97810,Groceries
stagecoach bus 279,Transport
Bank Transfer S Brown Ref67822,Transfers
Next Retail Ltd Ref9146,Shopping
MORRISONS BRISTOL 9807,Groceries
faster payment from acme ltd salary ref87227,Salary/Income
EMPLOYER BACS BLUEWAVE LTD REF66741,Salary/Income
Aldi Stores 2190,Groceries
Disney Plus Ref28461,Subscriptions
EBAY O *2879,Shopping
bt group plc,Utilities
PLAYSTATION  REF42066,Entertainment
MICROSOFT*XBO,Subscriptions
ALDI STORES 6518,Groceries
parkingeye ltd manchester,Transport
Ikea Ltd Manch,Shopping
Nytimes Digital,Subscriptions
Faster Payments Out M Kha,Transfers
Microsoft*Xbox,Subscriptions
Microsoft*Xbox Ref53703,Subscriptions
AMAZON.CO.UK *15 REF81635,Shopping
SPOTIFY  P5417  REF28452,Subscriptions
APPLE.COM/BILL ICLOUD,Subscriptions
PRIMARK MANCHE REF75732,Shopping
the guardian digital,Subscriptions
Faster Payment,Transfers
FP TO C TAYLOR REF 5257,Transfers
EBAY O *7988,Shopping
FASTER PAYMENTS OUT S BROWN REF97502,Transfers
AMAZON.CO.UK *6930,Shopping
faster payments out,Transfers
ParkinXeye Ltd Liverpool Ref3918,Transport
OCADO LTD REF 7349,Groceries
NATIONAL EXPRESS BIRM,Transport
bp birmingham fuel ref19535,Transport
Property Mgmt,Rent/Mortgage
SANTANDER MORTGAGE,Rent/Mortgage
Dominos Pizza Leeds,Dining
NATIONAL EXPRESS EDINBURGH,Transport
Next Retail,Shopping
TFL TRAVEL CHARGE 1458,Transport
PRIMARK EDINBURGH,Shopping
halifax mortgage pymt,Rent/Mortgage
Faster Payment From Pivot Io Salary,Salary/Income
COSTA COFFEE 1229 REF27061,Dining
TRANSFER TO J SM,Transfers
LANDLORD RENT LIVERPOOL,Rent/Mortgage
DROPBOX*IB,Subscriptions
bp  london  fuel,Transport
AMZN MKTP U REF84205,Shopping
aldi stores 3733,Groceries
Transfer To # Taylor,Transfers
Uber *Trip HelpXUber.Com,Transport
bolt.eu/trip 1600,Transport
sainsburys s/mkts liverpool,Groceries
TRAINLINE.COM TICKET,Transport
EMPLOYER BACS BL,Salary/Income
Ee  Limited  Mobile,Utilities
BRITISH GAS ENERGY,Utilities
EE LIMITED MOBILE,Utilities
FASTER PAYMENT FROM BLUEWAVE LTD SALARY,Salary/Income
TESCO STORES 670 LIVERPOOL,Groceries
CURRYS PC WORLD,Shopping
NETFLIX.COM,Subscriptions
Waitrose Glasgow,Groceries
DWP#UNIVERSAL,Salary/Income
NATNORTH*MORTGAGE 286,Rent/Mortgage
steamgames.co ref49295,Entertainment
NANDOS BRIST,Dining
CURRYS PC WORLD,Shopping
Tesco  Stores  9  Ref68605,Groceries
MICROSOFT*XBOX,Subscriptions
FIRST  BUS  B,Transport
ODEON  CINEMAS  1110,Entertainment
British Gas Energy Ref59312,Utilities
JOHN LEWIS GLASGOW,Shopping
Apple.Com/Bill,Shopping
WAITROSE  LIV  REF56796,Groceries
CURRYS PC WORLD,Shopping
Faster Payment From Acme Ltd Salary,Salary/Income
John  Lewis  Birmingham,Shopping
EBAY O *9548,Shopping
Natnorth Mortgage 15,Rent/Mortgage
OCTOPUS E*ERGY REF12607,Utilities
JOHN LEWIS BRISTOL REF4077,Shopping
PENSION PAYMENT ACME LTD,Salary/Income
Parkingeye Ltd Liverpool,Transport
ADOBE SYSTEMS,Subscriptions
marks&spencer fo,Groceries
SHELL PETROL MANCHESTER,Transport
starbucks birmingham,Dining
tesco stores 3658,Groceries
ikea ltd ed,Shopping
Employer Bacs Pivot Io,Salary/Income
UBER *TRIP HELP.UBER.,Transport
Cineworld Birmingham,Entertainment
MARKS&SPENCER,Groceries
Rightmove Rent Ref 6883 Ref44898,Rent/Mortgage
UBER  *TRIP  HELP.UBER.COM,Transport
#fl Travel Charge 91,Transport
PLAYSTATION NETWORK,Entertainment
Sainsburys S/Mkts Bristol,Groceries
MARKS&SPENCER FOOD MANCHESTER,Groceries
PROPERTY MGMT LTD RENT REF83700,Rent/Mortgage
COUNCIL TAX LEEDS,Utilities
Morrisons Birmingham  Ref39328,Groceries
THE GUARDIAN DIGITAL,Subscriptions
Landlord Rent Birmingham,Rent/Mortgage
EBAY O *5103,Shopping
Eventbrite *,Entertainment
Dvla Tax 9209,Transport
Ocado Ltd Ref 5031,Groceries
PENSION PAYMENT HELIOS CORP,Salary/Income
Costa #offee 3284,Dining
Dvla Tax 684,Transport
ZARA.COM UK,Shopping
VIRGIN MEDIA O2,Utilities
apple.com/bill icloud,Subscriptions
SAINSBURYS  S/MKTS  LEEDS  REF38051,Groceries
Council Tax Birmingham,Utilities
TFL TRAVEL CHARGE 1214 REF96502,Transport
IKEA LTD GLASGOW REF51960,Shopping
PURE GYM BIRMINGHAM REF99562,Entertainment
PROPERTY  MGMT  LTD  RENT,Rent/Mortgage
STEAMGAMES.C,Entertainment
STANDING ORDER TO S BROWN REF92878,Transfers
Stagecoach  Bus  9740  Ref52363,Transport
Bolt.Eu/Trip 227 Ref13328,Transport
Next Retail Ltd Ref76173,Shopping
Github Inc,Subscriptions
TRANSFER TO C TAYLOR #EF76465,Transfers
FASTER PAYMENTS OUT R SINGH,Transfers
TRANSFER TO C,Transfers
Faster Payment From Pivot Io Salary,Salary/Income
MORRISONS BIRMINGHAM 2488 REF12866,Groceries
APPLE.COMXBI,Subscriptions
APPLE.COM/BILL,Shopping
Nytimes Digital,Subscriptions
PROPERTY  MGMT  LTD  REF60391,Rent/Mortgage
PRET  A  MANGER  EDINBURGH,Dining
uber *eats help.uber.com,Dining
SPOTIFY P2330,Subscriptions
AMAZON.CO.UK *3067XREF90308,Shopping
STEAMGAMES.COM 9399,Entertainment
JOHN  LEWIS  GLASGOW  REF25259,Shopping
Employer Bacs Acme Ltd,Salary/Income
Apple.Com/Bill,Shopping
Deliveroo.Co.Uk 6167,Dining
Co-Op Food Birmingham,Groceries
Stagecoach Bus Ref11410,Transport
asda superstore 7,Groceries
UBER *EATS HELP.UBER.COM,Dining
STARBUCKS MANCHESTER,Dining
WAITROSE BIRMINGHAM REF49412,Groceries
Wagamama Leeds Ref93806,Dining
GITHUB INC,Subscriptions
Playstation Network,Entertainment
THE  GUARDIAN  DIG,Subscriptions
eventbrite *event,Entertainment
next retail ltd ref60280,Shopping
EMPLOYER BACS ACME LTD,Salary/Income
TRANSFER TO S BROWN,Transfers
DOMINOS PIZZA EDINBURGH REF32584,Dining
CINEWORLD LIVERPOOL,Entertainment
JOHN LEWIS MANCHESTER,Shopping
aldi stores 1828,Groceries
PAYROLL ACME LTD,Salary/Income
TICKETMASTER UK,Entertainment
ASDA SUPERSTORE 7034,Groceries
APPLE.COM/BILL,Shopping
FIRST BUS BIRMINGHAM,Transport
Cineworld London,Entertainment
PROPERTY MGMT LTD RENT,Rent/Mortgage
AMAZON.CO.UK  REF22384,Shopping
STARBUCKS LEEDS,Dining
AMAZ*N.CO.UK *,Shopping
odeon cinemas 6560 ref48072,Entertainment
TRANSFER TO A PATEL,Transfers
CINEWORLD BIRMINGHAM,Entertainment
Co-Op Food Liverpool Ref98703,Groceries
next retail ltd,Shopping
WAITROSE GLASGOW REF80151,Groceries
ASDA  SUPERSTORE  4006  REF39753,Groceries
Homelet Rent Guarantee,Rent/Mortgage
Wagamama Edinburgh,Dining
LANDLORD RENT LONDON REF60726,Rent/Mortgage
STAGECOACH B REF48613,Transport
HMRC TAX CREDIT REF60275,Salary/Income
ARGOS LTD EDINBU,Shopping
Faster Payments O,Transfers
Playstation Network,Entertainment
employer  bacs  pivot  i,Salary/Income
LIDL GB BIRMINGHAM,Groceries
Next Retail Ltd,Shopping
FASTER PAYMENTS OUT L JONES,Transfers
APPLE.COM/BILL,Shopping
MORRISONS EDIN,Groceries
Santander Mortgage,Rent/Mortgage
REVOLUT TRANSFER 6348,Transfers
COUNCIL TAX LIVERPOOL REF63669,Utilities
BANK  TRANSFER  R  SINGH,Transfers
IKEA LTD EDINBURGH,Shopping
Revolut Tra*sf,Transfers
Aldi Stores 4056,Groceries
P2P Payment,Transfers
Pension Payment Bluewave Ltd,Salary/Income
XARKINGEYE LTD MANCHESTER,Transport
GITHUB INC RE#24505,Subscriptions
octopus energy ltd,Utilities
MARKS&SPENCER FOOD GLASGOW REF92332,Groceries
Nandos Leeds,Dining
adobe systems,Subscriptions
aldi stores 327,Groceries
Xsda Supersto,Groceries
Wagamama Birmingham,Dining
Marks&Spencer Food Edinburgh,Groceries
Domin#s Pi Ref74233,Dining
EBAY O *3126,Shopping
tesco stores 5837 glasg,Groceries
BRITISH GAS ENERGY,Utilities
CINEWORLD MANCHESTE,Entertainment
Nytimes Digital,Subscriptions
Asda Superstore 1238 Ref69513,Groceries
PURE GYM MANCHESTER,Entertainment
EVENT*RITE *EVENT REF59145,Entertainment
JOHN LEWIS BRISTOL REF16136,Shopping
VODAFONE LT,Utilities
STEAMGAMES.COM 2623 REF90207,Entertainment
PRIMARK LEEDS,Shopping
MARKS&SPENCER FOOD GLASGOW REF39749,Groceries
netflix.com ref22278,Subscriptions
STANDING  ORDER  TO  R  SINGH,Transfers
H#RC TAX CREDIT,Salary/Income
NEXT RETAI,Shopping
Asda  Superstore  3392,Groceries
NANDOS BIRMINGHAM REF63075,Dining
THE GUARDIAN DIGITAL,Subscriptions
BRITISH GAS ENERGY,Utilities
waitrose lo,Groceries
AMAZON.CO.UK  *6018,Shopping
APPLE.COM/BILL ICLOUD,Subscriptions
IKEA LTD LIVERPOOL REF53989,Shopping
STEAMGAMES.COM 7921,Entertainment
Odeon Cinemas,Entertainment
Ocado Ltd Ref 9542 Ref24710,Groceries
rent payment r singh,Rent/Mortgage
THAMES WATER 6003,Utilities
P2P PAYMENT S BROWN,Transfers
The Guardian Digital,Subscriptions
Currys Pc World,Shopping
MARKS&SPENCER FOOD GLASGOW,Groceries
SPOTIFY P2225,Subscriptions
SCOTTISH POWER,Utilities
THE GYM GROUP 5688 REF84616,Entertainment
BANK TRANSFER,Transfers
Sainsburys,Groceries
NYTIMES DIGITAL REF46457,Subscriptions
Amazon.Co.Uk *4332,Shopping
CURRYS PC,Shopping
EMPLOYER  BACS  ACME  LTD,Salary/Income
Lidl Gb Liverpool,Groceries
TFL  TRAVEL  CHARG,Transport
DELIVEROO.CO.UK 512,Dining
VODAFONE  LTD  REFX272,Utilities
starbucks liverpool,Dining
UBER *EA*S HELP.UBER.COM,Dining
VIRGIN MEDIA,Utilities
JOHN LEWIS GLASGOW,Shopping
FASTER PAYMENTS OUT M KHAN,Transfers
transfer  to,Transfers
EBAY O *607,Shopping
BANK TRANSFER L JONES,Transfers
IKEA LTD BRISTOL,Shopping
FASTER PAYMENTS OUT S BRO REF72#70,Transfers
TRANSFER TO R SINGH,Transfers
APPLE.COM/BILL REF34588,Shopping
DISNEY PXUS,Subscriptions
TICKETMAST,Entertainment
rent payment a patel ref54201,Rent/Mortgage
GREGGS PLC 6656 REF86688,Dining
APPLE.COM/BI,Subscriptions
Next Retail Ltd,Shopping
shell petrol edinburgh,Transport
STANDING ORDER TO L JONES REF83491,Transfers
ADOBE  SYSTEMS,Subscriptions
payroll acme lt,Salary/Income
SAINSBURYS S/MKTS MANCHESTER,Groceries
HOMELET RENT GUARANTEE,Rent/Mortgage
MORRISONS MANCHESTER 50,Groceries
Disney  Plu,Subscriptions
ASDA SUPERSTORE 4496,Groceries
WAITROSE LEEDS REF81405,Groceries
NYTIMES  DIG  REF37400,Subscriptions
CO-OP FOOD LIVERPOOL,Groceries
BRITISH GAS ENERGY,Utilities
STEAMGAMES.COM 3398,Entertainment
Tesco Stores 6789 Birmingham,Groceries
TESCO STORES 9938,Groceries
SPOTIFY  P1701,Subscriptions
The Gym Group 632,Entertainment
NETFLIX.COM,Subscriptions
ODEON CINE,Entertainment
BOLT.EU/TRIP 2033 REF71510,Transport
ASDA SUPERSTORE 2752,Groceries
APPLE.COM/BILL,Shopping
Starbucks Liverpool,Dining
spotify p4519,Subscriptions
REVOLUT TRANSFER 8462,Transfers
UBER *TRIP HELP.UBER.COM,Transport
Standing Or,Transfers
THE GUARDIAN DIGITAL,Subscriptions
P2P PAYMEN,Transfers
MARKS&SPENCER  FOOD  LONDON,Groceries
Disney Plus Ref30485,Subscriptions
Adobe  Systems,Subscriptions
MARKS&SPENCER FOOD BRISTOL REF46145,Groceries
ASDA SUPERSTORE 6090,Groceries
STARBUCKS LONDON REF28856,Dining
Dvla Tax 626,Transport
PlaXstation Network,Entertainment
Marks&Spencer Food Birmingham Ref59386,Groceries
MARKS&SPENCER FOOD EDINBURGH,Groceries
Ikea Ltd Manc#ester Ref31490,Shopping
VIRGIN MEDIA O2 REF57315,Utilities
GITHUB INC REF23155,Subscriptions
OCADO LTD REF 8424,Groceries
salary northstar plc bacs ref96779,Salary/Income
WAITROSE#BIRMI,Groceries
UBER *EATS HELP.UBER.COM,Dining
ZARA.COM UK,Shopping
MORRISONS LEEDS 6212,Groceries
FP TO M KHAN REF 8530,Transfers
MARKS&SPENCER#FOOD GLASGOW,Groceries
EBAY O *8334,Shopping
#ODAFONE L,Utilities
PLAYSTATIO,Entertainment
COUNCIL TAX GLASGOW,Utilities
ADOBE SYSTE,Subscriptions
CURRYS PC W REF96481,Shopping
THAMES WATER 4923,Utilities
Council Tax Glasgow Ref51146,Utilities
Amazon.Co.Uk *650 Ref51248,Shopping
AXOBE SYSTEM REF2532,Subscriptions
THE GUARDIAN DIGITAL,Subscriptions
Steamgames.Com 803,Entertainment
Pure Gym Liverpool,Entertainment
UBER *EATS HELP.UBER.COM REF53546,Dining
JOHN LEWIS GLASGO REF6268,Shopping
AMAZON.CO.UK *4235,Shopping
NEXT RET*IL LTD,Shopping
VIRGIN MEDIA O2 REF62816,Utilities
MORRISONS LEEDS 4704,Groceries
CO-OP FOOD MANC REF24114,Groceries
John Lewis Leeds,Shopping
ODEON CINEMAS 8485,Entertainment
SAINSBURYS,Groceries
THAMES WATER 9320,Utilities
SHELL PETR,Transport
THE GUARDIAN DIGITAL,Subscriptions
PRET A MANGER EDINBURGH REF81299,Dining
THAMES WATE* 69,Utilities
APPLE.COM/BILL,Shopping
MCDONALDS LIVERPOOL REF94191,Dining
Halifax Mortgage Pymt,Rent/Mortgage
THE GUARDIAN DIGITAL,Subscriptions
DELIVEROO.CO.XK  REF41880,Dining
PRET A MANGER GLASGOW,Dining
Property  Mgmt  L,Rent/Mortgage
BOLT.XU/TRIP 2544 REF52945,Transport
EBAY O *45,Shopping
Amazon.Co.Uk *812,Shopping
PROPERTY MGMT LTD REN,Rent/Mortgage
Morrisons London 943,Groceries
UBER *TRIP HELP.UBER.COM,Transport
TRANSFER TO J SMITH,Transfers
MORRISONS LEEDS 59,Groceries
THAMES WATER 8564,Utilities
JOHN LEWIS GLAS,Shopping
DVLA XAX 2252,Transport
Landlord  Rent  Liv,Rent/Mortgage
rightmove rent ref 7723,Rent/Mortgage
sainsburys s/mkts,Groceries
REVOLUT TRANSFER 625,Transfers
British Gas Energ Ref27650,Utilities
HOMELET RENT GUARANTEE,Rent/Mortgage
STANDING  ORDER  TO  R  SINGH  REF16482,Transfers
GREGGS PLC 809,Dining
SANTANDER MORTGAGE,Rent/Mortgage
TICKETMASTER UK,Entertainment
THE GUARDIAN DIGITAL REF12345,Subscriptions
ASDA SUPERSTOR,Groceries
EMPLOYER BACS NORTHSTAR PLC,Salary/Income
LANDLORD RENT LEEDS,Rent/Mortgage
bp london fuel ref82417,Transport
PENSION PAYMENT HELIOS CORP,Salary/Income
National Exp*ess Ma Ref54281,Transport
NATNORTH MORTGAGE 2474 REF71368,Rent/Mortgage
TRAINLINE.COM TICKET REF19576,Transport
HMRC TAX CREDIT REF198*6,Salary/Income
ODEON CINEMAS 75,Entertainment
Trainline.Com Ticket,Transport
WAITROSE BRISTOL,Groceries
Ebay O *8655,Shopping
NETFLIX.CO,Subscriptions
EDF  ENERXY,Utilities
OCADO LTD REF 2151,Groceries
stagecoach bus 8873,Transport
TFL TRAVEL CHARGE 8164 REF62381,Transport
Santander Mortgage,Rent/Mortgage
amzn  mktpX uk,Shopping
DISNEY PLUS,Subscriptions
FASTER PAYMENTS OUT J SMITH,Transfers
Shell Petrol Bristol,Transport
Uber *Trip Help.Uber.Com,Transport
COUNCIL TAX MANCHESTER,Utilities
amazon prime 6128,Subscriptions
P2P PAYMENT A PATEL,Transfers
PRIMARK BIRMINGHAM,Shopping
Apple.Com/Bill Icloud,Subscriptions
IKEA LTD EDINBURGH,Shopping
UBER *TRIP HELP.X REF37314,Transport
PRET A MANGER BIRMINGH,Dining
Transfer To A Patel Ref49908,Transfers
TRANSFER TO L JONES REF99526,Transfers
DWP UNIVERSAL CREDIT,Salary/Income
GITHUB INC,Subscriptions
CURRYS PC WORLD,Shopping
John Lewis Birmingham,Shopping
FASTER  PAYMENT  FROM  BLUEWAVE  LTD  SALARY,Salary/Income
just e*t leeds,Dining
ASDA SUPERSTORE 293,Groceries
EDF ENERGY REF78049,Utilities
HALIFAX  MORTGAGE,Rent/Mortgage
Employer Bacs Acme Ltd,Salary/Income
AMAZON PRI REF86612,Subscriptions
STEAMGAMES.COM,Entertainment
COSTA  COFFEE  4648  REF61711,Dining
AMZN MKTP U,Shopping
Disney Plus,Subscriptions
Starbucks London,Dining
OCADO LTD R,Groceries
OCADO LTD REF 6450,Groceries
Primark  Bristol  Ref72532,Shopping
Faster  Payments  Out  S  Brown,Transfers
PENSION PAYMENT PIVOT IO,Salary/Income
THAMES WATER 2251,Utilities
ARGOS LTD BRISTOL,Shopping
Amzn Mktp Uk,Shopping
#TANDING ORDER TO C TAYLOR,Transfers
hmrc tax credit,Salary/Income
#dobe Systems,Subscriptions
STEAMGAMES.COM 6255,Entertainment
WAGAMAMA BRISTOL,Dining
CO-OP FOOD LONDON,Groceries
BOLT.EU/TRIP,Transport
RENT PAYMENT J SMITH REF43778,Rent/Mortgage
ADOBE  SYSTEMS,Subscriptions
octopus energy ref2985,Utilities
NATNORTH M REF99537,Rent/Mortgage
amzn mktp uk,Shopping
EBAY O *9909,Shopping
Fp To S Brown Ref 7037,Transfers
STEAMGAMEX.COM 6244,Entertainment
Ee Limited Mobi#e Ref88271,Utilities
CINEWORLD BRIST,Entertainment
ZARA.COM#U,Shopping
ZARA.COM UK,Shopping
N#TFLIX.COM,Subscriptions
Greggs Plc 897 Ref25779,Dining
PROPERTY MGMT LTD RENT,Rent/Mortgage
TRANSFER TO R SINGH,Transfers
EMPLOYER BACS PIVOT IO REF34065,Salary/Income
Faster Payments Out R Singh,Transfers
Lidl  Gb  Liverpool  Ref70740,Groceries
FP TO J SMITH REF 7407,Transfers
wagamama manchester ref57637,Dining
AMZN  MKTP  UK  REF2522,Shopping
apple.com/bill icloud,Subscriptions
VIRGIN  MEDI,Utilities
RENT PAYMEN,Rent/Mortgage
FP  TO  R  SINGH  REF  7962,Transfers
ALDI STORES*1663,Groceries
WAITROSE LONDON,Groceries
APPLE.COM/BILL REF58815,Shopping
ocado ltd ref 2867,Groceries
Halifax Mortgage Pymt Ref99573,Rent/Mortgage
CURRYS  PC  WORLD,Shopping
Virgin Media O2 Ref97065,Utilities
Revolut Transfer*2964,Transfers
Natnorth  Mortgage  557,Rent/Mortgage
JOHN LEWIS BRI,Shopping
amazon prime 5209,Subscriptions
playstatio,Entertainment
BOLT.EU/TRIP 9246,Transport
ticketmaster uk ref39081,Entertainment
WAITROSE MANCHESTER,Groceries
Amzn Mktp Uk,Shopping
SALARY PIVOT IO BACS,Salary/Income
IKEA LTD GLASGOW,Shopping
RENT PAYMENT,Rent/Mortgage
APPLE.COM/BILL I*LOUD,Subscriptions
TFL TRAVEL CHARGE 9312,Transport
property mgmt ltd rent,Rent/Mortgage
MICROSOFT*XBOX REF48602,Subscriptions
SPOTIFY P81,Subscriptions
OCTOPUS ENERGY LTD REF35729,Utilities
DROPBOX*IB,Subscriptions
Standing Order To J Smith,Transfers
THAMES WATER 2317,Utilities
Octopus Energy Ltd Ref44232,Utilities
BT GROUP P,Utilities
apple.com/bill,Shopping
PRIMARK MANCHES,Shopping
VODAFONE LT,Utilities
VIRGIN MEDIA O2 REF84509,Utilities
Hmrc Tax Credit,Salary/Income
Rent Payment S Brown,Rent/Mortgage
Lidl Gb Gla Ref63949,Groceries
NANDOS LONDON,Dining
Amazon Prime 6413,Subscriptions
Fp To M Khan Ref 29,Transfers
ZARA.COM UK,Shopping
PENSION PAYMENT ACME LTD,Salary/Income
next retail ltd,Shopping
mcdonalds birmingham,Dining
CINEWORLD LONDON,Entertainment
PAYROLL BLUEWAVE LTD,Salary/Income
Disney Plu,Subscriptions
CO-OP FOOD LONDON,Groceries
Halifax Mortgage Pymt,Rent/Mortgage
Bolt.Eu/Trip 168,Transport
PROPERTY MGMT LTD RENT REF11857,Rent/Mortgage
tesco  stores  1404  birmingham,Groceries
GREGGS PLC 6867,Dining
VIRGIN MEDIA O2,Utilities
transfer to j smith,Transfers
morrisons manchester 4945,Groceries
P2P Payment A,Transfers
REVOLUT TRANSFER 4916,Transfers
Just Eat Manchester,Dining
NATNORTH MORTGAGE 6265,Rent/Mortgage
REVOLUT TRANSFER 4853,Transfers
WAITROSE LEEDS REF62709,Groceries
GREGGS  PLC  302,Dining
dwp universal credit,Salary/Income
PRIMARK MANCHESTER,Shopping
bp liverpool fue,Transport
FASTER PAYMENTS OUT A PATEL REF13070,Transfers
CINEWORLD LEEDS REF28705,Entertainment
FP  TO  S  BROWN  REF  34,Transfers
FP TO R SING,Transfers
APPLE.COM/BILL ICL,Subscriptions
dwp universal credit,Salary/Income
property mgmt ltd rent,Rent/Mortgage
BT GROUP PL REF69944,Utilities
IKEA LTD EDINBURGH,Shopping
Pure Gym Manchester,Entertainment
PAYROLL ACME LTD REF91022,Salary/Income
VO*AFONE LTD,Utilities
AMAZON.CO.U,Shopping
Odeon Cinemas 1566,Entertainment
PRIMARK GL# REF34746,Shopping
EE LIMITED MOBILE,Utilities
Co-Op Food Manches,Groceries
TRAINLINE.COM TICKET REF16487,Transport
PENSION  PAYMENT  NORTHSTAR  PLC,Salary/Income
TFL TRAVEL CHARGE 5698 REF58467,Transport
REVOLUT TRANSFER 1305 REF70679,Transfers
ZARA.COM UK,Shopping
CINEWORLD LIVERPOOL,Entertainment
Ee Limited Mobile Ref94003,Utilities
WAITROSE LONDON,Groceries
OCADO LTD REF 4972,Groceries
aldi stores 8166,Groceries
ebay o *7513 ref16693,Shopping
revolut transfer 485 ref13191,Transfers
Amazon Prime 1137 Ref72934,Subscriptions
FASTER PAYMENTS OUT L JONES,Transfers
UBER *TRIP HELP.UBER.COM,Transport
NETFLIX.COM,Subscriptions
PAYROLL NORTHSTAR PLC REF1687,Salary/Income
John Lewis Bristol,Shopping
HOMELET RENT GUARANT,Rent/Mortgage
DVLA TAX 5255,Transport
Ebay  O  *3837,Shopping
PENSION PAYMENT NORTHSTAR PLC,Salary/Income
BANK TRANSFER A PATEL REF28133,Transfers
Currys Pc Wo,Shopping
