transaction_amount,recipient_is_new_payee,hours_since_last_login,time_of_day,is_first_payment_to_recipient,deviation_from_avg_transaction_zscore,num_payments_today,account_age_days,is_international,is_fraud
146.22,0,5.74,17,1,1.728,0,776.4,0,0
15.06,0,20.81,5,0,-0.843,0,408.7,0,0
21.69,0,26.24,9,0,0.218,0,1197.3,0,0
54.93,0,12.64,16,0,-0.584,2,828.1,0,0
35.18,0,11.86,15,0,0.838,0,1415.9,0,0
51.95,0,6.28,13,0,-0.304,1,601.4,0,0
22.78,0,0.84,12,0,-0.602,2,762.6,0,0
80.01,0,19.54,8,0,0.476,1,867.6,0,0
58.74,0,3.13,14,0,-1.018,0,1272.3,1,0
106.36,0,51.32,14,0,-0.331,0,697.0,0,0
79.07,0,54.59,14,0,0.552,1,1204.2,0,0
79.49,0,18.05,11,0,1.205,0,462.6,0,0
19.5,0,21.64,9,0,-0.77,1,924.5,0,0
101.36,1,10.86,14,0,-0.489,3,1738.2,0,0
50.34,0,2.15,15,0,0.282,0,2068.9,0,0
57.88,0,42.58,0,0,-1.598,0,1521.3,0,0
162.56,0,3.8,23,0,1.086,1,403.0,0,0
36.18,0,0.05,12,0,-0.8,3,883.5,0,0
210.29,0,46.84,8,0,-0.35,1,937.8,1,0
227.65,0,37.02,10,0,0.209,1,1434.6,0,0
126.45,0,1.02,2,1,0.041,1,1003.2,0,0
28.98,0,29.07,11,0,-0.771,1,582.3,0,0
10.4,1,21.11,13,0,1.377,0,1532.2,0,0
166.84,0,28.77,16,0,-2.06,1,1950.0,0,0
73.31,0,5.87,10,0,-0.898,0,1336.5,0,0
35.4,0,14.17,10,0,-0.509,1,682.4,1,0
180.82,0,25.61,11,0,-0.76,1,2159.0,0,0
32.06,1,5.26,13,0,0.976,2,1390.8,0,0
46.5,0,15.5,14,0,-1.327,3,1288.6,0,0
104.18,0,15.74,17,0,1.246,2,1911.5,0,0
25.88,1,28.34,13,0,-0.223,0,1408.0,0,0
60.76,0,4.92,16,0,-1.089,0,899.6,0,0
168.3,0,52.03,18,0,-1.681,0,1801.9,0,0
79.79,0,0.13,22,0,-0.172,0,612.2,0,0
192.54,0,1.03,15,0,-0.562,2,667.6,0,0
174.79,0,7.05,12,0,0.189,0,743.1,0,0
67.13,1,7.83,16,0,-0.36,4,1018.0,0,0
9.15,0,3.96,14,0,0.765,1,1087.3,0,0
26.05,0,54.47,14,0,-0.114,3,871.6,0,0
127.59,0,2.14,19,0,-0.339,0,892.5,0,0
17.86,0,29.09,17,0,0.779,0,1112.0,0,0
50.52,0,18.89,10,0,0.183,1,612.8,0,0
88.92,0,3.33,13,0,0.62,0,1238.7,0,0
232.56,0,6.74,16,0,0.919,1,269.3,0,0
40.9,0,0.94,14,0,-0.235,2,956.1,0,0
38.59,0,4.06,12,1,0.031,1,740.4,0,0
63.78,0,28.78,15,0,0.675,4,2118.1,0,0
89.86,0,23.33,12,0,-1.961,1,840.3,0,0
58.49,0,0.9,16,0,-0.081,1,1020.2,0,0
162.7,0,21.45,16,0,-0.18,0,860.0,0,0
33.81,0,0.6,18,0,0.299,3,559.1,0,0
204.56,1,0.1,23,1,2.39,7,82.0,0,1
73.86,0,2.03,16,1,-0.641,2,548.1,0,0
97.36,0,1.13,16,0,0.876,0,500.5,0,0
47.46,0,11.04,17,1,-0.59,1,949.6,0,0
136.15,0,1.62,17,0,-0.367,2,824.7,0,0
75.69,1,2.89,11,0,-0.532,0,399.7,0,0
130.39,0,13.17,18,0,0.984,3,1988.5,0,0
78.65,0,23.41,14,0,-1.668,1,1288.9,0,0
91.83,0,16.14,18,0,1.43,0,1029.6,0,0
38.96,0,3.31,11,0,1.179,1,321.8,1,0
39.01,1,121.35,11,0,-0.452,0,1148.1,0,0
188.81,1,3.04,15,0,0.822,0,1002.9,0,0
114.46,0,8.65,14,0,0.104,3,1408.6,0,0
27.95,0,3.99,10,0,1.322,0,674.3,0,0
77.77,0,4.89,10,0,0.761,0,762.5,0,0
8.87,0,12.62,10,0,1.755,2,1074.3,0,0
40.94,1,47.84,16,0,-1.25,0,748.2,0,0
319.56,1,1.57,14,1,2.592,2,121.0,0,1
150.94,0,48.04,3,0,0.153,0,1140.8,0,0
59.96,0,10.35,9,0,-1.379,2,551.3,0,0
73.72,0,5.08,19,0,-0.415,1,915.0,0,0
5.13,0,6.97,21,0,1.8,2,679.5,0,0
47.78,0,16.82,8,0,0.375,2,1376.7,0,0
88.9,0,1.21,9,0,0.788,2,2211.1,0,0
99.04,0,37.39,11,0,0.411,0,1958.1,0,0
151.11,0,0.88,15,0,0.36,1,374.2,0,0
55.77,0,18.89,10,0,-0.418,2,1186.3,0,0
57.93,0,107.45,19,0,-0.567,2,674.2,0,0
21.49,0,6.4,13,0,-0.439,1,543.9,0,0
56.05,1,26.28,14,0,-2.184,4,1171.4,0,0
22.82,0,25.49,10,0,-0.066,1,544.1,0,0
13.86,0,10.73,11,0,0.192,0,1572.1,0,0
26.51,0,1.53,16,0,-0.495,2,1182.6,0,0
612.53,1,11.94,5,1,2.96,9,193.6,1,1
240.42,0,10.45,15,0,-0.105,1,1424.7,0,0
52.99,1,9.33,10,0,0.42,0,1075.3,0,0
80.39,0,11.17,6,0,0.708,1,511.5,1,0
43.1,0,43.24,10,0,-0.958,0,809.9,0,0
14.56,0,3.48,12,1,-0.636,0,1699.0,0,0
147.78,0,21.9,2,0,0.602,1,899.6,0,0
10.52,0,13.66,19,0,0.471,0,870.0,0,0
41.61,0,10.54,11,0,1.076,1,1784.5,0,0
63.66,0,63.97,13,0,1.042,1,1059.1,0,0
81.12,1,29.16,15,0,1.932,2,1616.2,0,0
35.96,0,52.39,8,0,-0.234,2,906.5,0,0
13.98,0,38.91,10,0,1.263,2,603.8,0,0
33.75,0,17.9,19,0,-0.736,1,290.8,0,0
35.29,0,13.1,16,0,1.915,1,896.8,0,0
34.57,0,50.58,10,0,0.364,4,1004.1,0,0
152.1,0,10.35,13,0,0.434,1,1545.2,0,0
23.77,0,24.32,19,0,0.792,2,133.1,0,0
86.13,0,22.73,10,0,-1.084,0,1232.8,0,0
76.29,0,4.13,11,0,-0.86,1,963.7,0,0
150.87,0,2.66,10,0,0.093,2,881.8,0,0
59.55,0,6.53,15,0,0.277,2,2162.3,0,0
130.64,0,28.9,14,0,1.666,0,1186.8,0,0
57.61,0,43.82,14,1,-0.759,1,1816.9,0,0
96.47,0,0.22,12,0,1.232,0,665.0,0,0
18.59,0,16.6,11,0,-0.212,1,791.0,0,0
7.08,0,16.75,14,1,-0.224,1,1551.8,0,0
91.92,0,39.67,17,0,-0.131,0,617.5,0,0
96.21,0,12.96,17,0,-0.244,1,634.3,0,0
99.9,0,77.87,17,0,0.389,2,577.9,0,0
42.68,0,13.65,9,0,-0.316,1,739.6,0,0
236.57,0,76.87,13,0,-1.128,2,1079.6,0,0
45.11,0,1.26,12,0,-0.214,3,1226.9,0,0
95.37,0,11.58,19,0,0.365,0,1034.6,0,0
110.55,0,9.95,15,0,-1.122,0,823.4,0,0
287.42,0,14.86,10,0,0.465,1,981.1,0,0
50.93,1,20.98,11,0,0.944,0,1825.3,0,0
38.27,0,3.89,10,0,1.184,2,967.9,0,0
18.66,1,1.19,13,0,0.27,0,794.3,0,0
249.51,0,3.29,11,0,-1.444,3,262.9,0,0
95.41,0,11.93,14,0,0.518,1,926.7,0,0
98.01,0,4.73,10,0,0.774,3,1519.6,0,0
943.12,0,33.6,15,0,-0.557,0,394.0,0,0
87.91,0,6.49,15,0,-0.058,2,502.6,0,0
22.04,0,19.87,9,0,0.387,1,751.5,0,0
56.46,0,29.26,18,0,1.43,2,699.6,0,0
29.12,0,10.29,8,0,-0.205,1,1010.0,0,0
47.63,0,8.25,8,0,0.713,3,2058.3,0,0
47.36,0,0.66,13,0,0.253,1,561.4,0,0
40.49,1,33.47,14,0,0.16,1,692.2,0,0
20.4,0,8.54,17,0,1.064,1,890.3,0,0
298.07,1,5.15,16,1,3.679,8,119.4,1,1
258.17,0,12.24,10,0,-0.665,2,665.7,0,0
85.97,0,4.02,13,0,0.184,1,1007.4,0,0
55.06,0,21.87,15,0,0.022,0,1208.1,0,0
126.98,0,6.4,15,0,-1.206,0,701.6,0,0
99.52,0,21.95,14,0,0.986,1,1414.2,0,0
84.3,0,0.05,15,0,0.663,2,804.2,0,0
119.37,0,14.76,7,1,0.027,3,662.6,0,0
74.73,1,40.65,13,0,-0.209,0,443.4,0,0
117.88,0,10.89,14,0,0.0,1,1265.3,0,0
126.49,0,25.8,8,0,0.566,1,1093.6,0,0
76.58,0,17.05,19,0,0.042,1,545.4,0,0
55.29,0,9.18,9,0,-0.534,1,624.0,0,0
244.9,0,16.33,16,0,-0.414,0,1051.3,0,0
394.38,1,1.76,22,0,3.15,2,66.8,1,1
44.42,0,20.0,14,0,-0.01,3,1228.1,0,0
93.0,0,36.89,19,0,-0.746,1,1111.5,0,0
94.8,0,9.58,8,0,0.267,1,1262.3,0,0
39.72,0,17.1,19,0,-0.634,1,2356.2,0,0
33.56,0,2.55,10,0,-0.763,0,1425.8,0,0
49.36,0,15.24,18,0,2.555,1,1280.6,0,0
43.89,1,74.54,8,1,1.552,2,733.9,0,0
19.31,0,16.91,17,0,0.115,0,517.6,0,0
38.33,0,1.8,14,0,0.681,1,1700.7,0,0
83.62,0,4.5,15,0,0.817,1,751.9,0,0
195.6,0,20.07,8,0,-0.06,2,1160.9,0,0
106.83,0,6.55,12,0,0.226,0,432.2,0,0
7.32,0,4.64,18,0,-0.21,1,349.4,1,0
115.02,0,21.48,10,0,1.005,1,1419.8,1,0
41.49,0,21.63,19,0,1.016,0,655.3,0,0
98.01,0,100.27,16,0,1.25,2,1156.3,0,0
65.89,0,3.16,21,0,0.213,1,659.0,0,0
56.61,0,13.32,18,0,1.734,3,1215.4,0,0
61.14,0,3.88,0,0,-0.061,0,916.1,0,0
65.43,0,17.69,19,0,1.638,0,840.3,0,0
209.09,0,11.4,13,1,-0.371,0,1105.9,0,0
65.58,0,7.97,11,0,-1.038,1,1188.0,0,0
167.79,0,22.77,18,0,1.622,1,686.5,0,0
148.25,0,25.42,13,0,0.528,3,1160.6,0,0
117.56,0,4.97,16,0,0.415,3,1203.2,0,0
14.61,0,5.28,15,0,-0.288,0,1407.3,0,0
172.28,0,4.1,11,0,-0.676,2,1617.8,0,0
45.19,0,8.24,4,0,-0.6,0,933.5,0,0
122.53,0,26.9,18,1,0.111,0,661.8,0,0
29.18,0,3.42,14,0,-0.12,3,585.2,0,0
24.35,0,0.4,14,0,-1.552,0,711.0,0,0
357.78,0,63.92,8,0,1.355,1,739.3,0,0
29.56,0,9.13,16,0,-0.336,1,795.4,0,0
176.65,0,0.05,18,0,0.991,1,920.5,0,0
73.75,0,35.53,19,0,-0.565,2,1020.6,0,0
46.66,0,2.24,14,0,0.124,2,1048.9,0,0
64.19,0,32.18,22,0,0.778,0,1319.2,0,0
22.07,1,15.04,17,0,0.667,0,1695.6,0,0
65.91,0,17.58,9,0,-0.214,2,1053.1,0,0
26.57,0,34.6,17,0,0.407,0,740.2,0,0
47.65,0,8.22,11,0,0.541,3,1306.8,0,0
146.42,0,0.29,4,0,-0.118,2,1269.4,0,0
82.77,0,8.32,23,0,-0.891,0,704.3,0,0
18.92,0,5.36,13,0,-0.5,2,1279.2,0,0
137.52,1,15.56,15,0,-0.303,3,220.6,0,0
66.29,0,24.61,21,0,0.021,2,583.1,0,0
42.06,0,31.19,14,0,1.274,0,520.8,0,0
125.8,0,19.99,12,0,0.726,1,153.8,0,0
57.85,0,6.18,13,0,-0.653,0,600.7,0,0
24.76,1,35.6,14,0,1.469,2,1319.7,0,0
320.74,0,44.19,14,0,-0.063,3,833.8,0,0
65.71,1,1.03,11,0,0.538,0,1393.7,0,0
62.23,0,37.98,14,0,-0.751,2,1765.3,0,0
47.26,0,18.2,11,0,-0.362,0,1723.4,0,0
701.41,1,7.56,22,1,3.322,6,59.6,1,1
181.81,0,11.68,19,0,0.83,1,693.8,0,0
42.69,0,48.58,14,0,-0.703,1,850.7,0,0
17.94,0,3.12,20,1,0.044,1,933.3,0,0
37.45,0,16.23,12,0,0.377,2,1883.1,0,0
205.98,0,15.38,12,0,-0.818,2,687.3,0,0
135.28,0,1.69,11,0,-1.422,1,1498.3,0,0
53.69,0,12.52,14,0,0.726,2,1156.5,0,0
214.28,0,5.25,15,0,2.291,0,262.5,0,0
125.93,0,5.35,14,0,0.367,2,819.6,0,0
53.16,0,24.4,18,0,0.521,1,565.5,0,0
57.92,1,13.79,14,0,-0.707,3,806.1,0,0
88.23,0,10.81,17,0,1.176,3,270.2,0,0
32.88,0,66.03,20,0,-0.301,1,1938.2,0,0
66.94,0,2.46,12,0,0.931,1,769.4,0,0
86.68,1,1.01,16,0,0.486,0,810.0,0,0
15.9,0,48.44,12,0,0.505,0,1849.8,0,0
56.77,0,4.01,16,0,0.475,1,476.0,0,0
51.54,0,19.15,15,0,0.449,2,1177.7,1,0
159.79,0,40.04,2,0,0.227,0,652.3,0,0
13.9,0,10.69,14,0,0.775,0,354.5,0,0
48.22,0,7.42,18,0,-0.581,2,1246.7,0,0
372.78,1,1.15,1,1,3.685,5,93.4,0,1
44.28,0,4.88,16,0,-0.191,0,1640.1,0,0
150.82,0,2.06,19,0,1.174,2,907.1,0,0
64.26,0,4.05,9,0,0.138,0,1335.4,0,0
306.95,0,14.72,17,0,-0.261,0,685.9,0,0
117.08,0,12.93,18,0,0.828,0,1196.6,0,0
47.05,0,8.1,19,0,0.67,2,948.3,0,0
81.75,0,6.98,14,0,-1.04,1,724.3,0,0
49.36,0,0.88,13,0,0.584,0,552.6,0,0
138.45,0,25.53,15,0,0.11,0,1625.8,0,0
21.49,0,2.7,18,0,0.57,0,965.3,0,0
33.11,0,52.65,18,0,0.009,1,782.7,0,0
590.43,1,0.67,1,1,3.027,3,6.5,0,1
98.23,0,1.04,19,0,0.371,0,831.6,0,0
189.03,0,18.14,19,0,-1.465,1,1213.8,0,0
10.26,0,3.87,15,0,-0.716,0,1315.3,0,0
214.5,0,2.11,11,0,0.592,0,951.1,0,0
59.2,0,2.27,19,0,2.097,0,1166.3,0,0
13.45,0,17.87,18,0,0.294,0,804.9,0,0
5.2,0,35.62,9,0,-0.554,1,854.4,0,0
18.17,0,60.4,8,0,0.108,0,1256.0,0,0
65.58,0,44.16,13,0,-0.715,1,791.3,0,0
63.05,0,20.97,16,0,1.0,1,530.7,0,0
114.23,0,77.64,16,0,0.038,0,1225.3,0,0
41.8,0,40.37,11,0,0.843,1,1125.2,0,0
26.0,0,33.36,5,0,-0.123,0,1417.5,0,0
46.94,0,21.95,1,0,0.914,2,1217.0,0,0
68.62,0,20.25,17,0,-1.299,0,1110.7,0,0
81.14,0,17.67,19,1,0.02,0,492.2,0,0
34.1,0,32.06,20,0,0.432,1,938.8,0,0
143.48,0,1.47,9,0,-0.215,0,742.0,0,0
39.32,0,2.25,6,0,0.288,3,1212.5,0,0
31.84,0,32.23,10,0,0.274,1,1936.0,0,0
42.05,0,20.32,9,0,0.839,2,1303.4,0,0
166.27,0,6.86,18,0,0.497,0,474.9,0,0
59.57,0,21.77,16,1,0.314,2,1081.5,0,0
36.95,0,10.82,22,0,0.704,1,744.2,0,0
146.52,0,1.12,11,0,-1.082,1,1271.0,0,0
412.13,0,10.04,19,0,-0.602,0,1367.1,0,0
79.7,0,13.4,19,0,-1.108,1,925.8,0,0
190.33,0,18.78,8,0,0.439,0,795.4,0,0
160.88,1,39.58,18,0,0.331,0,1109.4,0,0
39.85,0,0.2,9,0,1.108,2,703.0,0,0
1761.96,1,1.37,22,1,2.572,6,137.3,1,1
68.21,0,16.81,13,0,0.281,1,1385.4,0,0
22.42,0,1.25,10,0,-0.505,0,1221.2,0,0
56.03,0,6.12,18,0,0.107,0,779.9,1,0
39.16,0,6.93,8,0,-1.5,1,568.4,1,0
47.35,1,74.96,18,0,-0.327,0,1056.7,0,0
35.25,1,12.52,12,0,-1.878,1,1501.9,0,0
52.25,1,6.3,18,0,0.263,2,1341.6,0,0
104.84,0,5.19,13,0,-0.223,1,526.3,0,0
60.25,0,0.57,17,0,-0.106,0,1164.7,0,0
13.67,0,7.61,16,0,-0.745,4,1221.2,0,0
35.37,0,6.88,5,1,-0.535,0,859.6,0,0
18.33,0,8.64,12,0,0.554,2,967.2,0,0
82.06,0,10.18,14,0,-1.149,0,1309.8,0,0
102.29,0,10.12,11,0,0.405,1,1015.1,0,0
82.94,1,4.16,8,0,-0.649,3,320.8,0,0
34.15,0,2.8,18,0,-1.345,2,640.4,0,0
82.26,0,5.82,14,0,0.981,0,773.4,0,0
44.72,0,56.81,12,0,1.063,1,649.2,0,0
25.34,0,29.3,17,0,-0.432,0,1380.9,0,0
125.29,0,6.8,17,0,-0.439,0,1144.6,0,0
133.66,0,25.32,19,0,-0.201,0,490.6,0,0
149.39,0,2.53,13,0,-0.648,1,1133.4,0,0
39.76,0,7.29,9,0,-0.507,2,1429.2,0,0
181.72,0,34.36,13,0,0.36,1,862.4,0,0
43.84,0,5.25,13,0,1.659,1,1099.7,0,0
116.22,0,25.93,10,0,-0.284,2,995.0,0,0
43.19,0,15.46,15,0,0.818,0,551.9,0,1
55.13,0,10.11,12,1,0.282,4,1135.3,0,0
8.52,0,18.38,10,0,-1.338,1,735.6,0,0
51.59,0,54.93,8,0,-0.02,0,1745.2,0,0
72.05,0,16.26,9,0,-0.12,1,534.5,0,0
47.06,0,16.71,15,0,1.172,1,944.9,0,0
296.71,0,24.88,10,0,1.204,0,1466.1,0,0
24.83,0,7.86,12,0,0.301,0,779.4,0,0
41.3,1,14.23,18,0,0.971,1,1125.5,0,0
30.9,0,6.01,12,0,-0.117,1,3240.6,0,0
41.3,0,9.31,15,0,0.895,0,1418.2,0,0
160.24,1,22.51,14,0,0.08,1,1152.3,0,0
234.24,0,9.81,18,0,0.878,4,1337.2,0,0
36.76,0,0.15,15,0,0.96,0,1179.7,0,0
36.07,1,0.49,18,0,0.573,1,627.0,0,0
24.94,0,52.79,18,0,-0.593,1,1109.9,0,0
202.42,0,12.28,8,0,-0.336,2,2288.8,0,0
172.92,0,18.59,18,0,0.602,0,1607.1,0,0
60.94,0,32.21,19,0,0.715,2,833.0,0,0
20.35,0,12.16,8,0,0.127,2,879.5,0,0
21.96,0,3.35,13,0,-0.25,0,2361.9,0,0
77.09,0,24.96,11,0,0.153,1,944.4,0,0
106.37,0,18.27,8,0,-0.223,1,786.4,0,0
11.52,1,30.77,12,0,-0.218,1,636.2,0,0
50.75,0,54.5,10,0,1.568,1,1030.6,0,0
263.9,0,1.23,9,1,-0.38,0,763.3,0,0
55.43,1,0.5,17,0,0.406,1,1011.0,0,0
236.56,0,73.03,8,0,0.122,1,1137.9,0,0
115.78,0,27.45,15,0,-0.981,0,1698.1,0,0
26.53,0,49.53,14,0,-1.009,0,871.5,0,0
52.0,0,2.09,8,0,-0.065,0,314.9,0,0
59.78,0,26.66,10,0,-1.562,0,850.7,0,0
29.68,0,50.28,19,0,1.464,0,856.1,0,0
29.24,0,79.7,13,0,-0.289,1,823.6,0,0
240.03,0,33.14,11,0,-0.355,1,925.5,0,0
29.06,0,37.67,18,0,0.978,2,376.2,0,0
166.78,0,22.87,8,0,-0.113,1,545.8,0,0
46.02,0,2.84,11,0,0.521,2,806.3,0,0
65.25,0,19.67,18,0,-0.458,1,1417.2,0,0
107.51,0,11.03,17,0,0.036,0,954.4,0,0
40.09,0,8.42,13,0,0.775,0,1222.2,0,0
108.06,0,9.84,18,0,-0.689,0,508.7,0,0
11.71,1,2.98,14,0,0.422,0,673.6,0,0
96.91,0,25.36,16,1,-1.933,3,174.4,0,0
8.18,0,0.92,5,0,1.012,2,348.5,0,0
54.99,0,34.45,14,0,-0.445,2,2189.4,0,0
137.84,0,1.04,13,1,-0.069,3,492.2,0,0
113.18,0,8.36,15,0,-0.078,0,595.9,0,0
22.12,0,11.19,2,0,-0.78,0,260.9,0,0
24.67,0,29.78,13,0,-0.841,1,661.6,0,0
37.14,0,24.37,16,0,0.417,1,1883.4,0,0
78.12,0,58.61,20,1,0.455,3,501.5,0,0
11.86,0,5.13,16,0,-0.708,1,894.5,0,0
65.94,0,6.27,12,0,0.433,2,686.9,0,0
86.9,0,4.07,10,0,0.446,2,760.1,0,0
52.43,0,5.43,9,1,-0.303,4,443.4,0,0
104.22,1,30.44,14,0,-1.035,0,697.2,0,0
80.65,0,11.42,10,0,-0.03,3,1262.3,0,0
42.08,0,25.82,12,0,0.292,2,890.1,0,0
12.86,0,5.91,4,1,-0.047,2,1118.8,0,0
74.69,0,2.58,8,0,-0.474,0,530.5,0,0
29.66,0,13.76,13,0,0.374,1,1332.8,0,0
40.79,0,3.33,11,0,1.012,4,918.9,0,0
100.21,0,16.5,11,0,-0.616,1,768.4,1,0
222.46,0,7.94,18,0,-0.238,1,820.7,0,0
64.56,0,8.63,19,0,2.195,0,975.6,0,0
106.8,0,29.2,11,0,0.233,1,957.4,0,0
19.53,0,13.04,19,0,-1.013,0,1698.0,0,0
82.16,0,2.28,10,0,-0.382,2,993.9,0,0
63.38,0,7.74,12,0,-0.606,1,976.2,0,0
189.59,0,9.96,19,1,0.304,0,871.7,0,0
42.12,0,15.65,9,0,0.246,0,1070.5,0,0
54.3,0,72.68,12,0,-0.509,0,1393.8,0,0
164.02,0,1.24,17,0,1.485,1,345.7,0,0
61.67,0,19.35,7,0,0.068,1,323.7,0,0
25.98,1,34.05,19,0,-0.365,0,855.5,0,0
583.41,0,2.23,18,0,-0.977,0,640.6,0,0
26.66,0,38.21,19,0,-0.716,1,951.6,0,0
63.12,0,6.77,9,1,-0.997,2,962.3,0,0
89.54,0,0.45,15,0,-0.152,0,849.6,0,0
83.72,0,36.84,12,0,-0.708,3,1566.1,1,0
56.75,0,24.8,9,0,0.627,0,609.5,0,0
56.99,0,4.58,9,0,-0.468,0,672.3,0,0
54.61,0,11.13,1,0,0.672,0,1773.7,0,0
25.83,0,4.94,20,0,0.393,1,490.9,0,0
414.75,1,18.88,15,0,0.516,0,823.0,0,0
55.31,0,14.18,10,0,0.717,0,782.1,0,0
110.76,1,3.73,15,0,1.595,2,1156.1,0,0
50.18,0,11.43,13,0,-0.679,1,898.2,0,0
49.33,0,30.5,9,0,0.677,0,455.4,0,0
45.28,0,3.88,12,0,0.318,3,725.1,0,0
17.86,0,9.63,16,0,0.851,2,683.8,0,0
58.18,0,7.97,17,0,0.089,1,1257.0,0,0
47.18,1,44.81,11,0,0.941,0,1769.8,0,0
180.51,0,0.51,11,0,-1.033,0,1567.1,0,0
24.11,0,29.23,16,0,-0.803,2,884.6,0,0
40.83,1,4.32,13,0,-0.455,0,1431.4,0,0
31.07,0,0.72,8,0,-0.06,2,1443.1,0,0
429.45,1,0.56,5,1,3.357,3,252.3,1,1
227.27,0,7.91,9,0,0.037,2,1945.7,0,0
31.85,0,10.87,8,0,-0.592,0,136.0,0,0
107.55,0,43.55,11,0,-0.793,0,763.1,0,0
152.12,0,3.24,9,0,-0.524,3,1228.3,0,0
58.9,0,68.81,17,0,-1.367,1,654.6,0,0
20.69,0,22.38,13,0,-0.231,0,464.2,0,0
20.92,0,1.82,16,0,-0.047,3,521.7,0,0
138.49,0,32.12,8,0,0.353,1,1090.9,0,0
22.84,1,12.63,12,0,0.133,0,683.4,0,0
93.06,0,58.13,13,0,1.435,2,527.0,0,0
73.49,0,2.31,4,0,0.65,1,1791.6,0,0
91.89,0,43.67,19,0,0.59,2,1080.8,0,0
99.57,0,1.35,13,0,0.292,1,1659.2,0,0
30.16,0,6.87,13,0,0.429,3,772.4,0,0
29.1,0,3.55,18,0,-0.177,1,1350.2,0,0
122.45,0,51.09,21,1,0.08,0,575.9,0,0
39.06,0,15.29,12,0,1.537,1,682.8,0,0
6.44,0,12.95,9,0,-0.056,0,758.4,0,0
115.75,0,4.9,16,0,-1.065,0,688.9,0,0
1265.81,1,0.71,5,1,3.405,3,186.2,0,0
27.64,0,0.91,8,0,0.557,2,509.2,0,0
99.19,0,22.05,10,0,0.7,0,712.4,0,0
217.87,0,18.22,13,0,0.124,1,414.2,0,0
67.64,0,129.53,20,0,-1.503,0,949.3,0,0
155.46,0,8.27,8,0,1.029,2,1505.6,0,0
76.0,0,21.21,14,0,0.184,2,645.6,0,0
257.06,0,7.96,7,0,-0.248,2,847.3,0,0
770.85,1,1.5,15,1,3.086,5,187.2,0,1
27.04,0,14.83,17,0,0.95,1,1442.5,0,0
66.22,0,18.89,13,0,-1.62,3,1812.2,0,0
118.18,1,15.49,15,0,0.089,2,1390.6,0,0
56.72,0,22.9,16,0,-0.433,2,961.5,0,0
177.57,0,46.08,14,1,1.194,2,1171.8,0,0
46.19,0,10.25,12,0,0.194,1,1221.8,0,0
387.21,1,3.42,9,0,-0.692,1,1180.6,0,0
404.99,0,13.94,5,0,0.911,1,680.7,0,0
84.75,0,19.04,19,0,-1.967,1,1314.8,0,0
106.67,0,5.11,12,0,0.406,1,1494.0,0,0
183.63,0,8.91,9,0,-1.011,1,259.1,0,0
24.31,0,22.31,9,0,-0.37,0,761.7,0,0
21.86,0,15.57,18,0,-0.193,1,1125.4,0,0
194.02,0,21.86,18,0,0.728,2,1016.7,0,0
84.17,0,2.02,13,0,1.763,1,1136.2,0,0
55.01,0,15.77,18,0,-1.424,1,545.5,0,0
67.32,0,16.47,10,0,0.357,1,251.2,0,0
8.77,0,25.23,12,0,1.762,2,981.5,0,0
56.71,0,8.42,9,0,-0.458,0,882.3,0,0
35.16,0,6.89,14,0,-0.508,1,1479.8,0,0
145.53,0,19.54,16,0,0.189,1,1131.7,0,0
155.36,0,22.23,19,0,0.663,3,261.5,0,0
108.87,0,34.85,17,0,0.526,0,1144.9,0,0
93.33,0,20.27,15,1,-0.287,2,1679.7,0,0
18.68,0,17.34,16,0,-0.642,1,1455.2,0,0
110.17,0,4.76,15,0,1.053,1,1133.4,0,0
113.86,0,3.32,13,0,-0.62,1,719.2,0,0
192.18,0,21.92,21,0,-1.533,1,837.1,0,0
403.62,0,26.49,10,1,-1.163,1,826.7,0,0
15.82,0,0.92,21,0,-0.461,1,1225.4,0,0
47.93,0,4.08,17,1,1.194,0,1189.8,0,0
35.48,0,12.18,13,0,-0.951,4,947.0,0,0
77.22,0,16.37,18,0,1.218,2,1404.7,0,0
67.45,0,2.62,9,0,1.045,0,640.5,0,0
54.65,1,31.68,16,1,0.18,0,1351.5,0,0
159.73,0,31.2,11,0,-2.039,1,1828.1,0,0
26.15,0,9.41,18,1,-0.947,1,1597.1,0,0
27.52,0,33.82,12,0,-0.507,0,1357.3,0,0
27.92,0,14.25,15,0,1.385,1,709.9,0,0
49.09,0,6.88,9,0,-0.455,3,1062.7,0,1
23.47,0,1.62,14,0,-0.618,2,1693.0,0,0
63.99,0,8.1,22,0,0.151,0,1216.5,0,0
57.94,0,11.28,15,0,-1.128,0,1037.4,0,0
34.17,0,13.94,15,0,-0.02,1,1211.9,0,0
140.15,0,27.72,9,0,-0.639,2,2069.9,0,0
63.4,0,4.76,8,0,2.15,1,1572.3,0,0
164.56,0,3.3,9,0,-0.734,0,1910.8,0,0
56.5,0,10.63,10,0,1.544,0,1535.4,0,0
65.33,0,8.9,16,0,-0.912,1,842.8,0,0
41.33,0,5.44,11,0,0.21,0,569.1,0,0
66.29,0,14.56,3,0,0.4,1,832.0,0,0
122.17,0,3.97,9,0,0.113,0,1015.4,0,0
47.01,0,33.35,14,0,0.064,2,1492.3,0,0
103.61,0,20.16,12,0,0.689,3,1375.1,0,0
33.42,0,13.02,21,0,0.334,1,638.2,0,0
127.13,0,0.08,20,0,-0.138,4,1050.0,0,0
40.73,0,16.35,8,1,-0.54,2,1683.2,0,0
137.54,0,24.48,17,0,-0.133,0,649.6,0,0
70.23,0,21.95,13,0,-0.142,0,900.9,0,0
242.94,0,6.14,18,0,-0.158,0,817.3,0,0
25.0,1,7.03,15,0,0.061,0,1425.9,0,0
19.02,0,14.62,11,0,-1.127,0,1946.6,0,0
39.5,0,8.92,9,0,-0.822,1,791.4,0,0
20.55,0,21.65,4,0,0.665,0,708.1,0,0
20.59,0,37.05,8,1,-1.8,1,501.6,0,0
113.11,0,17.1,23,0,0.958,2,990.1,0,0
66.45,0,6.85,23,0,-0.447,1,1465.1,0,0
44.36,0,3.67,12,0,1.336,0,402.0,0,0
47.99,0,3.75,16,0,0.981,1,927.8,0,0
40.14,0,11.19,8,0,-0.262,2,1133.4,0,0
271.19,0,60.9,13,0,-0.179,2,1374.1,0,0
35.69,0,2.37,5,0,1.275,2,1105.4,0,0
21.68,0,10.96,16,0,1.019,1,551.6,0,0
131.19,0,5.1,12,0,0.778,1,723.8,0,0
55.51,0,21.33,7,0,0.915,0,1764.1,0,0
377.27,0,24.82,11,0,-0.87,3,1284.3,0,0
42.64,0,0.1,13,0,0.164,0,785.3,0,0
136.88,0,42.04,8,0,-0.616,0,920.6,0,0
167.31,0,12.35,9,0,-0.891,0,602.2,0,0
42.81,0,31.91,19,0,0.131,0,374.9,0,0
35.46,0,2.68,12,0,-0.331,0,954.9,0,0
125.23,0,45.06,16,0,-0.133,0,695.3,0,0
108.71,0,13.79,18,0,-0.4,0,1151.6,0,0
20.11,0,2.41,9,0,-1.004,0,2151.4,0,0
25.55,1,10.92,16,0,1.357,3,1118.5,0,0
7.72,0,63.99,17,0,0.125,0,1118.3,0,0
110.62,0,8.83,8,0,-1.154,2,1455.2,0,0
53.38,1,1.87,11,0,0.146,3,497.8,0,0
58.1,1,70.41,9,0,1.217,0,1216.2,0,0
15.84,0,52.17,8,0,0.767,0,594.7,0,0
26.22,0,15.22,11,1,-0.415,1,1440.8,0,0
44.42,0,12.27,10,0,-0.396,1,1116.3,0,0
37.66,1,16.82,18,0,-0.766,2,524.5,0,0
73.71,0,9.55,10,0,-0.594,1,1125.4,0,0
109.5,0,15.11,16,0,-0.529,1,191.6,0,0
152.35,1,2.0,4,1,1.509,4,376.0,0,1
459.06,0,47.25,8,0,-1.175,2,461.2,0,0
65.56,1,16.8,21,0,-0.355,2,515.7,0,0
172.1,0,5.17,16,0,0.275,1,439.2,0,0
32.93,0,0.24,9,0,-0.331,1,1484.8,0,0
16.06,0,14.04,13,1,0.174,2,1170.8,0,0
49.43,0,20.83,19,0,1.298,0,1018.8,0,0
17.15,0,44.16,15,0,1.469,1,630.3,0,0
67.52,0,7.84,17,0,-0.054,2,1223.6,0,0
34.35,0,18.34,13,0,0.704,3,1032.0,1,0
12.67,0,6.54,10,0,-0.133,1,746.9,0,0
291.67,0,13.81,13,0,-0.39,1,1076.4,0,0
42.23,0,27.24,13,0,-0.893,0,1175.4,0,0
16.58,0,21.76,19,0,0.069,1,544.6,0,0
143.09,0,11.01,13,0,0.868,1,1663.7,0,0
35.9,1,17.24,23,0,-1.02,2,894.2,0,0
204.03,1,3.55,0,1,1.969,4,179.2,0,1
168.45,0,17.58,15,0,-0.23,0,1200.1,0,0
35.75,1,5.71,12,1,-0.268,2,861.0,0,0
42.11,0,5.03,12,0,0.198,1,1123.7,0,0
89.4,0,24.09,13,0,0.21,0,799.6,0,0
110.41,0,34.01,10,0,0.43,0,832.0,0,0
128.15,0,21.55,12,0,1.518,1,792.1,0,0
61.79,0,76.29,16,1,-0.696,1,1012.9,0,0
104.51,0,24.84,8,0,-0.74,0,1308.8,0,0
125.69,0,4.72,16,0,0.198,0,1321.5,0,0
79.08,0,51.27,17,0,1.162,1,1287.4,0,0
59.07,0,24.06,13,0,-1.17,0,1060.5,0,0
19.52,0,5.1,14,1,0.265,0,752.6,0,0
110.97,0,9.79,13,0,-0.161,1,265.0,0,0
69.12,0,6.72,15,0,0.683,0,1297.1,0,0
46.92,0,1.23,8,1,0.503,1,1008.0,1,0
197.57,0,56.64,15,0,0.039,0,705.1,0,0
19.81,0,4.87,13,0,0.39,2,277.9,0,0
269.73,1,12.22,8,0,-0.527,2,888.3,0,0
65.44,0,1.44,17,0,0.64,1,1366.0,0,0
87.35,0,9.94,9,0,1.109,1,561.4,1,0
47.67,0,14.54,15,0,0.08,2,1705.8,0,0
16.17,0,19.61,18,0,-0.326,0,2261.7,0,0
59.22,0,32.2,19,0,-0.116,2,754.5,0,0
88.64,0,1.73,15,0,0.632,0,801.4,0,0
118.49,0,0.28,16,0,-0.033,2,865.1,0,0
56.36,0,13.65,15,0,-0.96,0,739.8,0,0
10.34,0,8.07,17,0,0.762,2,1964.4,0,0
17.99,0,52.09,19,0,-0.786,2,864.6,0,0
381.54,0,20.19,13,0,0.34,0,2038.8,0,0
26.35,0,4.14,12,0,-1.493,0,533.4,0,0
224.3,0,3.73,10,0,0.087,3,1037.7,0,0
30.15,0,37.64,19,1,-0.055,0,637.8,0,0
57.11,0,1.23,20,0,-1.574,1,468.0,0,0
113.46,0,24.0,13,0,0.266,2,676.0,0,0
33.21,0,50.77,13,0,-0.881,1,710.3,0,0
258.11,0,7.59,1,0,0.068,2,867.1,0,0
71.12,0,26.83,0,0,-0.329,4,393.6,0,0
98.66,0,42.66,8,0,-1.184,1,1889.9,0,0
53.12,0,27.33,15,0,-0.837,3,1098.3,0,0
116.74,0,13.12,11,0,-0.773,0,1247.9,0,0
255.18,0,16.53,13,0,0.786,0,991.7,0,0
59.64,0,29.42,9,0,0.669,1,1555.1,0,0
290.11,0,31.3,2,0,1.756,1,794.9,0,0
39.65,0,14.72,12,0,-0.41,3,988.6,0,0
127.67,0,2.77,12,0,-0.435,0,609.6,0,0
101.06,0,72.49,18,0,0.108,0,896.9,0,0
26.89,0,4.79,15,0,-0.284,2,949.8,0,0
79.98,0,2.88,8,0,-0.466,0,637.5,1,0
67.11,0,15.24,19,0,0.044,2,1091.5,0,0
32.29,0,0.99,15,0,0.563,0,1134.4,0,0
90.41,0,11.96,17,0,-1.69,2,1258.7,0,0
75.52,0,24.52,19,0,-0.458,0,1124.1,0,0
62.7,0,17.09,14,1,-1.122,0,913.2,0,1
62.91,0,60.42,10,0,-0.123,0,1363.6,0,0
252.93,1,1.14,2,1,2.394,6,97.7,0,1
61.77,0,38.78,13,1,0.346,2,985.0,0,0
48.79,1,32.76,16,0,0.894,2,340.2,0,0
75.1,0,31.09,8,0,-0.347,3,480.8,0,0
38.58,0,19.33,1,0,0.085,0,603.7,0,0
248.67,1,2.63,21,1,3.185,6,168.2,0,1
637.97,0,5.36,12,0,-1.346,2,676.2,0,0
20.13,0,0.73,15,0,-0.688,0,1093.6,0,0
40.57,0,79.12,19,0,0.166,1,1583.7,0,0
43.39,1,16.38,18,0,-1.087,0,1181.7,0,0
377.82,1,22.01,16,0,0.99,1,1068.0,0,0
21.71,0,38.65,10,0,0.419,0,386.0,0,0
95.78,0,26.88,14,0,-0.724,0,277.8,0,0
82.36,0,22.49,14,0,-1.186,0,1684.8,0,0
88.55,0,1.13,18,0,-0.575,0,775.1,0,0
190.74,0,10.07,13,0,-0.719,1,1103.6,0,0
187.44,0,11.46,0,0,-0.974,0,1161.9,0,0
45.45,0,32.1,9,0,-1.125,1,2213.5,0,0
78.64,0,0.05,19,0,-0.184,1,1908.4,0,0
13.67,0,7.04,14,0,0.586,1,2395.8,0,0
72.55,0,17.76,16,0,-0.569,0,1253.1,0,0
33.96,1,17.11,9,0,0.356,0,1766.7,0,0
56.92,0,2.5,8,0,-0.262,0,547.2,0,0
15.92,0,2.67,15,0,0.49,1,2233.6,0,0
94.08,0,9.67,16,0,-0.629,2,1347.6,0,0
15.77,0,21.33,13,0,0.225,0,833.0,0,0
75.64,0,37.57,8,0,0.096,0,1411.9,0,0
23.51,0,2.59,13,0,1.09,0,1592.6,0,0
32.39,0,0.76,19,0,0.447,1,1203.2,0,0
177.95,0,37.77,10,0,0.205,1,217.6,0,0
109.92,0,9.06,11,0,-1.176,1,1636.2,0,0
177.12,0,88.26,14,0,-0.42,0,922.4,1,0
251.08,1,26.56,10,0,-0.64,0,1201.5,0,0
34.57,0,33.66,9,0,-0.658,2,593.7,0,0
238.44,0,13.54,15,0,0.012,2,837.2,0,0
19.19,0,0.83,8,0,0.193,1,764.5,0,0
125.74,0,2.32,16,0,0.224,3,539.8,0,0
43.85,0,17.19,14,0,1.009,0,339.9,0,0
30.24,0,19.45,8,0,0.387,0,850.5,0,0
112.43,0,2.93,15,0,-0.982,2,611.1,0,0
148.89,1,1.43,21,0,0.162,1,1048.8,0,0
145.18,0,2.67,19,0,0.468,0,1119.2,0,0
80.05,0,4.17,11,0,1.01,1,1924.7,0,0
74.6,0,93.7,5,0,-0.123,0,132.1,0,0
104.36,0,18.16,15,0,-0.116,0,743.8,0,0
86.33,0,26.42,15,0,0.863,0,1597.9,1,0
105.65,0,27.78,15,0,0.143,1,1098.0,0,0
79.31,0,38.35,11,0,-1.279,0,1180.4,0,0
136.51,0,12.79,8,0,-1.45,0,1025.7,0,0
16.72,0,7.1,8,0,1.473,0,1479.5,0,0
59.65,0,26.71,19,0,-1.371,0,1022.8,0,0
20.57,0,53.28,12,0,-0.134,2,1009.4,0,0
84.37,0,28.39,13,0,0.706,1,602.4,0,0
269.25,0,4.71,15,0,-1.412,0,651.4,0,0
44.57,0,5.95,10,0,-0.865,2,1102.9,0,0
74.3,0,5.74,12,0,-0.997,0,802.2,0,0
126.85,1,23.03,13,0,1.441,0,456.0,0,0
458.41,1,0.08,1,1,2.584,5,85.1,1,1
11.5,0,14.45,9,0,1.615,0,765.1,1,0
42.79,0,52.5,15,0,-0.587,1,1368.6,0,0
805.7,1,0.5,1,1,3.453,7,349.1,1,1
90.91,0,5.3,10,0,0.464,0,1054.2,0,0
5.68,0,62.76,8,0,0.246,2,713.9,0,0
29.07,0,3.7,16,0,-0.225,1,941.3,0,0
169.99,0,0.05,12,0,-1.301,3,1434.6,0,0
156.42,0,29.57,16,0,1.846,2,595.8,0,0
91.67,0,35.13,14,0,-1.453,2,569.9,0,0
141.16,1,13.86,8,0,0.17,0,1037.8,0,0
80.06,0,5.91,16,0,-0.518,1,770.4,0,0
106.92,1,0.55,10,0,0.806,1,1037.5,0,0
50.99,0,25.63,11,0,0.677,2,967.8,1,0
73.58,0,4.51,16,0,-0.783,2,1036.2,0,0
38.96,0,8.6,12,0,-0.632,1,1958.1,0,0
195.19,0,22.05,12,0,-1.24,0,514.0,0,0
243.06,0,3.77,10,0,0.156,1,1278.1,0,0
215.49,0,0.29,13,0,0.569,1,1153.2,0,0
47.14,0,3.58,5,1,-0.353,1,1250.5,0,0
29.64,0,28.19,19,0,-0.196,0,372.1,0,0
197.44,0,8.64,15,0,1.526,1,1336.7,0,0
105.88,1,34.05,18,0,0.749,0,853.8,0,0
88.17,0,2.29,12,0,1.078,0,1017.3,0,0
38.92,0,14.63,22,0,-1.794,1,903.1,0,0
95.76,0,3.3,11,0,0.438,0,633.6,0,0
26.51,0,6.1,11,0,0.201,0,866.8,0,0
114.31,0,4.29,11,0,-1.002,0,966.5,0,0
215.3,0,25.43,15,0,-0.835,0,1200.2,0,0
266.77,0,42.22,8,0,-0.175,0,1112.6,0,0
121.78,0,6.35,8,0,-1.074,0,918.5,0,0
20.6,0,62.26,14,0,-0.639,2,985.3,0,0
78.86,0,0.64,19,0,-0.369,1,979.9,0,0
411.06,0,68.65,12,0,0.459,0,1185.5,0,0
31.87,0,37.99,16,0,-0.565,1,1331.6,0,0
63.41,0,15.62,15,0,-0.358,1,1390.4,0,0
1344.97,1,0.38,0,1,3.586,4,148.1,0,1
221.74,0,38.88,19,0,0.819,2,818.9,0,1
112.68,0,9.84,15,0,-1.411,0,228.1,0,0
549.02,0,13.49,17,0,0.182,0,852.7,0,0
35.77,0,43.43,8,0,0.312,1,784.6,0,0
28.75,1,2.1,17,0,0.333,1,970.2,0,0
188.77,0,39.62,12,0,-0.401,2,2202.0,0,0
24.13,0,7.15,19,0,-0.852,2,815.8,0,0
56.42,0,13.51,10,0,1.216,0,1251.2,0,0
63.07,0,6.26,13,0,-0.685,3,1262.4,1,0
160.87,0,33.24,17,0,-0.894,0,1131.4,0,0
112.41,0,20.34,9,0,0.016,0,360.8,0,0
98.35,1,11.39,8,0,-0.591,1,930.0,0,0
47.37,0,48.22,17,0,0.841,4,1180.1,0,0
187.31,0,18.35,11,0,-0.212,1,678.8,0,0
2042.54,0,22.49,19,0,0.944,2,395.1,0,0
120.01,0,48.42,10,0,0.359,2,1191.7,0,0
72.58,0,28.31,17,0,-0.311,0,1357.1,0,0
22.13,0,47.56,9,0,0.891,0,900.5,0,0
38.79,0,1.93,8,0,-0.521,1,754.7,0,0
55.61,0,12.49,17,0,-0.256,0,1705.0,0,0
42.33,0,20.47,13,0,0.423,0,1377.9,0,0
65.78,0,21.52,12,0,0.181,0,580.4,0,0
302.27,0,9.79,16,0,-0.539,2,1025.0,0,0
192.5,0,43.36,11,0,-1.229,1,614.0,0,0
58.26,0,16.24,13,0,-0.015,3,828.0,0,0
23.88,0,14.28,15,0,-0.582,1,1591.2,0,0
207.84,0,29.25,10,0,0.024,0,1596.8,0,0
63.96,0,2.95,16,0,-0.337,0,743.4,0,0
15.37,0,4.8,8,0,-0.574,0,1232.9,0,0
122.19,0,9.97,19,0,-0.215,0,587.2,0,0
159.47,0,13.08,15,0,-0.059,1,2162.2,0,0
8.48,0,21.62,15,0,0.556,1,393.5,0,0
33.09,0,20.45,18,1,0.339,1,815.0,0,0
60.71,0,12.5,13,0,1.676,3,1231.2,0,0
124.5,0,9.99,8,0,0.113,1,636.1,0,0
43.02,0,4.28,23,0,-0.538,0,583.2,0,0
32.87,0,12.7,4,0,-0.133,0,943.7,0,0
123.73,1,6.94,19,0,0.455,2,709.7,0,0
44.79,0,3.61,9,0,0.803,0,364.4,0,0
105.71,0,0.78,16,0,1.073,4,942.8,0,0
25.93,1,15.83,15,0,-0.814,0,1209.7,0,0
21.13,1,34.93,9,0,1.025,0,871.4,0,0
126.72,0,29.9,17,0,-0.037,0,931.1,0,0
82.65,0,25.8,13,0,-0.742,3,1131.8,1,0
146.07,0,14.85,10,0,-0.163,0,1886.7,0,0
42.41,0,37.01,14,0,0.969,0,795.1,0,0
33.93,0,2.43,18,0,0.366,2,1096.3,0,0
212.01,0,1.67,10,0,-0.97,2,934.4,0,0
18.27,0,1.54,15,0,-0.964,2,565.7,1,0
193.2,0,10.48,16,0,-0.986,0,1300.5,0,0
204.88,0,2.42,15,0,-0.585,0,1671.5,0,0
138.53,0,13.05,15,0,0.062,0,1210.4,0,0
37.16,0,11.2,16,0,-0.901,1,308.1,0,0
33.31,0,18.11,10,0,-0.343,0,816.7,0,0
55.78,0,15.28,9,0,1.122,0,1208.5,0,0
22.18,0,18.37,20,0,1.294,0,1465.6,0,0
29.45,0,5.01,0,0,1.24,1,441.6,0,0
630.52,1,1.84,1,0,3.499,4,130.8,1,1
115.36,0,7.53,19,0,-1.436,0,558.2,0,0
115.81,0,26.81,11,0,1.339,1,1112.5,0,0
344.97,1,0.26,23,1,3.504,2,25.6,1,1
27.33,0,16.11,11,0,0.073,0,992.4,0,0
118.48,0,11.1,4,0,0.062,1,944.2,0,0
98.12,0,47.41,13,0,0.823,1,1840.0,0,0
240.66,0,3.14,19,0,0.563,0,1919.8,0,0
108.18,0,47.91,18,0,-1.495,0,617.1,0,0
163.99,0,0.11,11,0,-0.49,1,383.8,0,0
100.03,0,6.2,12,0,-0.293,0,915.5,0,0
153.38,0,1.5,16,0,-1.064,0,1288.5,0,0
22.33,0,33.65,19,0,0.798,1,1527.1,0,0
60.13,0,3.13,15,0,1.151,2,801.1,0,0
64.51,0,0.9,10,0,-0.008,1,683.2,0,0
54.21,1,49.1,16,0,0.239,0,1141.0,0,0
97.25,0,31.97,16,0,-0.009,0,857.2,0,0
114.35,1,23.09,8,0,0.079,0,969.9,0,0
93.08,0,17.14,15,0,0.894,1,1213.5,0,0
57.37,0,20.45,17,0,-1.412,0,882.5,0,0
35.68,0,22.72,12,0,0.389,1,478.4,0,0
169.46,0,9.79,14,0,0.009,2,692.0,0,0
89.77,1,61.96,16,0,-0.571,0,708.5,0,0
28.06,0,21.66,15,0,-0.403,3,711.9,0,0
56.56,1,8.55,8,0,1.466,1,351.4,0,0
93.15,1,8.89,5,1,1.822,3,234.1,0,1
15.15,0,21.43,15,0,-1.062,1,2050.7,0,0
521.38,0,1.61,22,1,2.962,2,291.4,1,0
68.72,1,61.21,10,0,-0.135,2,555.9,0,0
56.34,1,4.82,16,0,1.304,0,1321.3,0,0
40.92,0,0.91,11,0,-1.016,1,643.6,0,0
256.44,1,17.18,4,0,-0.365,2,797.5,0,1
24.96,0,4.42,9,0,0.034,2,958.3,0,0
121.56,0,26.9,18,0,0.33,0,729.5,0,0
503.01,1,3.86,2,1,2.144,4,77.5,0,1
427.82,0,28.42,8,0,-0.064,3,1761.5,0,0
166.61,0,25.91,16,0,-0.716,0,3306.1,0,0
64.92,0,5.08,12,0,0.358,0,371.7,1,0
25.43,0,35.72,10,0,-0.08,1,1483.8,0,0
20.95,0,38.96,21,0,0.502,1,1028.0,0,0
47.0,0,49.43,8,0,0.739,1,817.1,0,0
37.19,0,24.32,17,0,-1.189,1,1373.3,0,0
36.18,0,27.99,12,0,0.827,0,1544.3,0,0
50.53,0,0.76,17,1,-0.204,1,914.5,0,0
61.14,0,59.01,19,0,0.66,0,1664.6,0,0
100.73,1,9.88,17,0,0.395,1,328.5,0,0
23.29,0,21.78,13,0,1.483,1,1284.9,0,0
37.34,0,11.72,9,0,0.005,2,971.1,0,0
58.22,0,7.88,19,0,-0.323,0,1056.4,0,0
56.48,1,56.86,16,0,-0.41,2,1469.1,0,0
317.65,0,8.73,10,0,-0.83,0,1224.9,0,0
81.24,0,5.86,8,0,0.646,0,2074.9,0,0
16.92,0,13.21,15,0,-0.881,1,2237.8,0,0
95.15,0,1.6,8,0,0.639,0,879.6,0,0
570.4,1,0.16,4,1,1.363,4,9.1,0,1
106.04,0,1.38,15,0,-0.179,2,518.9,0,0
2657.1,0,1.95,23,1,2.384,11,157.2,0,1
59.96,0,13.23,13,0,-1.411,1,948.8,0,1
23.77,0,16.85,18,0,1.191,1,616.1,0,0
297.18,0,33.91,12,0,-2.701,1,778.5,0,0
26.86,0,11.27,13,0,-0.065,0,1012.6,0,0
116.94,0,15.08,14,0,0.187,2,436.7,0,0
79.05,0,39.53,19,0,-1.845,2,1194.8,0,0
111.13,0,41.28,16,0,0.353,2,916.2,0,0
284.53,0,4.43,16,0,-0.536,1,671.3,0,0
107.49,0,15.46,1,0,-0.199,1,259.6,0,0
41.48,0,12.53,13,0,1.074,2,1447.6,0,0
170.73,0,11.32,10,0,0.114,2,1549.2,0,0
39.0,1,9.82,18,0,-0.28,1,1475.8,0,0
76.63,0,3.5,2,0,-0.136,0,614.0,0,0
1329.39,1,2.96,2,1,3.594,5,58.8,1,1
923.39,1,1.81,5,1,2.946,5,26.3,1,1
22.22,0,39.87,9,0,1.421,0,1145.3,0,0
27.71,1,3.76,9,0,0.324,0,1576.0,0,0
69.66,0,5.78,15,0,-0.707,1,1097.5,0,0
91.18,0,1.17,3,0,-0.391,0,1054.0,0,0
15.69,0,11.52,19,0,-0.952,0,1952.2,0,0
101.77,0,30.01,15,0,-0.361,0,1889.0,0,0
33.23,0,0.55,15,0,1.286,1,778.7,0,0
197.89,0,0.9,11,0,-0.133,2,716.9,0,0
49.44,0,17.24,12,0,-1.07,1,648.1,0,0
25.66,0,2.68,20,0,0.345,0,361.0,0,0
71.12,0,6.16,9,0,-0.314,0,1759.1,0,0
30.61,0,10.22,12,0,0.449,1,1090.0,0,0
196.1,0,7.4,10,0,-0.194,0,786.2,0,0
228.23,1,1.52,5,0,4.113,7,142.2,0,1
66.72,0,3.07,15,0,1.156,0,996.7,0,0
58.62,0,0.35,17,0,-0.729,1,1831.2,0,0
110.28,0,26.49,19,0,-0.932,0,451.2,0,0
28.38,0,22.39,18,1,0.75,0,1731.4,0,0
22.29,0,19.46,11,0,-1.603,1,954.9,1,1
94.36,0,1.99,12,0,-0.138,1,1180.5,0,0
26.19,0,1.57,19,0,0.64,1,1211.6,0,0
26.18,0,2.16,14,0,-1.756,1,1879.7,0,0
135.81,0,59.79,10,0,0.052,0,632.4,0,0
104.2,0,2.24,17,0,-1.197,0,2430.3,0,0
22.97,0,22.12,9,0,-1.476,2,502.8,0,0
39.4,0,15.37,20,0,-0.853,0,690.6,0,0
30.93,0,50.78,14,0,-0.147,1,1301.5,1,0
301.83,0,42.14,18,0,-0.565,1,1776.2,0,0
326.88,1,2.59,22,0,2.733,4,183.7,0,1
144.04,0,5.63,4,0,0.886,0,647.4,0,0
46.63,0,7.47,6,0,0.066,1,469.7,0,0
108.83,0,13.97,7,0,-0.391,0,1820.4,0,0
21.06,0,78.34,9,0,-1.048,2,796.0,0,0
37.65,0,97.44,17,0,0.179,1,823.2,0,0
72.9,0,4.47,18,0,1.647,2,1024.0,0,0
97.94,0,5.25,13,1,-0.562,0,932.2,0,0
61.38,0,57.82,14,0,-0.468,0,1320.8,0,0
82.34,0,16.35,19,0,-0.849,1,515.7,0,0
71.28,0,1.56,9,0,0.947,1,440.2,0,0
58.03,0,10.52,7,0,0.742,0,1173.0,0,0
51.85,1,1.03,23,0,-0.357,1,1203.8,0,0
46.42,0,28.75,16,0,-0.479,2,1318.5,0,0
81.22,0,3.06,10,0,-0.755,0,1285.2,0,0
94.56,0,30.78,0,0,-0.231,0,444.5,0,0
78.93,0,43.71,11,0,0.816,2,1275.8,0,0
24.49,0,26.09,14,0,0.033,1,1250.7,0,0
28.53,0,23.13,14,0,1.03,1,482.9,0,0
93.6,0,7.44,19,0,-0.576,2,1546.3,0,0
232.97,0,21.4,16,0,-1.85,0,636.8,0,0
75.91,0,16.92,14,0,2.084,1,599.0,0,0
47.0,0,26.86,16,0,0.172,1,1333.7,0,0
80.7,1,0.2,12,0,0.623,0,539.2,0,0
25.37,1,15.17,15,0,-0.63,2,870.7,0,0
202.88,0,1.26,18,0,-1.09,1,807.8,0,0
78.15,0,13.47,12,0,0.124,2,740.4,0,0
37.75,0,7.76,15,1,-1.593,0,661.5,0,0
57.87,0,7.64,11,0,-0.214,1,2272.3,0,0
42.61,0,18.45,14,0,0.818,0,1297.9,0,0
203.35,0,7.99,4,0,0.359,1,699.7,0,0
456.74,1,6.16,23,1,4.436,5,26.7,0,1
56.15,0,23.58,16,1,0.204,0,231.4,0,0
76.1,0,18.15,5,0,1.395,0,709.1,0,0
108.6,0,2.0,12,0,0.3,0,1121.0,0,0
35.53,0,15.65,14,0,-1.524,0,805.8,0,0
78.62,0,1.42,13,0,-0.119,0,1154.1,0,0
84.21,0,15.05,11,0,1.54,1,561.5,0,0
17.8,0,17.5,10,0,-0.248,0,1022.1,0,0
82.66,1,33.27,14,0,1.491,2,1372.4,0,0
64.14,0,7.84,20,0,0.819,3,996.1,0,0
74.48,0,7.83,8,0,-0.327,2,833.9,0,0
68.74,0,24.64,16,0,-0.864,1,1208.7,0,0
83.12,0,19.14,17,0,0.272,2,316.3,0,0
207.83,0,36.92,4,0,1.016,0,1370.5,0,0
24.47,1,12.63,18,0,-1.263,4,344.5,1,0
49.86,0,5.09,6,0,0.096,2,1475.6,0,0
117.52,0,4.68,9,0,-1.633,0,818.5,0,0
100.36,0,6.44,19,0,-0.272,2,270.3,0,0
98.54,0,36.84,16,0,-1.324,1,1422.6,0,0
692.66,0,24.24,12,0,0.45,0,1570.0,0,0
112.39,0,7.75,18,0,-0.551,0,844.5,0,0
174.39,0,33.08,17,0,0.926,1,1515.3,0,0
51.37,0,3.43,1,0,-0.432,1,1086.2,0,0
28.67,0,47.38,19,1,-0.505,2,1204.4,0,0
51.05,0,1.98,15,0,-1.292,2,1681.4,0,0
122.14,0,39.05,15,0,0.313,2,1141.9,0,0
94.24,0,5.19,10,0,0.394,1,1424.1,0,0
93.95,0,24.6,19,0,0.752,0,2186.6,0,0
55.58,0,1.78,13,0,0.524,0,1418.6,0,0
48.53,0,7.01,15,0,0.321,1,808.1,0,0
57.23,0,3.52,15,0,0.477,1,1102.8,0,0
123.45,0,42.09,10,0,0.557,1,706.8,0,0
136.27,0,3.95,15,0,0.726,0,1126.3,0,0
28.35,0,8.61,12,0,-1.222,1,860.6,0,0
127.48,0,1.53,12,1,-0.369,0,1178.1,0,0
38.36,0,13.56,14,0,-1.298,1,1432.5,0,0
99.34,0,87.79,1,0,0.266,0,694.9,0,0
56.65,0,6.79,13,0,1.304,0,1008.2,0,0
252.38,0,82.3,8,0,0.717,2,610.7,0,0
46.74,0,16.92,16,0,-0.486,3,712.4,0,0
77.62,0,7.43,1,0,0.404,1,1082.0,0,0
111.68,1,23.14,9,0,0.279,3,830.7,0,0
31.73,0,0.86,5,0,0.187,2,1819.3,0,0
62.68,0,26.2,12,0,-1.043,0,404.9,0,0
53.17,0,14.37,16,0,1.052,1,1991.0,0,0
43.09,1,10.01,18,0,-0.942,0,1419.9,0,0
45.89,0,22.43,16,0,-0.293,2,1291.3,0,0
171.61,0,7.25,19,1,0.767,3,1378.0,0,0
40.09,1,21.83,8,0,-0.299,2,1364.9,1,0
107.93,1,36.65,11,0,0.063,0,801.1,0,0
87.13,0,3.37,8,0,0.096,1,1453.7,0,0
20.34,0,8.56,10,0,0.053,0,1123.0,0,0
103.68,0,26.49,12,0,0.092,1,440.5,0,0
20.06,0,2.01,8,0,0.171,0,717.8,0,0
113.74,0,4.7,12,0,0.06,1,613.8,0,0
43.33,0,8.79,9,0,-0.716,1,908.7,0,0
67.16,0,5.25,9,0,-1.24,1,346.9,0,0
22.19,0,10.88,18,0,0.799,0,1347.6,0,0
74.0,0,24.87,16,0,0.835,1,1455.9,0,0
146.63,0,28.11,13,0,0.27,1,789.6,0,0
33.58,0,58.34,14,0,0.263,0,1187.9,0,0
39.8,0,7.7,11,0,-0.732,0,1851.2,0,0
98.14,0,4.8,13,0,-1.951,1,824.9,0,0
100.25,0,3.69,21,0,-0.199,0,825.1,0,0
8.42,0,8.77,14,0,-1.518,1,883.3,0,0
369.85,1,10.01,7,0,0.148,0,1298.3,0,0
104.51,0,36.87,13,0,1.043,0,817.5,0,0
120.59,0,9.36,12,0,-0.493,2,890.9,0,0
59.03,0,2.57,18,0,-0.447,2,1276.8,0,0
13.78,0,5.53,18,0,-0.805,0,1243.1,0,0
118.33,0,0.23,10,0,0.035,3,770.0,0,0
41.25,0,24.8,13,0,-0.027,2,601.5,0,0
105.88,0,4.62,1,0,-0.815,2,842.6,0,0
55.37,0,0.23,11,0,0.73,0,933.1,0,0
81.64,0,4.34,16,0,2.162,0,1090.4,0,0
34.51,0,14.23,18,0,0.952,0,1000.8,0,0
139.04,0,8.05,10,0,-0.088,0,533.7,0,0
24.29,0,17.03,9,0,-0.098,0,808.6,0,0
449.77,0,10.18,10,0,-0.411,2,358.5,0,0
446.86,0,7.71,19,0,-0.427,0,1087.8,0,0
267.15,0,14.35,18,0,0.767,2,587.3,0,0
197.19,0,27.58,15,0,0.801,1,464.6,0,0
62.06,0,1.86,9,0,-0.936,0,860.6,0,0
179.75,0,7.36,18,0,0.293,0,1164.6,0,0
61.45,0,3.57,10,0,0.889,3,988.7,0,0
17.81,0,33.93,10,0,-0.28,0,1942.1,0,0
239.3,0,7.52,16,0,-0.169,0,405.7,0,0
174.08,0,15.92,12,1,0.557,0,394.5,0,0
64.93,0,6.16,18,0,0.58,2,742.5,0,0
23.54,0,3.31,18,0,0.343,1,1428.0,0,0
40.52,0,3.14,5,0,0.203,0,772.9,0,0
14.18,0,13.07,18,0,0.311,1,637.2,0,0
148.91,0,5.19,14,1,-0.222,0,1199.4,0,0
17.07,0,12.24,22,0,-0.894,0,810.8,0,0
85.1,0,19.97,18,0,-1.245,0,1661.2,0,0
32.55,0,9.53,23,0,0.476,1,873.3,0,0
19.83,0,5.46,13,0,0.087,3,1438.5,0,0
81.66,0,14.4,15,0,0.364,0,906.7,0,0
50.21,1,5.07,18,0,-0.663,0,1167.6,0,0
135.97,0,26.18,12,0,0.082,2,1535.1,0,0
264.99,0,1.87,4,1,2.733,7,134.8,1,1
22.7,0,4.46,13,0,0.063,1,393.2,0,0
35.03,0,16.19,11,0,1.023,1,332.6,0,0
8.76,0,23.14,17,0,0.681,2,418.4,0,0
10.42,0,107.51,22,0,-0.592,2,602.0,0,0
307.5,0,10.79,11,0,0.404,1,1565.7,0,0
391.92,0,34.53,16,0,-0.598,1,2064.5,0,0
72.16,0,6.56,15,0,-2.09,2,936.6,0,0
33.11,0,0.24,14,0,1.381,1,795.0,0,0
51.74,1,0.46,15,0,-0.3,0,1141.2,0,0
140.13,0,10.76,20,0,0.832,0,692.0,0,0
43.07,0,12.91,10,0,-0.529,2,1111.8,0,0
81.61,0,9.64,11,0,-0.646,1,1538.0,0,0
65.97,0,5.52,16,0,-0.437,1,1145.7,0,0
41.12,0,15.59,19,0,0.202,0,566.1,1,0
42.64,0,2.67,19,0,0.141,2,921.6,1,0
85.57,0,40.4,12,0,0.398,2,2175.7,0,0
29.07,0,3.82,13,0,-0.397,1,1204.0,1,0
97.9,0,41.72,18,1,0.032,1,762.6,0,0
44.66,0,20.74,0,0,-0.675,0,682.9,0,0
74.31,0,12.07,18,0,1.175,0,751.7,0,0
216.24,0,0.67,10,0,-1.051,0,1363.9,0,0
57.8,0,19.62,11,0,-0.658,2,1071.8,0,0
145.74,0,18.26,13,0,-0.339,1,592.8,0,0
14.54,0,1.31,16,0,1.911,1,1498.1,0,0
44.71,0,50.7,12,0,0.613,1,2144.8,0,0
735.37,0,3.8,7,1,2.617,7,104.4,0,1
68.27,0,9.41,8,0,-0.683,1,1097.0,0,0
342.01,0,0.25,17,0,0.658,1,1625.8,0,0
12.6,0,13.92,14,0,0.413,0,553.1,0,0
61.45,0,19.28,17,0,0.219,0,893.2,0,0
230.02,0,33.52,10,0,0.557,5,522.2,0,0
34.22,0,26.47,21,0,0.046,1,1390.0,0,0
55.65,0,18.73,15,0,0.137,5,972.5,0,0
88.41,0,6.32,22,0,-1.242,1,332.9,0,0
78.01,0,0.15,17,0,1.154,1,557.7,0,0
252.37,0,5.7,9,0,-0.358,1,919.0,0,0
97.63,0,7.78,15,0,-0.99,3,421.6,0,0
206.15,0,7.94,14,0,-0.403,0,574.9,0,0
49.11,0,20.55,8,0,-0.371,1,1566.7,0,0
35.54,0,70.92,12,0,-0.641,0,669.9,0,0
55.04,0,4.66,9,0,0.622,0,1090.5,0,0
24.9,0,125.9,16,0,0.779,0,1462.1,0,0
100.58,0,38.71,17,0,-1.567,0,1342.7,0,0
48.04,0,2.24,19,0,-0.412,2,1884.1,0,0
37.67,0,36.41,13,0,-0.354,3,1513.6,0,0
101.89,0,6.77,11,0,-0.138,0,1072.9,0,0
25.23,0,21.08,21,0,1.365,0,450.7,0,0
128.37,0,18.0,11,0,-0.651,3,939.6,0,0
44.41,0,41.82,12,1,1.25,0,1347.9,0,0
178.61,0,28.28,12,0,-0.117,1,622.5,0,0
47.76,0,12.35,17,0,1.257,1,1577.2,0,0
114.11,0,10.06,9,0,-0.249,1,973.5,0,0
77.68,0,6.25,8,0,-0.342,1,1344.6,0,0
125.5,1,11.01,17,0,-0.018,1,1340.4,0,0
73.22,0,18.43,13,0,1.034,0,1369.9,0,0
16.22,0,3.73,18,0,0.127,1,770.7,0,0
157.19,0,2.02,18,0,0.167,1,1896.1,0,0
61.9,1,13.38,9,0,0.509,1,1713.8,0,1
130.46,0,45.41,12,0,-0.704,0,1029.3,0,0
119.91,1,8.64,17,0,0.269,0,540.2,0,0
34.56,0,10.86,11,0,-0.503,2,786.5,0,0
30.64,1,2.27,17,0,1.177,0,769.5,0,0
116.4,0,6.13,18,1,0.335,1,435.3,0,0
51.53,0,24.7,19,1,0.554,0,694.8,0,0
147.82,0,43.55,17,0,-1.631,0,133.8,0,0
57.31,0,10.55,17,0,0.565,2,1232.4,0,0
159.16,1,0.96,13,0,-0.142,1,895.2,0,0
95.57,0,3.07,8,0,-1.15,0,1379.9,0,0
85.18,0,1.22,3,0,0.076,2,836.8,0,0
48.53,0,13.72,19,0,-1.215,1,421.8,0,0
81.25,0,60.01,18,0,0.489,0,528.6,0,0
183.81,0,8.56,10,0,1.147,0,952.7,0,0
655.58,1,0.89,22,0,1.64,9,233.4,0,1
63.68,0,16.92,16,0,-1.432,1,948.8,0,0
104.74,1,0.89,11,0,-0.024,1,692.7,0,0
69.37,1,8.67,20,0,-0.132,0,678.8,0,0
74.14,0,10.63,16,0,-1.592,1,1412.5,0,0
288.56,0,8.27,13,1,0.733,3,355.9,0,0
185.21,1,0.6,15,1,0.501,0,1127.7,0,0
71.34,0,21.85,9,0,1.621,1,848.2,0,0
80.02,0,57.72,11,0,0.397,2,1410.4,0,0
36.72,0,17.07,17,0,-0.703,1,2230.9,0,0
57.57,0,12.81,15,0,0.411,1,492.6,0,0
86.75,0,5.52,18,0,1.028,2,1300.6,0,0
137.42,0,26.17,19,0,-0.372,1,1271.0,0,0
126.07,0,17.09,12,0,0.682,3,640.1,0,0
25.97,0,30.71,11,0,-1.884,0,758.8,0,0
153.0,0,27.4,11,0,1.18,0,878.7,0,0
61.84,0,25.94,14,0,0.64,1,1246.4,1,0
28.82,0,3.24,11,0,-2.035,0,1008.3,0,0
207.67,0,39.99,12,0,0.306,1,1752.9,0,0
231.32,0,7.63,10,0,-1.589,1,609.7,0,0
83.44,0,5.04,12,0,-0.489,0,939.4,0,0
121.81,1,38.74,19,0,0.543,0,1108.2,0,0
128.04,0,6.81,13,0,-0.109,1,824.1,0,0
218.42,0,7.75,17,0,1.005,3,564.3,0,0
206.3,1,1.13,5,0,3.433,7,33.4,1,1
123.82,0,27.78,13,0,0.051,1,1593.8,0,0
21.57,0,2.18,13,0,-0.03,1,1086.9,0,0
368.09,1,35.06,0,0,0.879,0,356.0,0,0
164.98,0,3.7,9,0,-0.27,2,710.3,0,0
43.25,0,23.54,12,1,-0.02,1,627.1,0,0
27.79,0,14.71,9,0,0.085,0,1946.4,0,0
102.42,0,3.31,10,0,-0.054,1,856.0,0,0
52.64,0,13.6,16,0,0.928,1,1787.0,0,0
88.28,0,15.24,10,0,-0.533,1,1194.9,0,0
125.45,0,23.95,10,0,-0.664,1,1163.5,0,0
41.2,1,56.39,14,0,-0.849,0,697.3,0,0
25.82,0,21.44,12,0,-1.713,2,850.5,0,0
92.57,0,2.03,9,0,1.187,0,482.0,0,0
42.38,0,12.31,19,0,-0.721,1,1494.4,0,0
75.5,0,5.96,19,0,-0.191,1,1501.1,0,0
21.29,0,37.6,14,0,1.246,1,1163.7,0,0
53.82,0,5.44,14,0,-0.114,1,1005.5,0,0
122.45,0,32.98,17,0,0.412,0,907.8,0,0
111.61,0,6.57,19,0,-1.136,1,1940.0,0,0
34.12,0,5.44,9,0,1.119,2,1606.3,0,0
24.7,0,23.12,9,1,-0.097,1,1089.6,0,0
67.59,0,28.39,11,0,-0.815,0,765.6,0,0
107.43,0,7.13,11,0,-0.815,1,729.5,0,0
94.1,0,14.97,18,0,1.352,2,1868.7,0,0
43.15,0,4.71,14,0,-0.469,2,654.8,0,0
85.9,0,29.95,17,0,-0.797,1,938.5,0,0
239.13,0,17.76,16,0,-0.346,2,1267.0,0,0
79.39,0,7.97,16,0,0.036,1,1440.0,0,0
16.64,0,28.54,19,0,0.121,1,1132.4,0,0
79.26,0,31.19,6,0,0.355,0,1022.0,0,0
378.93,0,2.46,17,0,0.188,0,991.9,0,0
1283.64,1,1.89,18,1,2.223,7,149.9,0,1
22.33,0,15.82,7,0,0.518,1,884.2,0,0
68.39,1,15.24,11,0,-0.218,0,567.0,0,0
55.02,0,4.57,15,0,1.658,1,1359.0,0,0
72.35,0,18.82,18,0,-0.391,1,774.3,0,0
78.66,1,7.16,8,0,1.082,2,514.8,0,0
175.73,0,31.63,14,0,-0.479,2,595.2,0,0
71.67,0,21.51,16,0,-1.142,0,1084.0,0,0
197.49,0,36.8,18,0,-1.334,0,1326.8,0,0
60.34,0,17.09,14,0,0.243,2,1066.3,0,0
49.52,0,30.91,8,0,0.93,1,923.7,1,0
37.76,0,2.15,8,0,-0.921,2,961.9,0,0
14.23,1,5.28,22,0,-0.702,2,665.1,0,0
84.3,0,9.98,2,0,0.309,3,1513.5,0,0
382.18,0,0.31,8,0,-0.002,0,600.7,0,0
98.45,0,63.05,9,0,-0.469,0,1146.8,0,0
119.55,0,15.9,9,0,-1.023,1,1466.4,0,0
46.94,0,35.96,12,0,0.247,2,1101.3,1,0
54.18,1,2.03,16,0,0.522,1,1282.2,0,0
154.0,0,8.97,4,0,0.393,0,694.9,0,0
367.74,0,38.32,14,0,0.021,2,1129.5,0,0
236.22,0,6.99,22,0,-0.845,0,1426.0,0,0
132.22,0,2.62,3,0,0.252,1,1363.6,0,0
68.71,0,17.1,9,0,0.192,0,1433.4,0,0
79.7,0,11.91,16,0,-1.051,2,857.6,0,0
35.15,0,3.33,10,0,-0.242,2,1551.2,0,0
19.47,0,31.46,19,0,0.293,2,1044.7,0,0
25.59,1,20.28,18,0,-0.063,1,836.1,0,0
69.57,0,74.21,8,0,-1.568,0,1883.1,0,0
52.03,0,5.77,10,0,-0.512,1,362.2,0,0
19.12,0,27.3,12,0,-0.566,1,1008.6,0,0
64.6,0,34.43,16,0,0.447,0,714.8,0,0
50.87,0,30.41,14,0,2.079,0,1359.9,0,0
24.61,0,16.23,11,0,0.107,2,687.5,0,0
48.68,0,32.19,15,0,-0.958,1,440.8,0,0
50.76,0,10.35,15,0,-0.128,1,809.5,0,0
39.48,0,9.28,19,0,0.009,0,849.9,0,0
146.59,0,5.88,11,0,0.605,2,750.1,0,0
13.23,0,22.09,8,0,0.994,0,520.6,0,0
12.33,0,102.35,16,0,1.113,2,919.6,0,0
66.87,0,15.53,16,0,0.43,0,395.6,0,0
72.36,0,9.04,14,0,-0.001,0,918.9,0,0
94.03,0,0.67,16,0,1.187,0,936.8,0,0
42.18,0,8.04,10,0,-0.278,1,1794.5,0,0
30.56,0,5.85,21,0,0.044,1,1081.1,0,0
66.27,0,31.67,12,0,-0.195,0,406.4,0,0
45.82,0,15.83,18,0,-1.705,1,1206.6,0,0
249.24,0,2.89,14,0,1.017,2,1921.6,0,0
50.62,0,18.04,15,0,0.54,3,691.0,0,0
63.74,0,15.03,17,0,-1.896,0,938.5,0,0
546.81,0,0.62,12,0,0.801,1,854.7,0,0
56.51,1,1.79,13,1,-0.243,0,963.1,0,0
106.99,0,32.06,16,0,0.791,3,224.0,0,0
115.51,0,1.5,9,0,0.061,0,948.4,0,0
124.17,0,2.64,12,0,-1.086,0,931.2,0,0
85.29,0,15.82,14,0,0.021,1,725.8,0,0
78.63,0,41.11,11,0,-0.719,1,884.5,0,0
534.78,1,0.36,4,1,2.115,6,40.4,0,1
72.62,1,5.48,10,0,-0.978,0,1009.5,0,0
40.87,0,13.46,13,1,0.694,0,1057.8,1,0
123.56,1,0.36,4,1,3.561,7,83.7,0,1
87.94,0,20.66,18,0,0.313,0,1137.5,0,0
374.03,0,6.81,12,0,1.198,4,396.0,1,0
186.62,0,26.45,18,0,-0.316,0,1635.4,0,0
86.34,1,30.79,16,0,-0.77,1,1278.4,0,0
138.03,0,15.1,9,0,0.511,2,1059.6,0,0
31.86,0,57.02,4,0,-0.667,1,842.1,1,0
53.44,0,2.7,15,0,-0.248,0,2299.9,0,0
149.26,1,27.02,22,0,0.42,0,399.0,0,0
236.06,0,5.97,16,0,-0.101,1,1131.4,0,0
34.63,0,36.44,8,0,-0.391,2,1384.3,0,0
44.21,0,13.62,11,0,-1.122,0,1013.6,0,0
425.89,1,17.81,17,0,0.75,0,705.9,0,0
72.37,0,1.63,14,0,-0.295,1,1199.7,0,0
314.15,0,19.22,12,1,0.494,1,593.3,0,0
79.51,0,3.57,13,0,0.389,0,1388.2,0,0
82.21,0,31.17,3,0,0.873,0,565.2,0,0
51.44,0,18.0,13,0,-0.188,2,1711.5,1,0
148.59,0,4.81,13,0,-0.278,1,1201.5,0,0
211.48,0,13.83,14,0,-0.887,2,1035.5,0,0
27.67,0,29.32,1,0,-0.434,0,907.1,0,0
49.42,0,11.81,14,0,0.273,2,955.0,0,0
145.16,0,40.96,16,0,-0.654,0,625.5,0,0
59.73,0,11.68,16,0,0.253,1,1003.7,0,0
43.84,0,0.18,15,0,1.174,1,809.6,0,0
157.29,0,19.98,10,0,-0.356,0,776.7,0,0
170.36,0,5.37,9,0,-1.051,1,2231.8,0,0
45.5,0,27.05,16,1,-0.331,0,817.1,0,0
79.88,0,8.31,11,0,-1.138,0,871.5,0,0
23.87,0,44.54,13,0,1.067,1,1515.4,0,0
31.15,0,5.74,16,0,0.068,1,623.7,0,0
74.11,0,24.33,15,0,-0.583,1,1691.8,0,0
68.49,0,22.56,13,0,-0.448,0,857.6,0,0
29.32,0,5.74,21,0,-0.946,0,670.4,0,0
36.29,0,24.2,18,0,0.809,4,394.4,0,0
26.97,0,1.71,14,0,1.47,1,1596.9,0,0
98.18,0,7.75,14,0,-1.195,2,754.5,0,0
12.52,0,33.81,2,0,0.835,1,846.9,0,0
28.22,0,1.95,17,1,-0.197,1,853.4,0,0
13.69,0,19.61,11,0,1.014,0,753.4,0,0
95.22,0,1.41,19,0,-1.467,1,1197.0,0,0
14.41,0,8.0,8,0,0.18,1,1430.5,0,0
68.51,0,20.85,8,0,-0.326,1,2292.2,0,0
268.7,0,2.96,2,0,0.527,0,1755.4,0,0
472.92,1,13.86,7,0,3.469,3,179.3,0,1
276.56,0,18.45,18,1,0.049,1,1025.1,0,0
14.37,1,0.87,8,0,0.018,3,1394.1,0,0
85.94,0,0.21,4,0,-0.085,1,1975.9,0,0
28.77,0,7.42,12,0,1.25,3,1489.0,0,0
24.19,0,0.17,8,0,-0.14,0,1050.8,0,0
60.55,1,13.09,12,0,0.691,1,1206.3,0,0
189.44,0,8.52,15,0,0.503,1,1701.3,0,0
111.02,0,4.79,15,0,0.711,1,341.3,0,0
36.31,0,6.85,17,0,-0.812,0,903.9,0,0
121.42,0,6.64,0,0,0.566,1,294.8,0,0
9.9,0,1.39,8,0,0.269,4,548.8,0,0
35.16,0,3.22,18,1,-0.952,2,236.5,0,0
33.11,0,4.86,8,0,-0.17,0,869.0,0,0
71.28,0,9.51,9,0,1.835,1,1896.8,0,0
56.13,0,25.14,17,0,-0.313,0,1609.3,0,0
617.06,1,4.61,4,1,3.449,6,15.3,0,1
59.13,0,32.6,19,0,-0.294,1,670.4,0,0
57.48,0,10.7,8,0,0.361,0,1201.8,0,0
67.97,0,6.64,8,0,-0.433,2,606.5,0,0
105.54,1,7.12,19,0,0.112,3,1027.4,0,0
75.71,0,18.39,11,0,-0.359,0,1789.3,0,0
52.37,0,4.41,12,0,0.322,0,513.9,0,0
93.83,0,39.07,11,0,-0.05,1,1120.4,0,0
134.59,1,36.66,9,0,1.562,1,1372.7,0,0
41.57,0,70.86,8,0,0.037,2,736.7,0,0
63.4,0,4.77,9,0,-0.178,0,1115.8,0,0
179.04,0,30.1,18,0,0.824,2,658.7,0,0
26.12,0,87.68,8,0,-1.113,1,1052.9,0,0
309.2,0,12.13,18,0,1.353,0,1053.0,0,0
21.36,0,13.52,10,0,-0.791,0,474.4,0,0
49.72,0,0.12,15,0,0.954,2,430.0,0,0
29.74,0,59.82,11,0,1.165,1,393.7,0,0
428.26,1,10.6,18,0,-0.421,0,1237.2,0,0
43.47,0,127.1,4,1,-0.344,1,1144.2,0,0
43.57,0,1.35,16,0,-0.087,3,1004.7,0,0
48.66,0,23.43,19,0,0.497,1,881.0,0,0
72.33,0,1.23,13,0,-0.798,1,1422.9,0,0
50.44,0,8.79,19,0,-0.087,2,832.0,0,0
59.56,0,16.6,9,0,-0.251,0,688.3,0,0
5.0,0,20.21,11,0,-0.921,2,541.5,0,0
70.01,0,4.83,19,0,-0.836,3,975.1,0,0
67.7,0,9.78,13,0,0.103,1,1075.5,0,0
161.22,0,14.31,16,0,0.088,0,285.5,1,0
202.9,0,13.61,17,0,-0.611,1,951.4,0,0
56.85,0,9.74,12,0,0.063,2,1339.5,0,0
133.46,0,1.82,8,0,-0.518,0,845.3,1,0
26.15,0,32.34,9,0,1.046,0,2549.9,0,0
128.03,0,1.74,18,0,-0.082,1,977.4,0,0
40.99,0,38.84,17,0,0.878,0,774.1,0,0
24.36,0,75.47,22,0,-1.354,0,808.4,1,0
56.95,1,3.23,17,0,0.258,1,1154.9,0,0
219.29,0,11.28,15,0,0.477,0,2276.6,0,0
77.78,0,1.74,11,0,-0.11,1,692.9,0,0
237.94,0,22.3,15,0,-0.431,2,1282.9,0,0
35.29,0,9.95,19,0,-0.123,1,1120.5,0,0
162.5,0,29.21,18,0,0.594,0,1813.7,0,0
38.31,0,3.32,5,0,-0.968,2,675.3,0,0
80.76,0,5.51,13,0,0.56,2,1206.8,0,0
80.17,0,25.86,19,0,0.255,2,1508.5,0,0
117.01,0,1.61,19,0,-0.209,2,1273.3,0,0
82.53,0,7.29,15,0,-0.174,2,1434.3,0,0
35.58,0,13.22,15,0,0.049,1,827.9,0,0
140.93,0,8.05,16,0,1.327,1,1089.2,0,0
290.59,0,20.92,11,1,0.278,0,1650.5,0,0
40.6,1,9.11,20,0,-0.754,3,437.5,0,0
14.01,0,9.83,11,0,-0.348,1,835.8,0,0
101.94,0,26.87,17,1,-0.916,1,651.5,0,0
50.32,0,55.34,17,0,-1.512,0,637.1,0,0
59.65,0,0.67,11,0,-0.93,0,1134.3,0,0
106.99,0,31.05,17,0,0.096,1,1124.8,0,0
45.24,0,22.96,18,0,1.019,0,853.0,0,0
53.06,0,39.73,0,1,0.797,1,1055.0,0,0
61.25,0,3.68,14,1,-0.924,0,948.7,0,0
232.59,0,23.57,14,0,-0.638,1,400.1,0,0
68.41,0,9.18,8,0,-0.751,0,537.2,0,0
23.33,1,14.68,14,0,-2.065,0,1284.9,0,0
24.13,0,3.48,16,0,-0.134,0,597.9,0,0
75.06,0,9.0,14,0,0.643,4,846.3,0,0
25.53,0,34.32,5,0,-0.202,0,1175.2,0,0
17.67,0,31.5,14,1,-1.014,2,1118.4,0,0
114.46,0,9.64,12,0,-0.676,3,714.0,0,0
119.32,0,31.95,22,0,-0.263,2,980.1,0,0
48.77,0,26.41,12,0,0.616,1,831.1,0,0
85.59,0,14.22,10,1,-0.146,2,921.5,0,0
78.25,0,27.66,8,0,0.508,1,1784.9,0,0
111.28,0,34.74,18,0,-0.065,1,1202.6,0,0
111.5,0,0.71,12,0,0.189,3,921.1,0,0
7.28,0,10.95,13,0,-0.752,1,991.8,0,0
54.36,0,4.3,17,0,-0.549,1,292.2,0,0
103.57,0,9.78,10,0,-1.005,1,2807.0,0,0
47.05,0,13.68,10,1,0.481,0,1641.0,0,0
68.77,0,7.01,12,0,-0.233,2,805.2,0,0
126.23,0,29.97,15,0,-2.878,0,391.6,0,0
71.43,0,0.31,10,0,0.385,0,824.3,0,0
240.26,0,31.11,14,0,0.779,0,1515.9,0,0
173.81,0,30.58,16,0,-0.649,1,1437.3,0,0
60.29,0,10.48,10,0,0.384,4,972.8,0,0
56.35,0,6.37,13,0,-0.168,2,2071.8,0,0
5.91,0,62.63,11,0,-1.694,0,887.9,0,0
50.53,0,3.63,12,1,1.562,0,848.0,0,0
21.11,0,1.38,12,0,-0.163,2,1172.2,1,0
80.48,0,7.92,18,0,0.161,1,680.7,0,0
75.94,0,9.11,18,1,-0.5,1,758.7,0,0
120.48,1,27.12,10,0,-0.236,3,1296.0,0,0
218.58,0,6.41,19,0,0.129,0,645.4,0,0
65.21,0,24.36,8,0,-0.834,2,1172.0,0,0
463.29,0,3.39,12,0,1.355,0,1467.9,0,0
81.25,0,4.87,9,0,0.671,0,809.3,0,0
1073.02,1,5.71,4,1,2.328,4,86.3,0,1
21.9,0,7.63,8,0,0.413,1,880.5,0,0
41.36,1,16.84,14,0,-0.113,0,1027.5,0,0
48.58,0,17.37,15,0,-0.609,1,644.6,0,0
376.16,1,3.97,3,1,2.562,6,55.9,0,1
110.31,0,15.13,14,0,0.824,2,795.7,0,0
29.81,0,11.89,12,0,0.489,1,459.8,0,0
51.77,0,48.85,17,0,-0.32,0,582.1,0,0
58.16,1,9.72,13,0,-0.868,1,934.1,1,0
955.61,1,3.26,17,1,2.555,2,69.9,1,1
45.56,1,0.69,14,0,-1.261,3,1135.1,0,0
132.91,0,5.66,13,0,0.023,0,1139.1,0,0
115.02,0,7.76,10,0,-0.199,2,714.5,0,0
179.75,0,1.19,15,1,0.948,0,720.7,0,0
50.33,0,17.28,13,1,0.794,0,765.5,0,0
185.33,0,18.95,11,1,0.031,1,972.3,0,0
20.92,0,17.45,13,0,-0.065,1,580.1,0,0
20.49,0,14.05,18,0,-0.922,1,424.6,0,0
23.77,0,2.68,10,0,0.849,1,1041.3,0,0
67.21,0,15.54,13,0,-0.045,0,734.3,0,0
185.31,0,4.61,12,0,0.484,0,1142.4,0,0
39.97,0,49.41,12,0,0.941,2,2117.6,0,0
44.47,0,5.15,20,0,-0.452,0,746.8,0,0
55.5,0,1.58,19,0,-0.662,1,1183.2,0,0
108.52,0,10.65,8,0,1.975,1,332.1,1,0
44.43,0,3.44,12,0,0.476,3,811.8,0,0
42.38,0,53.45,18,0,-0.223,0,1013.6,0,0
21.25,0,25.88,8,0,0.992,0,301.1,0,0
41.02,0,41.57,14,0,-0.247,1,1697.7,0,0
181.43,0,33.38,9,0,0.26,2,656.3,0,0
72.04,0,2.14,14,0,-0.455,1,1374.3,0,0
35.56,0,10.79,16,0,-0.014,0,1226.9,0,0
190.7,0,0.81,15,0,-0.219,0,1871.8,0,0
40.55,0,11.44,14,0,-0.602,0,334.5,0,0
222.95,0,28.76,16,0,0.194,0,1086.0,0,0
219.88,0,34.36,14,0,-0.511,2,918.8,0,0
69.94,0,4.26,15,0,0.461,0,286.9,1,0
18.66,0,16.28,8,0,-0.244,1,883.7,1,0
466.88,0,0.05,8,0,-1.376,0,837.7,0,0
92.68,0,7.7,9,0,0.497,2,513.2,0,0
50.64,0,11.29,14,0,0.51,1,856.7,0,0
150.31,0,25.51,12,0,1.803,1,819.4,0,0
572.33,1,4.88,1,1,3.187,4,52.7,0,1
121.14,0,2.13,2,0,0.014,2,749.1,0,0
203.22,0,13.49,13,0,0.147,1,1102.0,0,0
37.98,0,0.05,19,0,0.383,1,1312.0,0,0
87.42,1,25.64,12,1,0.816,0,660.4,0,0
24.34,0,24.41,13,0,0.766,1,898.0,0,0
117.49,0,5.27,18,0,0.255,0,1849.1,0,0
65.4,0,14.36,17,0,-0.026,2,893.3,0,0
84.68,0,30.5,16,0,0.674,1,650.3,0,0
58.89,0,7.2,19,0,-0.06,2,551.6,0,0
53.87,0,4.84,15,0,-1.031,1,1200.7,0,0
31.88,0,9.3,19,0,-1.201,1,675.7,0,0
130.56,0,31.43,15,0,-0.235,1,613.8,0,0
236.57,0,48.67,14,0,0.096,0,1165.1,0,0
41.55,0,78.41,22,0,1.978,2,475.9,0,0
106.75,0,0.33,13,0,-0.096,0,1134.5,0,0
96.29,0,2.78,10,0,0.037,1,565.4,0,0
67.15,1,9.5,4,0,-0.323,2,616.6,0,0
18.22,0,15.24,15,0,0.495,2,469.0,0,0
22.06,0,5.19,15,0,0.224,1,631.4,0,0
34.34,0,19.66,9,0,-0.511,1,1523.4,0,0
10.82,0,6.31,17,0,-0.809,0,2688.8,0,0
220.7,0,14.08,16,0,-0.322,0,861.9,0,0
91.15,0,0.9,14,0,-0.675,1,791.7,0,0
65.01,0,18.27,13,0,-0.185,1,1317.2,0,0
10.36,0,16.8,14,0,0.113,2,1143.3,0,0
14.15,0,15.42,14,0,-0.401,2,1440.5,0,0
66.55,0,24.71,13,0,1.164,1,1094.0,0,0
355.99,0,6.69,18,0,0.928,0,1530.3,0,0
36.82,0,12.36,9,0,-0.184,1,1066.8,0,0
138.97,0,15.36,12,0,-0.771,2,1850.5,0,0
44.35,0,52.51,12,0,-0.024,0,1300.1,0,0
69.89,0,19.74,9,0,-0.107,1,1774.3,0,0
187.26,0,24.4,22,0,-0.05,0,792.9,0,0
49.7,1,7.91,6,0,-0.318,0,844.4,1,0
37.09,0,16.14,17,0,-0.84,1,1034.2,0,0
222.6,0,14.19,12,0,0.028,1,395.0,0,0
69.32,0,34.47,11,0,-0.281,0,1061.2,0,0
168.6,1,5.65,12,0,-0.21,1,916.8,0,0
37.25,0,7.61,16,0,0.075,3,959.6,0,0
220.45,0,1.21,11,1,-0.055,1,832.6,0,0
84.15,0,10.72,8,0,0.058,0,1030.7,0,0
96.5,0,72.56,13,0,-0.318,3,757.7,0,0
74.58,0,25.21,13,0,0.288,0,1504.0,0,0
43.4,0,9.86,14,0,-0.574,3,1267.7,0,0
66.59,0,1.06,3,0,-0.87,0,1037.0,0,0
45.78,0,4.95,18,0,-0.712,1,422.0,0,0
150.75,0,5.71,15,0,-0.541,1,393.2,0,0
56.11,0,42.83,9,0,-1.03,2,961.3,0,0
18.69,0,0.41,19,0,-1.354,0,594.0,0,0
16.0,0,12.35,14,0,0.403,0,1195.8,0,0
15.37,0,3.6,14,0,1.019,2,297.4,0,0
112.76,0,4.04,11,0,0.446,1,1990.8,1,0
25.06,1,101.85,17,1,-0.386,0,504.1,0,0
86.06,0,4.54,18,0,-1.373,2,1445.3,0,0
74.9,0,31.71,16,0,0.154,0,816.1,1,0
63.12,0,43.95,8,0,-1.286,1,411.1,0,0
96.8,0,14.35,12,0,-0.069,2,845.7,0,0
76.29,0,109.07,18,1,-0.64,1,1690.7,0,0
6.66,0,10.17,13,0,-1.824,1,810.1,0,0
50.65,0,7.26,8,0,1.184,2,1624.0,0,0
95.71,0,5.07,11,0,-1.005,4,930.6,0,0
268.87,1,8.48,13,0,-0.285,3,1255.7,0,0
279.64,0,17.47,8,0,-0.103,0,698.3,0,0
20.93,0,20.39,17,0,-0.376,1,315.0,0,0
49.54,0,9.69,12,0,0.372,1,628.5,0,0
17.62,0,40.34,17,0,-0.593,2,521.7,0,0
242.72,1,0.44,18,0,0.306,0,1040.3,0,0
157.74,0,20.8,18,0,0.255,0,1162.0,0,0
89.84,0,24.14,18,0,-1.102,3,836.3,0,0
76.8,0,34.39,13,0,0.189,0,667.9,0,0
215.62,1,21.75,10,0,-0.843,2,1828.9,0,0
186.72,0,31.92,9,0,-0.933,1,932.8,0,0
178.46,0,5.08,15,0,0.232,1,1112.7,0,0
98.32,0,9.88,9,0,-0.327,0,753.0,0,0
49.56,0,15.37,10,0,0.298,0,420.6,0,0
128.0,0,12.02,18,0,0.305,2,618.8,0,0
133.44,0,3.84,11,0,-1.142,2,902.4,0,0
56.71,0,16.07,12,0,0.592,2,462.0,0,0
49.47,0,71.11,11,0,0.228,1,1199.7,0,0
174.74,0,14.45,9,0,-0.469,1,914.6,0,0
274.38,0,3.88,19,0,-0.109,0,866.4,0,0
35.27,0,8.46,15,0,0.615,2,316.9,0,0
53.31,0,11.9,7,0,-0.256,1,898.9,0,0
89.86,0,2.04,9,0,1.692,0,993.7,0,0
100.85,0,4.39,9,0,1.193,1,580.3,0,0
42.78,0,32.58,10,0,0.093,1,725.7,0,0
330.63,0,5.71,18,0,-0.182,1,984.7,0,0
95.47,0,75.16,10,0,-0.148,0,604.2,0,0
104.76,0,17.09,19,0,-0.481,1,718.7,0,0
297.39,0,33.6,17,0,0.1,0,646.1,0,0
45.53,0,12.01,17,0,0.55,3,1173.0,0,0
61.86,0,85.21,11,0,-1.08,1,1468.2,0,0
22.98,0,4.58,9,0,0.514,0,996.4,0,0
57.6,0,5.39,10,0,0.747,2,795.2,0,0
18.81,0,10.99,18,0,0.458,1,1256.9,1,0
125.92,1,3.13,13,0,-0.104,1,413.7,1,0
95.3,0,7.44,12,0,0.425,1,889.5,0,0
52.69,1,5.61,10,1,1.039,0,440.0,0,0
61.23,0,12.96,12,0,-0.047,2,1504.6,0,0
127.39,1,3.59,12,1,0.019,2,675.3,0,0
25.4,0,14.29,16,0,1.706,1,1109.9,0,0
79.32,1,6.4,19,0,0.246,1,1296.6,1,0
120.85,0,1.62,13,0,-0.806,1,979.2,0,0
14.66,0,12.63,12,0,0.698,2,610.1,0,0
119.37,0,23.16,13,0,0.322,1,720.4,0,0
16.07,0,27.15,10,0,-0.524,0,1180.9,0,0
60.34,0,7.6,8,0,-0.883,1,1169.4,0,0
24.81,1,20.36,10,0,0.191,2,948.3,0,0
225.1,0,3.62,8,0,-0.048,1,352.3,0,0
24.94,0,7.57,8,0,-0.995,1,485.8,0,0
16.4,0,10.15,10,0,-0.071,2,876.6,1,0
74.69,0,17.88,18,0,-0.121,0,661.5,0,1
46.92,1,39.3,10,0,-0.05,1,536.8,0,0
18.56,0,29.02,16,0,0.393,2,3026.9,0,0
104.27,0,22.54,9,0,-1.41,0,407.1,0,0
12.27,0,25.5,13,0,-0.89,0,540.2,0,0
27.64,0,26.36,5,0,-0.39,1,2219.0,0,0
40.9,0,3.64,14,0,1.061,0,1024.9,0,0
131.88,0,28.83,17,0,1.894,0,1174.7,0,0
200.57,0,7.47,11,0,0.004,0,816.8,0,0
170.27,0,2.21,16,0,0.036,2,1386.8,0,0
58.54,0,20.14,12,0,-1.955,1,1127.6,0,0
8.47,0,17.93,13,0,0.724,0,983.2,0,0
92.97,0,38.97,11,0,0.36,3,992.7,0,0
232.76,1,11.03,19,0,0.227,1,632.0,0,0
190.32,1,6.35,17,0,-0.997,0,613.7,0,0
98.84,1,35.61,13,0,1.584,3,1015.5,0,0
24.26,0,1.96,16,0,1.216,2,1316.7,0,0
42.67,0,3.43,18,0,0.235,4,1540.6,0,0
345.07,0,14.46,11,0,0.794,1,1222.9,0,0
20.0,0,0.07,11,0,0.041,0,1620.6,1,0
25.14,1,11.22,17,0,0.657,1,1504.5,1,0
148.59,0,20.24,11,0,-1.046,0,851.6,0,0
46.22,0,7.49,9,0,-1.819,1,1793.9,0,0
24.42,1,31.25,15,0,-1.016,0,925.9,0,0
244.39,0,1.87,16,0,-0.645,0,897.7,0,0
98.68,0,6.59,15,0,-0.515,4,1178.3,0,0
48.21,0,11.52,9,0,0.358,1,1539.0,0,0
25.18,0,21.38,13,0,-0.206,4,682.2,0,0
380.05,0,1.98,10,0,-0.023,2,923.8,0,0
65.31,0,37.52,14,0,-0.948,2,848.0,0,0
218.71,0,9.27,10,0,-1.017,0,582.7,0,0
142.54,0,50.03,11,0,0.033,2,681.2,0,0
42.83,0,11.0,18,0,-0.434,1,595.9,0,0
43.12,0,17.68,19,0,0.004,1,1152.4,0,0
228.01,0,27.82,11,0,0.436,1,829.8,0,0
231.17,0,5.62,15,0,1.312,0,768.8,0,0
13.53,0,18.98,12,0,-0.016,0,1093.7,0,0
106.41,0,14.76,10,0,1.451,2,1106.7,0,0
60.16,0,1.75,9,0,0.325,0,1505.0,0,0
27.71,0,30.25,18,0,0.552,0,343.5,0,0
83.3,0,0.91,22,0,0.842,1,1370.9,0,0
21.18,0,31.41,13,0,0.576,1,566.7,0,0
44.86,0,4.88,10,0,-0.641,1,1058.7,0,0
33.83,1,24.96,0,1,0.866,0,546.1,0,0
43.61,1,19.54,9,0,-0.299,0,1216.1,0,0
62.76,0,49.48,12,1,0.241,0,705.8,0,0
28.13,0,14.44,12,0,0.106,2,1135.3,0,0
253.97,0,28.81,14,0,0.915,1,654.1,0,0
101.42,0,22.9,10,0,0.314,2,398.1,0,0
306.55,1,3.59,9,0,-1.109,1,663.9,0,0
58.2,0,17.5,10,0,1.673,1,1107.2,0,0
41.83,0,9.61,14,0,0.668,1,820.6,0,0
297.27,0,12.95,15,0,-0.44,0,1279.4,0,0
40.8,0,4.85,0,0,-0.91,3,873.6,0,0
57.31,0,1.21,19,1,0.759,1,1035.1,0,0
122.98,0,6.47,17,0,-0.815,0,436.9,0,0
23.29,0,20.93,3,0,0.641,0,1109.2,1,0
122.07,0,2.76,17,0,0.855,1,1343.3,0,0
109.49,0,4.4,22,0,-0.52,0,341.6,0,0
196.16,0,46.25,16,0,-0.591,0,495.1,1,0
142.1,0,87.84,5,0,-0.376,2,1919.4,0,0
201.34,0,7.82,16,0,-0.791,1,1016.3,0,0
60.71,0,4.03,15,0,0.184,0,828.1,0,0
32.03,0,5.31,15,0,0.298,0,779.1,0,0
400.81,0,24.95,16,0,0.582,2,231.4,0,0
18.22,0,0.39,8,0,-0.667,0,1207.5,0,0
19.84,0,21.7,14,0,0.672,2,805.0,0,0
107.81,0,16.95,9,0,-0.79,3,947.4,0,0
265.4,0,1.26,19,0,0.672,0,1350.1,0,0
78.34,0,47.64,19,0,-1.189,4,870.0,0,0
155.93,0,10.88,9,0,1.254,1,1463.4,0,0
12.23,0,6.88,18,0,-0.417,0,403.5,0,0
43.61,1,6.37,13,0,0.479,0,1078.6,0,0
13.56,0,17.36,16,0,0.543,1,716.4,0,0
129.46,0,57.85,15,0,-1.016,0,1098.7,0,0
17.9,0,21.74,9,0,0.668,1,822.0,0,0
22.51,0,8.99,18,0,-0.441,1,1509.1,0,0
103.23,0,16.78,8,0,-0.245,0,1243.0,0,0
164.44,0,4.5,17,0,-0.536,1,728.4,0,0
58.26,0,43.49,15,0,1.291,1,700.7,0,0
108.27,0,83.2,19,1,-0.936,0,1072.1,0,0
105.33,0,14.87,15,0,0.344,2,848.1,0,0
55.53,1,5.93,15,0,-0.499,0,1004.0,0,0
26.3,1,3.26,18,0,0.873,2,1163.8,0,0
107.79,0,91.77,1,0,1.857,2,1365.6,0,1
112.3,0,40.84,9,0,-0.504,2,792.2,0,0
142.58,0,47.08,17,0,0.112,3,609.3,1,0
86.94,0,0.14,18,0,-0.308,2,1517.3,0,0
24.7,1,14.18,16,0,0.83,0,1349.1,0,0
119.92,0,20.58,9,0,-0.199,0,1107.2,0,0
66.61,0,42.47,4,0,0.724,1,1198.0,0,0
44.24,0,32.24,5,0,-0.318,1,894.8,0,0
51.91,0,4.1,16,0,1.795,1,1181.3,0,0
37.09,0,26.94,19,0,-1.753,1,1631.7,0,0
141.96,0,12.1,8,0,0.301,0,573.1,0,0
19.98,0,45.68,9,0,-0.008,0,640.0,0,0
28.66,0,4.57,1,0,-0.037,0,1245.9,0,0
50.43,0,32.91,17,0,0.228,3,304.2,0,0
262.88,0,0.46,17,0,0.047,1,1675.6,0,0
163.39,0,20.5,10,0,0.175,0,1826.5,0,0
172.08,0,2.08,23,1,3.765,6,152.0,1,1
16.53,0,86.48,15,0,0.326,0,611.7,0,0
210.32,0,45.01,17,0,1.399,0,616.0,0,0
209.98,1,0.1,9,0,-2.212,4,220.9,0,0
24.58,0,59.77,11,0,1.478,2,609.1,0,0
7.82,0,17.56,11,0,2.048,0,919.4,0,0
62.72,0,3.48,14,0,-1.401,1,386.4,0,0
173.13,0,4.69,11,0,0.038,3,1411.9,0,0
257.9,0,15.08,12,0,1.097,0,1366.3,0,0
31.81,0,4.98,2,0,0.735,2,1023.5,0,0
295.65,0,43.04,7,0,1.341,2,712.1,0,0
10.04,0,23.21,16,0,0.298,0,667.4,0,0
48.77,0,50.42,15,0,-1.626,4,1216.6,0,0
46.78,0,18.11,18,0,1.044,0,1549.7,0,0
177.59,0,25.98,14,0,0.508,2,709.5,0,0
201.05,0,6.22,16,0,1.173,0,1570.5,0,0
150.07,0,6.51,12,0,-1.227,2,1117.3,0,0
21.16,0,6.74,12,0,-0.973,0,1589.8,0,0
138.83,0,3.09,12,0,0.013,1,792.0,0,0
102.79,0,3.14,19,1,1.066,0,499.5,0,0
16.11,0,23.23,13,0,1.289,2,1590.5,0,0
11.51,0,2.97,18,0,-0.581,1,681.6,0,0
161.14,0,5.93,11,0,-0.325,0,1427.0,0,0
57.22,0,20.22,5,0,2.298,2,305.9,0,0
22.37,0,2.11,11,0,-0.442,1,943.2,0,0
55.87,0,9.45,12,0,0.54,0,1122.7,0,0
90.87,0,1.03,18,0,-0.361,1,1017.5,0,0
62.15,0,16.39,16,0,0.38,2,1026.8,0,0
17.83,0,0.7,13,0,-0.693,1,883.2,0,0
331.2,1,0.05,12,0,-0.67,3,850.2,0,0
156.58,0,16.02,17,0,-0.297,1,1075.4,0,1
50.15,0,30.54,9,0,-0.436,0,1528.6,0,0
51.89,0,1.36,18,0,-0.243,0,679.9,0,0
90.52,0,25.99,15,0,0.421,1,1241.4,0,0
25.53,0,22.49,11,0,1.512,1,507.2,0,0
87.73,1,4.89,14,0,-0.472,0,1160.7,0,0
21.52,0,7.32,19,0,-0.791,1,743.2,0,0
62.81,0,31.59,12,0,0.008,0,629.5,0,0
24.7,0,75.32,12,0,-0.681,1,1065.2,0,0
25.78,1,25.85,19,0,-1.308,1,1639.3,0,0
270.12,1,17.66,12,0,0.851,0,586.4,0,0
70.13,0,35.29,18,0,0.064,1,531.1,0,0
79.54,0,16.66,18,0,0.143,1,938.1,0,0
12.07,0,6.93,14,0,-1.542,1,642.0,0,0
40.15,0,20.92,8,0,-0.468,1,952.5,0,0
98.69,0,30.87,23,0,-1.133,1,787.5,0,0
78.65,0,0.4,11,0,-0.016,0,534.6,0,0
10.69,1,27.17,8,0,0.107,0,684.5,0,0
79.52,0,34.81,17,0,0.107,0,1435.1,0,0
158.84,1,0.81,4,1,2.876,1,110.1,0,1
91.07,0,19.14,15,0,-0.534,1,830.3,0,0
198.58,0,39.96,13,0,-0.682,1,920.6,0,0
38.21,0,34.49,17,0,-0.155,0,629.9,0,0
9.92,0,22.76,4,0,0.286,2,1061.9,0,0
28.58,0,8.54,14,0,-0.463,1,1266.0,0,0
26.25,0,0.35,12,0,-0.75,1,986.6,0,0
124.74,0,28.26,8,0,-0.716,1,812.8,0,0
6.62,0,4.69,14,0,-0.527,1,1365.3,0,0
45.55,0,22.22,9,1,-0.362,3,935.3,0,0
224.06,0,36.17,6,0,-0.879,1,1512.1,0,0
67.1,0,9.21,10,0,-0.356,1,1191.7,0,0
142.86,0,2.65,10,0,0.989,2,803.7,0,0
16.52,0,6.91,21,0,-0.236,0,444.8,0,0
17.09,1,22.65,17,0,-0.991,2,1206.0,0,0
226.25,0,6.18,13,0,-1.807,0,1516.2,1,0
72.68,0,2.5,15,0,1.469,0,576.8,0,0
72.8,1,4.88,4,0,0.911,1,894.6,0,0
25.78,0,29.03,17,0,0.228,0,1200.0,0,0
72.65,0,7.04,14,0,0.93,1,806.7,0,0
25.18,1,10.92,19,0,0.422,2,941.5,0,0
182.88,0,6.38,18,0,-0.061,3,1774.9,0,0
677.67,0,22.36,11,0,-0.992,2,1054.9,0,0
100.62,0,21.27,13,0,1.527,2,642.0,0,0
38.87,0,2.91,19,0,-0.35,2,934.6,0,0
7.74,0,5.73,9,0,-0.306,1,941.7,0,0
15.93,1,0.3,5,0,0.03,1,581.4,0,0
250.04,0,17.43,14,0,0.044,1,2079.7,0,0
27.8,0,35.17,7,0,0.46,1,270.7,0,0
48.66,0,30.15,19,0,0.368,1,447.8,0,0
116.4,0,17.39,12,0,-0.461,3,574.5,0,0
235.08,0,16.16,9,0,0.021,1,449.9,0,0
56.28,0,73.59,12,0,0.434,0,372.7,0,0
47.28,0,1.55,9,0,-0.53,1,1776.6,0,1
70.87,0,5.47,16,0,1.157,2,1233.7,0,0
39.12,0,28.54,14,0,-0.016,2,1392.7,0,0
40.95,1,25.51,17,0,1.279,1,782.3,0,0
94.64,0,14.12,12,0,-1.114,2,1547.9,0,0
78.06,0,7.63,19,0,0.524,2,1206.3,0,0
408.24,0,19.29,18,0,-0.712,0,766.6,0,0
96.84,0,22.21,18,0,-0.508,0,1148.5,0,0
177.41,1,7.5,3,0,0.724,0,475.5,0,0
26.83,0,21.14,10,0,-0.183,1,1070.4,0,0
104.21,0,14.61,5,0,2.078,2,858.5,0,0
36.07,0,16.77,5,0,0.414,1,1767.0,0,0
93.33,0,8.95,18,0,-0.557,1,1439.9,0,0
119.73,0,25.2,17,0,0.416,1,471.1,0,0
69.57,0,15.5,15,0,-0.19,1,604.2,0,0
516.06,1,3.78,18,0,0.666,1,2121.5,0,0
224.48,0,11.26,0,0,-0.237,0,780.6,0,0
181.39,0,7.68,10,0,0.325,1,465.5,0,0
127.69,0,0.05,11,0,0.159,2,1260.7,0,0
298.53,0,26.19,18,0,0.063,0,1650.3,0,0
19.66,0,5.42,15,0,0.833,4,842.3,0,0
213.74,0,7.15,11,0,-1.443,1,1130.7,0,0
28.72,0,2.45,18,0,0.078,4,898.3,1,0
41.28,0,7.99,17,0,-0.561,0,1268.3,0,0
107.47,0,12.12,8,0,-1.079,0,640.8,0,0
190.23,0,16.38,10,0,-0.67,1,1033.6,0,0
25.01,0,16.46,12,1,-0.496,0,1423.0,0,0
43.14,0,18.9,8,0,-0.188,1,767.6,0,0
72.45,0,3.66,19,0,0.27,1,1375.6,0,0
56.92,0,19.4,10,0,0.434,0,1240.1,0,0
137.82,0,25.6,12,0,-0.327,1,528.6,0,0
1237.12,0,7.09,16,0,1.268,1,651.6,0,0
95.24,0,9.44,8,0,-0.297,1,1309.5,0,0
35.7,0,33.64,15,0,-1.557,0,648.0,0,0
22.15,0,24.09,9,0,-0.276,1,275.4,0,0
50.58,0,74.03,18,0,0.038,1,997.0,1,0
29.99,0,26.72,16,0,-2.618,0,963.6,0,0
99.23,0,0.27,12,0,0.966,2,1278.3,0,0
97.93,0,2.93,5,0,-0.079,2,1594.2,0,0
44.98,0,24.45,9,0,-0.922,1,966.4,0,0
360.4,1,1.61,9,0,-0.768,2,1083.0,0,0
35.69,0,2.4,8,0,0.609,1,453.6,0,0
60.25,0,7.32,10,0,0.707,0,789.9,0,0
114.81,0,20.37,16,0,-0.519,1,2379.3,0,0
142.34,0,23.33,14,0,-1.084,1,1186.8,0,0
197.54,0,7.88,14,0,0.105,1,1622.8,0,0
95.99,0,7.71,16,0,0.252,2,786.7,1,0
162.92,0,0.4,1,0,0.452,2,731.5,0,0
37.89,0,27.89,9,0,-0.451,1,722.1,0,0
145.53,0,1.98,16,0,-0.098,3,1403.5,0,0
143.89,1,16.21,13,0,0.016,1,856.3,0,0
241.28,0,6.96,15,0,0.773,0,446.3,0,0
16.15,0,33.76,6,0,1.063,2,891.3,0,0
30.84,0,4.21,9,0,1.281,0,739.8,0,0
134.25,1,30.05,8,0,1.042,1,1442.4,1,0
7.0,0,5.86,23,0,1.451,0,2063.8,0,0
101.31,0,33.07,10,0,0.811,1,453.2,0,0
164.16,1,10.09,10,0,-0.471,2,1204.6,0,0
40.86,0,7.38,19,0,1.227,1,1534.9,0,0
46.26,0,0.3,17,0,-1.101,0,1310.0,0,0
26.76,0,5.71,7,0,1.892,0,735.5,0,0
42.81,0,1.94,13,0,-0.78,2,816.6,0,0
43.87,0,19.77,11,0,0.71,1,950.7,1,0
37.32,1,17.72,12,0,1.155,0,678.0,0,0
35.62,0,10.55,18,0,0.367,3,1038.8,0,0
52.97,0,4.5,12,0,-1.64,1,1672.4,0,0
52.42,0,3.82,15,0,-0.758,1,1197.2,0,0
328.0,0,77.14,9,0,0.285,0,394.8,0,0
47.7,0,30.54,19,1,0.508,1,900.0,0,0
89.35,0,23.22,15,0,-0.143,2,1966.4,0,0
40.84,0,6.31,19,0,0.059,0,638.6,0,0
1209.6,1,4.18,2,1,4.081,4,254.8,1,1
40.4,0,5.6,11,0,-1.175,1,1308.4,0,0
15.66,0,8.08,15,0,1.419,1,530.2,0,0
17.54,0,49.7,11,0,-0.302,0,1192.3,0,0
23.9,0,14.5,13,0,0.631,1,817.0,0,0
77.96,0,6.79,11,0,1.123,2,1769.2,0,0
166.46,0,1.0,9,0,-0.924,1,1764.1,0,0
14.6,0,28.99,13,0,0.102,1,461.5,0,0
1282.78,1,2.18,1,1,3.273,5,187.3,0,1
41.82,0,20.71,14,0,0.222,3,888.0,0,0
20.87,1,18.51,9,0,-0.206,0,778.9,0,0
53.27,0,8.47,12,0,0.742,3,1292.2,0,0
166.4,1,9.05,9,0,-0.534,2,2442.1,0,0
45.61,0,11.03,11,0,0.044,1,863.9,0,0
64.05,0,32.56,11,0,-0.297,1,1681.1,0,0
229.74,0,0.45,9,0,1.86,0,835.2,0,0
98.42,0,3.12,14,0,-0.53,0,1011.6,0,0
34.95,1,36.04,18,0,0.596,2,871.0,0,0
76.33,0,6.8,19,0,1.437,1,1296.1,0,0
33.0,0,5.07,19,0,-0.735,1,1820.9,0,0
95.34,0,12.04,10,0,0.076,0,1418.5,0,0
103.34,0,1.32,10,0,-0.789,2,807.0,0,0
637.99,1,0.52,3,1,2.424,7,303.7,1,1
20.86,0,11.43,18,0,-1.61,0,526.2,0,0
77.39,1,14.22,12,0,-0.628,3,676.6,0,0
60.34,0,12.81,14,0,-0.456,1,1615.8,0,0
105.95,0,5.12,17,0,-0.409,1,1027.9,0,0
135.19,0,15.07,8,0,-0.24,1,1075.2,0,0
100.07,0,31.28,16,1,0.005,2,1381.4,0,0
51.54,0,47.63,9,1,-0.957,1,960.8,0,0
147.43,0,0.06,19,0,0.281,0,1464.0,0,0
31.75,0,17.55,13,0,0.971,0,875.2,0,0
21.71,0,29.65,8,0,1.065,0,789.1,0,0
5.0,0,1.54,17,0,-0.208,1,558.4,0,0
62.83,0,22.25,11,0,0.715,1,309.0,0,0
33.17,0,38.53,8,0,-0.545,0,1038.6,0,0
93.51,0,4.87,13,0,-0.275,1,1340.8,0,0
12.48,0,23.46,15,0,0.319,2,1336.5,0,0
38.47,0,61.81,13,0,-0.268,0,1644.6,0,0
99.46,0,6.7,16,0,-1.011,0,929.1,0,0
27.79,0,1.33,11,0,0.667,3,1633.5,0,0
94.43,0,11.94,8,0,-0.663,1,983.2,0,0
41.53,1,28.6,17,0,-0.416,0,553.9,0,0
64.85,1,1.87,18,0,0.847,2,1179.5,0,0
110.6,0,27.49,15,0,0.43,0,571.5,0,0
149.89,0,58.42,11,0,0.141,0,928.6,0,1
72.14,0,77.86,12,0,-1.175,1,1511.6,0,0
33.38,0,40.1,13,0,-0.931,1,245.2,0,1
45.18,0,31.95,13,0,0.318,0,373.2,0,0
114.6,0,3.27,10,1,0.504,0,1006.5,0,0
27.99,0,20.41,12,0,0.202,1,686.3,0,0
57.32,0,3.84,11,0,-0.379,1,1515.4,0,0
48.04,0,17.79,14,0,-0.405,1,1897.0,0,0
61.08,0,5.7,12,0,0.173,1,844.5,0,0
28.28,0,4.05,14,1,-1.001,1,1265.6,0,0
13.82,0,65.11,17,0,0.073,1,464.8,0,0
103.82,0,15.95,19,0,-1.111,0,1097.9,0,0
151.34,0,14.56,15,0,-0.842,1,597.2,0,0
14.54,1,18.98,17,0,0.143,0,634.0,0,0
91.25,0,26.02,10,0,0.467,0,898.8,0,0
167.45,0,5.22,19,0,0.273,1,638.0,0,0
110.67,1,22.49,14,0,-0.892,0,1119.0,0,0
46.8,0,35.17,14,0,-1.497,0,962.6,0,0
29.91,0,4.6,2,0,-0.007,3,709.2,0,0
71.44,0,23.07,16,0,-1.52,1,682.9,0,0
82.32,0,10.58,18,0,0.756,1,1203.2,0,0
72.34,0,13.04,19,0,-0.865,1,1331.8,0,0
57.22,0,6.71,15,0,1.787,4,1005.5,0,0
26.57,0,7.56,10,0,-0.77,1,1284.1,0,1
95.52,0,4.63,11,1,0.37,1,564.6,0,0
99.51,0,3.34,10,0,-0.589,1,606.8,0,0
79.1,0,21.77,19,1,-0.135,2,722.3,0,0
73.28,0,12.16,3,0,0.147,3,541.5,0,0
277.93,0,1.0,9,0,0.688,1,259.6,0,0
39.22,0,8.02,12,0,0.816,2,855.6,0,0
198.19,0,16.56,19,0,0.582,0,663.3,0,0
35.73,0,7.29,11,0,0.83,0,789.1,0,0
171.16,0,51.89,15,0,-0.493,1,631.0,0,0
190.25,0,29.61,14,0,0.519,1,770.4,0,1
51.98,0,40.1,18,0,-0.273,2,958.8,0,0
273.64,0,24.91,13,0,0.789,0,1257.1,0,0
99.35,0,12.47,19,0,0.092,2,1583.4,0,0
31.64,0,17.98,10,0,0.496,0,837.1,0,0
48.52,0,18.97,10,0,0.233,1,657.4,0,0
174.66,0,9.2,12,0,0.608,0,393.7,0,0
146.15,0,6.75,2,0,-0.646,2,2201.3,0,0
27.13,0,4.7,23,0,-1.258,1,1319.3,0,0
59.24,0,32.91,12,1,0.791,1,1024.6,0,0
79.28,1,8.12,14,0,1.076,2,481.2,0,0
43.32,0,7.03,11,0,-0.093,2,283.2,0,0
494.79,0,18.63,11,0,0.649,0,385.7,0,0
81.34,0,2.69,9,0,-1.303,1,734.9,0,0
63.27,1,7.67,9,0,-0.497,0,672.6,0,0
183.5,0,17.28,18,0,0.066,0,648.2,0,0
48.89,0,35.77,8,0,-1.388,1,694.5,0,0
157.01,1,0.14,16,0,-1.224,0,1415.6,0,0
16.16,0,25.72,16,0,0.126,1,479.2,0,0
45.35,0,5.54,10,1,-0.485,1,371.6,0,0
162.67,0,35.95,10,0,-0.277,3,552.3,0,0
253.32,0,4.43,20,0,-0.325,0,562.2,0,0
34.56,0,19.78,15,0,-1.027,0,725.2,0,0
31.3,0,21.09,8,0,-0.174,0,391.1,0,0
108.02,1,20.44,17,0,-0.011,2,1165.0,0,0
39.27,0,19.17,12,0,-0.466,1,653.8,0,0
53.08,0,25.74,13,0,-0.401,1,862.7,0,0
140.46,0,28.24,18,0,-0.163,1,936.6,0,0
41.99,0,21.27,9,0,0.656,0,784.9,0,0
12.55,0,14.27,19,1,-0.076,1,222.6,0,0
22.07,0,8.27,15,0,-1.541,0,1329.7,0,0
67.25,0,10.17,13,0,-0.955,1,1563.0,1,0
13.68,0,1.09,8,0,0.745,1,503.1,0,0
51.8,0,6.99,15,0,-0.548,1,638.9,0,1
20.42,0,15.9,17,0,-0.071,0,578.9,0,0
268.79,0,18.61,22,0,1.54,1,445.2,0,0
420.05,0,31.55,17,0,0.505,2,1235.1,0,0
27.13,0,2.12,17,0,-1.719,0,1117.8,0,0
1630.38,0,6.89,2,0,3.222,6,120.1,0,1
82.95,1,37.49,12,0,1.156,1,648.7,0,0
29.48,0,9.11,11,0,0.12,3,636.5,0,0
51.27,0,6.93,11,0,0.295,0,1011.4,0,0
1147.44,0,2.8,22,1,3.879,7,154.1,0,1
308.88,0,15.68,16,0,0.243,0,810.3,0,0
44.85,0,54.61,16,1,0.731,2,1020.5,0,0
52.29,0,8.51,3,0,-0.064,1,698.4,0,0
29.93,0,18.22,14,0,-1.185,0,974.2,1,0
176.67,0,43.39,14,0,0.259,1,1359.4,0,0
5.0,0,0.73,9,0,-1.105,0,865.1,0,0
45.77,0,10.83,14,0,1.453,0,1745.7,0,0
64.14,0,9.35,13,0,-0.29,1,1030.6,0,0
38.02,0,22.02,19,0,-0.041,3,305.4,0,0
138.94,0,35.82,12,0,-0.541,0,831.6,0,0
185.25,0,16.47,12,0,0.271,1,1194.0,0,0
20.08,0,65.55,10,0,0.363,1,1084.0,0,0
395.23,0,48.57,19,0,-0.543,1,1184.4,0,0
19.89,0,17.36,17,0,0.362,2,959.5,0,0
199.4,0,11.86,10,0,0.054,0,1704.7,0,0
75.74,0,5.45,11,0,-0.077,1,1254.3,0,0
43.46,0,0.37,15,0,-0.601,0,924.3,0,0
47.09,1,14.99,11,0,1.852,1,1032.1,0,0
64.81,0,33.82,17,0,0.946,0,2110.7,0,0
79.61,0,2.89,11,0,0.583,1,1638.5,0,0
30.5,0,10.97,11,0,0.901,1,821.0,0,0
54.66,0,1.26,17,0,0.24,1,1043.2,0,0
34.64,0,32.91,12,0,-0.279,0,1697.4,1,0
23.74,1,24.81,9,1,-2.114,1,551.3,0,0
33.29,0,1.4,17,0,-0.975,1,743.4,0,0
25.09,0,0.08,5,0,1.732,1,1400.0,0,0
46.66,1,4.11,15,0,0.928,3,625.8,0,0
96.31,0,39.65,15,0,0.162,2,816.9,0,0
73.89,0,51.96,8,0,-1.262,2,1016.2,0,0
357.16,0,7.37,8,0,0.508,2,1310.1,0,0
10.19,0,21.75,17,0,-0.222,1,476.6,0,0
99.38,1,24.79,8,0,0.558,1,1351.8,0,0
67.05,0,13.48,11,0,-0.89,0,973.5,0,0
133.4,0,5.81,17,0,-0.392,0,1004.1,0,0
122.61,0,3.37,10,0,0.708,0,399.8,0,0
57.96,0,13.79,14,0,1.542,0,896.0,0,0
77.23,1,11.61,8,0,-0.527,1,512.0,0,0
35.43,1,2.93,21,1,-0.8,3,1772.8,0,0
112.35,1,38.57,16,0,0.818,3,787.1,0,0
13.5,0,0.81,10,0,-1.008,2,1594.8,0,0
129.06,0,0.5,11,0,-0.95,0,992.6,1,0
65.39,1,2.2,14,0,0.213,3,1606.6,0,0
44.08,0,26.88,17,0,1.669,1,328.6,0,0
54.73,0,2.58,14,0,-0.679,1,607.4,0,0
58.25,0,1.52,16,0,-0.296,2,1553.2,0,0
200.88,0,0.22,12,0,0.089,0,1938.3,0,0
1041.55,0,0.15,9,0,-0.378,1,838.7,0,0
188.08,1,10.03,19,0,-1.413,1,704.9,0,0
41.24,0,5.45,17,0,0.642,1,459.6,0,0
113.9,0,38.04,8,0,0.149,0,370.8,0,0
118.19,0,5.29,11,0,0.293,0,354.1,0,0
30.37,0,10.44,8,0,-0.113,1,931.9,0,0
851.42,1,0.66,22,1,4.099,9,340.4,0,1
22.84,0,39.26,8,0,1.211,0,905.2,0,0
63.19,0,13.26,18,0,-0.404,1,510.4,0,0
132.5,0,19.87,16,0,-0.862,0,654.9,0,0
16.94,0,52.07,10,0,1.331,0,795.2,0,0
36.13,0,17.05,11,0,-1.759,0,318.3,0,0
108.5,0,4.8,19,0,-0.123,0,1016.0,0,0
69.09,0,2.4,10,0,-0.06,1,1075.9,0,0
237.69,1,1.48,4,1,3.49,4,69.0,0,1
222.26,0,0.95,13,0,-0.092,2,1199.0,0,0
20.09,0,1.83,16,0,-1.241,2,1148.8,0,0
492.42,0,19.54,5,0,-0.948,0,865.4,0,0
18.04,0,9.92,9,0,0.766,1,1763.9,0,0
11.88,0,2.24,9,0,1.108,0,720.3,1,0
63.43,0,6.3,10,0,-0.334,1,1138.2,0,0
25.42,0,11.02,11,0,-0.745,3,495.5,0,0
64.53,0,8.77,19,0,-1.428,3,488.8,0,0
1968.73,1,2.06,17,1,2.619,7,26.7,1,1
62.64,0,13.01,19,0,0.752,1,501.2,0,0
56.46,0,1.37,14,0,0.8,1,1098.0,0,0
32.59,0,57.3,19,0,-2.249,0,568.7,0,0
96.33,0,31.48,8,0,-1.939,0,1092.1,0,0
50.92,0,17.67,14,0,0.109,1,1120.0,0,0
170.39,0,26.53,13,0,0.213,2,1848.8,0,0
57.21,1,71.89,9,0,-0.382,0,478.6,0,0
29.37,0,9.21,14,0,-0.026,1,439.7,0,0
15.89,0,1.1,4,0,-0.198,1,954.9,0,0
57.61,0,10.38,17,0,0.021,1,1532.2,0,0
22.67,0,11.95,13,1,-0.721,1,933.2,0,0
21.17,0,25.33,18,0,-0.01,0,162.2,0,0
104.41,0,0.83,10,0,-0.539,1,2746.3,0,0
14.72,0,44.3,13,0,-0.606,0,1081.4,0,0
221.49,0,22.33,8,0,-1.494,1,1045.2,0,0
76.38,0,26.48,14,0,-0.14,1,792.4,0,1
64.25,0,14.0,12,1,0.642,0,1159.4,0,0
756.76,1,1.25,22,1,2.437,4,44.0,1,1
27.67,0,3.55,7,0,-0.26,0,1509.1,0,0
127.7,0,7.37,12,0,-0.283,1,994.6,0,0
66.52,0,2.48,18,0,1.005,1,1441.8,0,0
37.22,0,21.38,16,0,0.82,1,989.4,0,0
79.03,0,14.31,18,0,1.388,0,459.8,0,0
15.95,1,17.03,12,0,1.806,2,410.8,1,0
16.61,0,12.87,18,0,0.048,0,1266.3,0,0
25.73,0,45.31,8,0,-0.926,1,1007.5,0,0
89.76,1,19.65,22,0,-0.417,2,1484.8,0,1
66.5,0,55.4,8,0,0.458,3,1287.7,0,0
162.66,0,0.48,19,0,1.152,1,409.5,0,0
30.51,0,18.6,16,0,-0.839,0,733.7,0,0
108.69,0,0.05,13,0,0.204,1,578.5,0,0
60.53,0,5.81,15,0,-0.634,0,914.4,0,0
29.92,0,23.45,19,0,-0.117,0,874.7,0,0
92.53,0,51.27,9,0,-0.129,2,387.7,1,0
63.05,0,27.78,16,0,0.305,1,699.4,0,0
39.07,0,91.45,18,0,1.626,2,700.8,0,0
69.11,0,24.24,5,0,0.38,2,1123.5,0,1
361.89,1,3.57,1,1,3.032,6,23.8,1,1
59.73,0,39.69,15,0,-0.344,2,894.1,0,0
58.52,0,22.29,14,0,-0.476,1,650.2,0,0
288.7,1,1.84,5,1,3.855,6,244.2,0,1
46.96,0,71.7,9,0,-0.153,0,600.1,0,0
21.99,0,45.54,19,0,-0.697,0,382.9,0,0
71.06,0,20.78,11,0,0.112,1,1264.3,0,0
33.71,0,19.52,12,0,-1.929,0,1280.0,0,0
28.01,0,6.53,19,0,-0.169,0,1548.8,0,0
54.35,0,12.45,8,0,-0.106,2,680.2,1,0
124.45,0,6.94,4,0,-0.929,0,1762.5,0,0
78.08,0,4.85,14,0,-0.306,3,1274.4,0,0
42.46,0,17.83,10,0,0.896,3,1349.2,0,0
41.03,0,3.23,16,0,0.954,1,768.0,0,0
114.48,0,27.31,14,0,-0.427,1,742.8,0,0
8.7,0,29.07,11,0,0.419,2,1202.2,0,0
131.34,0,13.79,10,0,-1.199,1,1573.8,0,0
13.56,0,1.23,11,0,-0.237,0,1765.7,1,0
20.02,0,39.55,17,0,0.185,1,1651.7,0,0
43.07,1,0.59,14,0,1.222,0,1111.7,1,0
421.83,0,15.3,6,0,0.954,2,495.2,0,1
277.5,0,2.8,13,0,0.167,0,182.8,0,0
121.57,0,1.28,17,0,-0.729,0,1321.1,0,0
90.29,0,13.23,18,0,1.087,0,598.4,0,0
13.7,0,1.98,10,0,-0.272,1,2040.1,1,0
76.19,0,44.6,12,0,0.359,1,1624.5,0,0
41.81,0,54.82,16,0,-0.098,2,930.8,0,0
33.31,0,35.41,19,0,1.594,0,977.9,0,0
76.06,0,21.61,22,0,-0.488,0,1213.3,0,0
44.68,0,2.48,13,0,0.733,2,963.3,0,0
139.62,0,55.65,18,0,-0.069,1,1249.8,0,0
12.86,0,4.52,15,0,0.455,1,922.2,0,0
71.08,0,5.98,9,0,1.296,0,739.8,0,0
31.59,0,16.71,12,0,-1.604,2,600.2,0,0
47.08,0,10.37,11,0,-0.052,1,760.1,0,0
86.4,0,28.1,13,0,-0.715,1,1019.1,0,0
25.8,0,24.29,19,0,0.357,1,575.5,0,0
76.68,1,21.89,18,0,0.553,1,1406.8,0,0
55.67,0,55.1,19,0,-0.376,1,1022.5,0,0
38.03,0,31.59,16,0,-0.418,0,829.6,0,0
44.7,0,4.98,21,0,0.163,1,562.7,0,0
58.48,0,39.67,15,0,-1.019,0,1468.5,0,0
34.72,0,28.81,13,0,0.267,1,1728.3,1,0
67.09,0,1.6,8,0,-0.654,1,253.5,1,0
52.64,0,46.81,0,0,0.587,0,985.0,0,0
39.66,0,13.62,19,0,-1.054,2,1589.2,0,0
257.59,0,19.29,15,0,-0.454,1,1219.5,0,0
94.91,0,2.6,11,0,-0.601,4,412.6,0,0
48.17,0,63.95,8,0,-0.239,3,805.6,0,0
75.49,0,7.49,8,0,1.101,3,530.4,0,0
27.86,0,14.07,11,0,0.677,0,571.4,0,0
46.0,0,16.67,12,0,-0.384,0,943.2,0,0
50.8,0,15.94,13,0,-0.384,0,1152.6,0,0
23.11,0,5.36,19,1,0.708,1,695.2,0,0
92.69,0,1.05,18,0,-0.931,0,901.4,0,0
43.39,0,22.27,22,0,0.018,0,1151.7,0,0
49.3,0,2.37,2,0,-0.485,0,418.9,0,0
41.12,0,8.47,10,0,-0.137,1,567.9,0,0
824.87,0,30.07,19,0,0.647,0,617.1,0,0
37.97,0,12.91,19,0,-0.535,1,767.2,0,0
11.49,0,4.49,9,0,0.779,2,813.4,0,0
17.12,0,5.47,10,0,1.76,2,954.5,0,0
127.16,0,13.87,11,0,0.483,0,696.5,0,0
207.68,0,21.53,15,0,-0.067,0,1190.7,0,0
37.36,1,8.52,8,0,0.926,0,724.9,0,0
197.77,0,78.27,17,0,-0.887,0,497.0,0,0
125.25,0,17.7,13,0,1.217,1,371.6,0,0
56.77,1,23.85,19,0,-0.602,2,656.9,0,0
53.44,0,28.12,11,0,1.734,3,529.0,0,0
605.12,1,0.98,4,1,2.925,4,413.3,1,1
77.77,1,24.39,0,0,-0.574,1,288.0,1,0
140.59,0,3.81,15,0,0.529,0,1938.1,0,0
93.48,0,20.89,3,0,-1.248,0,286.0,0,0
37.51,0,44.37,12,1,-0.171,1,746.8,0,0
129.43,1,2.21,22,1,2.941,4,114.6,1,1
57.51,0,35.68,15,0,-0.864,2,894.2,0,0
359.27,0,1.42,9,0,-1.153,1,878.8,0,0
82.56,0,4.48,12,0,0.964,0,268.8,0,0
139.62,0,0.6,12,0,-0.982,1,940.0,0,0
105.52,1,34.54,9,0,-0.588,0,1465.9,0,0
84.13,1,6.19,12,0,-0.681,1,417.0,0,0
73.14,1,10.21,11,0,0.912,1,929.8,0,0
862.42,1,4.4,3,1,2.639,5,181.8,0,1
142.99,0,39.28,17,0,0.814,1,939.8,0,0
122.84,0,9.72,11,0,1.016,0,836.9,0,0
83.46,0,12.46,15,0,-0.629,0,2067.0,0,0
36.98,0,6.08,17,0,1.08,1,825.8,0,0
92.55,0,29.81,11,0,-0.636,1,668.7,0,0
62.99,0,29.28,8,0,-0.604,1,358.3,0,0
229.78,1,0.17,22,1,2.354,3,220.3,0,1
51.31,0,16.64,16,0,-0.559,0,1566.0,0,0
649.99,0,2.26,8,0,-0.53,3,524.8,0,0
18.03,0,5.35,14,0,-0.073,2,997.6,0,0
150.62,0,2.42,18,0,-0.671,0,1647.0,0,0
32.03,0,35.49,9,0,0.185,2,1107.4,0,0
74.55,0,19.88,10,0,-2.088,0,401.3,0,0
591.88,1,21.52,13,0,0.183,3,1220.0,0,0
29.43,0,75.88,14,0,-0.872,0,647.1,0,0
36.04,1,18.91,19,0,-0.536,2,1175.1,0,0
65.7,0,0.68,15,0,-0.516,0,1930.7,0,0
32.46,0,14.71,10,0,0.755,1,1127.2,0,0
141.38,0,17.32,18,0,0.404,2,869.2,0,0
42.34,0,29.89,12,0,-0.132,0,214.8,0,0
662.81,1,0.44,0,1,2.478,4,356.9,1,1
116.27,0,23.36,18,1,-0.572,0,608.0,0,0
21.55,0,4.76,11,0,0.626,2,510.7,0,0
14.36,0,8.52,17,0,1.436,1,1118.9,0,0
54.89,1,2.06,14,0,-0.022,1,1600.7,0,0
17.58,0,1.81,14,0,-1.279,1,1065.4,0,0
242.39,0,13.56,19,0,-0.562,1,932.9,0,0
18.17,1,9.56,9,0,0.447,4,927.2,0,0
27.6,1,3.18,17,0,-0.354,1,852.3,0,0
94.78,0,7.8,10,0,-0.687,1,1516.9,0,0
40.51,0,14.21,17,0,-0.722,3,1258.9,0,0
18.35,1,6.28,18,0,0.073,0,1722.9,0,0
377.65,0,19.31,18,0,-1.227,1,1643.8,0,0
28.46,0,41.82,10,0,-0.028,2,2222.1,0,0
56.44,0,66.6,11,0,0.071,0,1368.2,0,0
55.82,0,1.87,17,0,-0.36,3,1273.7,0,0
121.97,0,48.98,17,0,-0.834,1,876.2,0,0
98.79,0,5.09,17,0,0.815,2,947.5,0,0
33.02,0,40.2,19,0,-1.066,1,1438.9,0,0
50.55,0,34.47,17,0,0.138,1,775.2,0,0
54.99,0,40.25,19,0,0.582,0,1547.5,0,0
126.04,0,61.01,11,0,0.128,0,871.7,0,0
24.7,0,18.84,15,0,0.985,0,973.7,0,0
370.7,0,2.55,22,0,-0.908,1,1865.4,0,0
34.98,0,0.73,0,0,-0.633,1,1288.4,0,0
66.19,0,24.33,19,0,-0.369,2,988.9,0,0
24.88,0,13.26,9,0,2.633,3,2098.5,0,0
22.12,0,1.51,18,0,0.406,0,696.5,0,0
324.64,1,2.51,20,1,2.702,4,401.1,0,1
31.71,0,6.04,11,0,0.556,0,620.8,0,0
29.23,0,46.06,10,0,0.523,2,603.3,0,1
46.89,0,0.72,15,0,0.063,1,1047.6,0,0
29.02,1,35.17,15,0,0.84,1,960.0,0,0
120.45,1,10.33,12,0,-1.496,0,1132.2,0,0
34.28,0,14.54,18,0,0.222,1,370.6,0,0
31.19,0,11.28,9,0,0.343,1,389.4,0,0
47.75,0,25.91,4,0,0.815,2,620.3,0,0
155.08,0,34.53,17,0,-0.925,0,1048.9,0,0
80.05,0,2.57,17,0,-0.866,2,767.4,0,0
61.27,0,11.68,10,0,-0.815,1,516.3,0,0
19.73,1,30.63,13,0,0.418,2,577.9,0,0
25.25,1,15.82,18,0,0.429,1,1311.1,0,0
22.5,0,20.19,17,0,-0.76,1,1724.5,0,0
202.52,0,15.77,8,0,1.531,3,798.2,0,0
104.69,0,9.76,11,0,0.229,0,524.9,0,0
32.06,0,16.38,13,0,0.099,1,1074.0,0,0
41.28,0,6.47,14,0,-0.166,3,1983.2,0,0
33.07,0,27.1,17,0,0.744,1,995.1,0,0
31.41,0,29.03,13,0,0.312,1,1034.5,0,0
98.62,0,2.87,10,0,1.512,4,884.4,0,0
52.23,0,18.43,14,0,-0.971,0,1173.5,0,0
391.11,0,3.51,18,0,-1.236,2,1035.3,0,0
193.02,0,22.4,16,0,-0.592,0,344.7,0,0
202.97,0,8.74,19,0,0.443,1,1159.3,0,0
118.0,0,76.96,15,0,-0.342,1,999.9,0,0
46.56,0,14.97,18,0,1.017,1,549.4,0,0
110.84,0,0.58,14,0,-0.315,0,677.6,0,0
49.58,0,12.14,17,0,0.866,2,427.7,0,0
266.6,0,27.77,19,0,-0.665,2,1243.0,0,0
94.03,0,3.93,10,0,0.946,2,1392.5,0,0
83.35,0,11.36,15,0,1.095,1,1077.2,0,0
74.29,1,0.96,11,0,-0.452,1,781.7,0,0
292.72,1,18.42,22,0,0.392,0,947.7,0,0
398.8,1,3.32,0,1,3.889,2,10.2,0,1
19.71,0,4.79,15,0,0.214,4,1064.7,0,0
318.16,1,1.13,13,0,0.413,1,1054.8,0,0
56.93,0,30.62,11,0,1.028,0,1299.9,0,0
20.18,0,61.71,15,0,0.779,0,692.8,0,0
35.19,0,116.31,1,0,0.411,0,998.2,0,0
16.39,0,4.06,13,0,0.53,0,612.9,0,0
268.94,1,0.96,5,1,2.42,5,57.9,1,1
116.23,0,30.0,9,0,-1.015,0,1243.3,0,0
27.59,0,13.97,12,0,-0.033,2,641.4,0,0
76.97,0,4.38,22,0,-0.881,0,2099.8,0,0
174.88,0,21.14,11,0,-0.015,0,957.6,0,0
37.67,0,29.62,8,0,0.893,1,777.4,0,0
53.1,1,25.96,9,0,-0.006,1,707.0,0,0
22.02,0,3.75,14,0,-2.004,2,950.6,0,0
433.12,1,0.52,1,1,2.639,4,103.8,0,1
47.94,0,37.0,19,0,-0.837,2,1878.1,0,0
594.62,0,10.04,8,0,0.465,1,559.4,0,0
129.18,0,1.54,18,0,-0.431,1,1253.9,0,0
53.25,0,0.07,8,0,0.627,3,624.7,0,0
39.65,1,3.13,13,0,-0.966,0,516.7,0,0
64.31,0,10.7,10,0,0.305,3,1135.1,0,0
74.48,0,25.67,13,0,0.346,3,790.1,0,0
46.7,0,2.73,9,0,0.632,1,919.5,0,0
104.64,0,48.28,10,0,-0.524,1,1091.7,0,0
29.65,0,0.49,15,0,0.624,3,1877.9,1,0
29.53,0,23.81,11,0,1.205,1,1234.5,0,0
91.35,0,51.13,10,0,-1.818,1,789.1,0,0
24.7,0,85.47,8,0,0.041,0,1300.5,0,0
123.92,0,14.11,11,0,-1.445,0,479.8,0,0
65.88,0,11.69,19,0,-0.688,2,851.7,1,0
14.1,0,28.29,16,0,-0.623,2,733.6,0,0
73.19,0,25.67,19,1,-0.053,2,2277.2,0,0
15.92,1,6.42,16,0,0.302,0,617.7,0,0
120.22,0,12.92,16,0,0.724,1,1228.6,0,0
53.98,1,8.37,13,0,0.211,1,711.2,0,0
321.64,0,25.63,2,0,0.539,0,598.7,0,0
2233.9,1,9.66,23,0,1.951,6,51.1,0,1
165.77,0,7.03,16,0,-0.863,1,655.3,0,0
27.07,0,67.84,14,0,0.845,0,990.7,0,0
11.97,0,66.68,18,0,-2.637,1,900.2,0,0
35.1,0,1.6,9,0,1.221,1,786.1,0,0
23.62,0,2.28,19,0,1.078,0,1418.3,0,0
314.78,0,23.86,21,0,0.6,0,825.4,0,0
66.1,0,2.54,19,0,1.783,2,1366.6,0,0
147.44,0,39.22,18,1,-1.443,2,930.0,0,0
52.34,0,14.3,13,0,0.624,1,550.6,0,0
57.24,0,7.65,13,0,0.108,0,974.0,0,0
64.86,0,3.26,8,0,0.195,4,969.3,0,0
170.81,0,10.85,11,0,-0.931,4,2496.4,0,0
86.91,0,15.23,10,0,0.316,0,1641.3,0,0
27.15,0,15.02,16,0,0.278,2,1778.4,0,0
264.84,0,26.41,10,0,-0.552,1,899.1,0,0
51.99,0,2.87,17,0,-0.055,0,706.4,0,0
45.28,0,15.23,11,0,-1.052,1,832.9,0,0
6.02,0,2.38,18,0,-0.316,2,810.0,0,0
114.35,0,7.05,12,0,0.769,0,1385.7,0,0
72.67,1,6.39,17,0,0.785,0,728.3,0,0
72.6,0,4.39,16,0,0.615,2,1309.0,0,0
47.35,0,3.03,14,0,0.768,0,1483.1,0,0
40.9,0,0.19,9,0,0.779,3,1172.6,0,0
48.71,0,33.9,12,0,-0.515,0,499.2,0,0
98.86,0,11.88,17,0,0.272,0,1137.6,0,0
114.81,0,1.73,8,1,0.869,1,472.1,0,0
54.8,0,4.6,19,0,-1.104,1,959.3,0,0
149.4,0,12.18,15,0,-1.108,4,843.1,0,0
62.36,0,0.1,8,0,-1.153,2,1201.5,0,0
43.44,0,21.16,10,0,-1.428,0,763.1,0,0
78.94,1,1.75,8,0,-0.841,0,719.9,0,0
21.0,0,31.1,6,0,-0.42,1,768.4,0,0
81.27,0,38.56,15,0,1.21,0,797.6,0,0
17.98,0,53.29,5,0,-0.35,1,466.5,0,0
27.84,0,32.11,14,0,-1.213,1,1513.5,0,0
11.99,0,3.11,6,0,0.133,2,821.2,0,0
57.46,0,33.45,13,0,-0.151,1,1310.0,0,0
261.96,0,13.93,15,0,-0.626,2,1121.4,0,0
60.37,0,22.8,1,1,-0.471,1,839.4,0,0
115.24,0,2.65,18,0,0.854,2,745.0,0,0
492.49,0,3.02,9,0,-1.128,2,448.1,0,0
94.01,0,11.25,16,0,-1.333,1,685.5,0,0
34.8,0,17.43,16,0,0.373,1,507.0,0,0
39.12,0,11.12,10,0,-0.491,1,577.5,0,0
66.72,0,10.34,19,0,1.242,1,1295.8,0,0
38.94,0,7.54,12,0,-0.123,1,750.4,0,0
41.5,0,3.55,13,0,-0.08,0,644.2,0,0
154.08,0,54.57,19,0,0.629,1,763.6,0,0
159.53,1,7.03,19,0,-1.338,3,504.5,0,0
16.45,0,9.79,9,0,0.27,3,538.1,0,0
33.27,0,2.45,8,0,-0.292,3,1371.4,0,0
44.95,0,18.37,17,0,0.821,0,1705.7,0,0
110.97,0,0.46,1,0,-0.517,1,906.0,0,0
176.2,0,12.11,9,0,0.141,1,364.6,0,0
662.93,0,3.24,8,0,-0.287,2,1654.0,0,0
44.89,0,39.12,19,0,0.33,1,2027.4,0,0
46.83,1,16.15,14,0,-0.201,0,1047.8,0,0
109.98,0,12.65,14,0,0.21,1,665.9,1,0
37.34,0,28.76,15,0,1.403,0,1309.4,0,0
59.16,1,18.36,13,0,-0.229,1,883.4,0,0
46.86,0,16.32,19,0,0.322,5,1243.2,0,0
7.18,0,41.46,15,0,1.829,4,413.9,0,0
74.05,0,0.13,15,0,0.312,0,731.1,0,0
57.11,0,57.82,18,1,-1.947,1,494.8,0,0
196.48,1,9.37,8,0,-0.533,3,580.4,0,0
67.0,0,35.71,11,0,-0.963,0,404.2,0,0
22.95,0,7.96,17,0,0.738,0,582.4,0,0
53.55,0,9.28,9,0,-0.075,2,1501.4,0,0
11.27,0,5.58,9,0,0.851,3,618.1,0,0
23.82,0,9.48,9,0,0.489,0,398.8,0,0
114.45,0,9.79,16,0,0.486,0,614.5,0,0
54.04,0,1.0,5,0,-0.979,0,415.7,0,0
146.08,0,3.2,11,0,0.404,0,923.7,0,0
12.53,0,0.82,22,0,1.093,2,626.2,0,0
54.27,1,34.29,2,0,-1.158,1,804.3,0,0
44.51,0,8.99,18,0,-0.254,0,668.6,0,0
150.28,0,8.2,19,0,0.284,0,802.6,0,0
118.14,0,39.01,10,0,0.078,0,388.3,0,0
115.11,0,13.07,8,0,1.149,1,597.5,0,0
247.2,0,83.42,16,0,0.583,0,1136.9,0,0
48.77,0,27.21,14,0,0.325,0,1183.6,0,0
207.44,0,2.78,13,0,0.654,0,825.4,0,0
27.45,0,0.07,10,0,0.611,0,854.5,0,0
26.61,0,3.28,15,0,0.033,2,337.9,0,0
126.45,0,32.38,11,0,-0.284,1,1035.1,0,0
18.56,0,19.8,11,0,0.792,0,1493.5,0,0
108.51,1,2.49,12,0,-0.594,2,417.3,0,0
72.68,0,62.15,13,0,-0.058,3,1266.3,0,0
165.85,0,8.77,16,0,-0.925,1,410.5,0,0
63.4,0,4.66,8,0,0.585,0,914.1,0,0
69.94,0,16.34,11,0,0.986,1,382.0,0,0
102.81,0,25.36,4,0,-0.748,0,443.3,0,0
37.97,0,6.48,8,0,-0.123,2,574.5,0,0
36.59,0,16.75,17,0,-0.384,0,529.3,0,0
99.81,0,17.68,17,0,0.86,1,1423.0,0,0
65.05,0,18.5,11,0,1.134,0,944.8,0,0
47.17,0,2.94,15,0,-0.383,0,542.1,0,0
62.16,0,6.6,13,0,-2.473,2,1140.5,0,0
258.62,0,15.75,11,0,0.922,0,1228.5,0,0
45.76,0,6.23,9,0,0.036,0,1059.3,0,0
44.65,0,1.56,19,0,0.039,0,993.4,0,0
15.62,0,10.31,18,0,0.771,1,997.0,0,0
64.33,1,38.01,18,0,-0.291,2,527.0,0,1
116.55,0,7.71,9,0,-0.504,2,909.4,0,0
135.74,0,6.93,22,1,-0.285,0,1427.4,0,0
73.11,0,0.07,15,0,0.391,0,1821.6,0,0
150.27,0,1.89,14,0,0.703,2,853.2,0,0
124.16,0,7.78,12,0,1.307,1,648.8,0,0
171.74,0,5.52,10,0,0.323,0,567.2,0,0
153.95,0,15.53,11,0,-0.116,2,1377.3,0,0
253.28,0,36.7,10,0,0.709,3,568.7,0,0
57.73,0,30.94,17,0,-0.777,4,788.4,0,0
21.59,0,10.29,11,0,1.136,1,781.3,0,0
117.23,0,3.74,19,0,0.169,3,1209.3,0,0
129.47,0,18.86,18,0,-0.183,2,1028.4,0,0
253.28,0,4.46,9,1,-0.774,1,2020.6,0,0
198.16,0,2.01,16,0,0.502,0,1014.9,0,0
348.5,0,16.02,18,0,-0.224,0,1398.8,0,0
112.94,1,4.63,14,0,-0.075,1,700.4,0,0
81.0,0,0.52,14,0,-1.337,0,1018.4,0,0
20.55,0,10.42,12,0,-0.348,0,1437.8,0,0
86.65,0,31.69,17,0,-0.455,1,1350.9,0,0
41.69,1,7.37,16,0,0.335,1,455.5,0,0
79.82,0,9.65,15,0,-0.214,1,535.9,0,0
69.85,0,2.36,8,0,-2.119,3,1034.0,0,0
99.58,0,1.26,19,0,-0.332,1,796.6,0,0
61.39,0,5.27,14,0,-1.164,1,889.2,0,0
147.64,0,4.42,19,0,-0.834,2,779.2,0,0
6.59,1,2.54,16,0,0.803,0,1303.7,0,0
78.37,0,32.28,14,0,-1.351,0,964.9,0,0
185.33,0,2.04,17,0,0.236,1,826.6,0,0
326.86,0,20.29,10,0,-0.406,2,2333.9,0,0
124.23,0,4.54,13,0,-0.56,1,1424.2,0,0
279.26,0,31.61,1,0,-0.783,2,1569.7,0,0
76.98,0,8.93,16,0,0.256,1,510.5,0,0
66.85,0,9.59,11,0,0.345,0,2417.2,0,0
104.59,0,45.43,9,0,-1.38,0,2274.3,0,0
66.51,0,25.69,17,0,0.92,1,1291.8,0,0
34.29,0,2.75,10,0,-0.949,1,951.3,0,0
43.04,0,18.64,10,0,0.311,1,631.4,0,0
25.91,0,1.52,9,1,-0.945,2,1355.3,0,0
104.49,0,15.62,15,0,-0.367,2,2056.3,0,0
67.34,0,7.08,12,0,-1.023,1,968.9,0,0
49.09,0,4.11,14,0,-0.423,3,537.0,0,0
41.2,0,4.95,12,1,-0.161,1,900.8,0,0
102.44,0,8.44,17,1,-0.919,1,718.5,0,0
1492.26,1,0.86,17,1,3.137,3,80.2,0,1
129.46,0,23.53,12,0,0.252,2,577.7,0,0
25.51,0,15.56,17,0,0.356,0,396.9,0,0
22.32,0,12.32,13,0,2.165,1,1942.3,0,0
150.1,0,41.19,8,0,0.743,1,1633.5,0,0
20.72,0,14.11,5,0,0.941,3,764.1,0,1
106.2,0,83.56,10,0,-1.415,1,268.8,0,0
263.58,1,0.19,21,0,-1.567,0,1116.6,0,0
264.11,0,1.53,9,0,-0.238,1,1700.9,0,0
124.86,0,20.97,17,0,1.429,1,2037.6,0,0
121.81,0,5.49,15,0,1.979,0,1108.8,0,0
452.2,0,11.64,9,0,-0.55,0,635.6,0,0
9.17,0,1.2,19,0,-0.469,1,1034.5,0,0
44.94,0,3.95,12,0,0.435,0,843.5,0,0
137.17,0,23.3,10,1,-0.158,1,786.2,0,0
50.06,0,3.26,13,0,-0.138,1,117.6,0,0
191.29,0,15.68,10,0,0.508,1,1531.4,0,0
64.49,0,32.61,8,0,2.172,0,1136.1,0,0
74.59,0,20.18,13,0,1.044,1,464.5,0,0
52.8,0,10.41,19,0,1.495,0,1539.3,0,0
42.77,0,0.12,12,0,-1.475,0,1945.1,0,0
41.89,0,28.6,18,0,0.86,0,615.3,0,0
654.31,0,0.34,0,1,3.625,4,146.2,1,1
83.97,0,1.55,19,0,-0.76,2,1119.7,0,0
34.52,0,6.89,0,0,1.341,1,830.9,0,0
149.94,0,9.33,9,0,1.086,0,378.8,0,0
116.19,0,13.52,12,0,0.483,2,1033.9,0,0
169.78,0,4.48,11,0,-0.594,0,1323.2,0,0
25.54,0,60.46,10,0,-0.387,0,1037.2,0,0
15.73,0,15.65,16,0,-0.322,2,1661.3,0,0
66.45,0,26.46,9,1,0.61,0,1003.3,0,0
783.66,0,58.19,2,0,0.323,0,382.5,0,0
195.64,0,4.51,18,0,1.136,2,662.7,0,0
41.63,0,15.07,12,0,1.289,0,1457.9,0,0
95.66,0,6.77,14,0,-0.676,0,209.8,0,0
123.77,0,17.21,19,0,0.38,2,684.3,0,0
20.84,0,0.76,16,0,0.37,2,1019.2,0,0
213.62,0,0.39,12,0,-0.076,0,1465.9,0,0
57.84,0,10.73,18,0,0.753,1,1745.9,0,0
61.74,0,4.13,8,0,0.393,0,822.5,0,0
68.05,1,5.78,15,0,-0.46,1,923.4,0,0
176.42,0,0.59,11,0,-0.114,0,707.9,0,0
35.1,0,23.65,10,0,-0.279,0,958.8,0,0
15.63,0,47.7,14,0,-0.582,2,500.9,0,0
87.75,0,13.16,16,0,-0.068,0,1150.5,0,0
11.74,0,17.57,16,0,-1.038,1,234.4,0,0
51.63,0,10.3,23,0,0.379,1,1098.0,0,0
182.88,1,10.02,11,0,1.123,1,838.5,0,0
109.1,0,10.73,9,0,0.04,0,1486.8,0,0
161.74,0,4.37,9,0,0.757,0,1308.0,0,0
112.99,0,9.33,15,0,0.124,0,769.0,0,0
482.88,1,2.16,23,1,3.818,10,143.0,1,1
517.38,0,6.31,17,0,-0.818,1,1269.2,0,0
40.45,0,25.09,13,0,1.606,2,522.3,0,0
93.54,1,17.88,11,1,-1.938,1,407.7,0,0
45.95,0,11.87,6,0,0.008,2,1085.6,0,0
150.4,0,2.9,15,0,-0.615,2,391.9,0,0
63.29,0,13.34,13,1,1.265,1,1820.7,0,0
287.44,0,0.28,13,0,0.173,1,335.1,0,0
42.47,0,12.77,10,0,2.044,0,1429.4,0,0
220.54,0,4.86,12,0,0.029,0,836.7,0,0
110.41,0,4.12,11,0,-0.609,1,1171.6,0,0
64.87,0,6.59,9,0,-1.368,1,968.8,1,0
105.75,0,4.12,12,0,0.885,0,686.8,0,0
83.27,0,5.76,22,0,-0.668,1,632.9,0,0
90.25,0,6.28,15,0,-0.336,1,1210.0,0,0
55.93,0,24.41,9,0,0.982,1,1497.5,0,0
36.73,0,3.68,18,0,0.843,0,1031.1,0,0
50.16,0,16.3,10,0,-0.488,0,1151.6,0,0
15.95,0,29.87,15,0,-0.363,1,998.4,0,0
136.41,0,20.27,14,0,-1.405,1,465.0,0,0
23.34,0,48.43,16,0,-1.644,1,485.7,0,0
55.42,0,13.55,10,0,0.611,5,1743.9,0,0
115.68,0,83.48,11,1,0.699,2,838.4,0,0
136.11,0,6.01,17,0,0.286,0,1404.9,0,0
14.75,0,11.12,15,0,0.15,2,746.2,0,0
61.68,0,47.5,12,0,-0.565,0,594.5,0,0
98.57,0,0.65,9,0,1.175,0,738.4,0,0
69.7,0,2.58,14,0,-1.427,0,1249.5,1,0
209.03,0,0.54,14,0,-0.375,2,627.5,0,0
33.16,0,59.72,21,0,0.129,2,1001.7,0,0
11.69,0,16.31,16,0,-0.0,4,1158.2,0,0
132.79,0,0.25,16,0,-0.002,0,920.8,0,0
42.24,0,1.12,10,0,-0.415,2,991.0,0,0
14.96,0,8.96,11,0,0.433,2,1002.8,0,0
968.12,1,1.98,2,1,2.753,9,214.8,1,1
58.28,0,16.45,18,0,-0.972,0,620.5,0,0
189.8,0,6.69,0,0,-0.115,4,801.3,0,0
22.79,0,15.04,19,0,0.346,1,600.7,0,0
485.7,0,15.79,19,0,-0.266,0,781.8,0,0
32.71,0,30.42,13,0,0.004,1,1299.2,0,0
71.81,0,10.93,18,0,0.172,2,1292.4,0,0
23.66,0,0.9,13,0,-1.409,0,1009.7,0,0
69.09,0,2.36,1,0,-1.334,0,904.1,0,0
59.52,0,7.24,16,0,0.107,1,1124.3,0,0
1216.8,1,0.3,21,0,3.031,2,105.8,1,1
18.8,0,13.67,17,0,-0.487,2,988.6,0,0
736.53,0,18.6,15,1,-0.438,1,778.1,0,0
43.77,0,38.09,13,0,0.455,1,883.7,0,0
43.8,0,27.55,9,0,-0.791,1,530.2,0,0
151.97,0,5.02,10,0,-1.931,1,498.0,0,0
311.72,0,40.82,19,0,1.326,1,1633.1,0,0
173.72,0,46.42,10,0,0.968,0,1245.0,0,0
24.02,0,1.84,15,0,0.958,0,701.2,0,0
79.98,1,23.83,15,0,-0.897,0,883.5,0,0
13.47,0,3.11,11,0,-0.062,0,753.5,0,0
143.52,0,42.74,19,0,-1.015,1,875.8,0,0
16.61,0,9.67,16,0,-0.048,0,1256.2,0,0
33.69,0,7.92,21,0,-0.278,3,236.2,0,0
66.51,1,4.52,22,0,-0.862,0,1098.0,0,0
97.34,0,13.18,16,0,0.403,1,465.4,0,0
53.42,0,9.92,17,0,-0.207,0,2914.0,0,0
242.55,0,11.41,19,0,1.378,0,1388.5,0,0
123.32,0,31.04,12,0,0.069,0,429.8,0,0
115.36,0,2.6,11,0,-2.038,0,438.0,0,0
23.45,0,5.78,17,0,-1.45,0,651.7,0,0
282.72,0,10.65,16,1,1.677,0,874.7,0,0
33.7,0,12.62,11,0,-0.287,1,629.6,0,0
292.05,0,4.58,11,0,0.192,1,673.0,0,0
371.99,0,9.03,17,0,0.008,2,267.1,0,0
103.11,0,24.32,4,0,1.133,0,2334.6,0,0
160.33,0,156.48,18,0,-1.526,0,863.5,0,0
5.0,0,0.26,15,0,1.063,0,1864.8,0,0
56.5,1,56.52,19,0,1.008,0,669.7,0,0
170.18,0,5.79,11,0,0.005,1,2191.6,0,0
146.33,0,11.37,17,0,0.331,2,1152.5,0,0
23.65,0,20.42,10,0,-0.296,0,909.4,0,0
51.95,0,26.26,16,0,-1.348,1,1721.5,0,0
7.72,0,110.09,13,0,0.464,2,441.6,0,0
94.73,0,52.16,14,0,0.197,1,888.0,0,0
13.45,0,2.72,17,0,0.214,0,798.4,0,1
174.32,0,3.18,9,0,0.386,2,1393.4,0,0
182.24,0,16.56,10,0,-0.483,0,331.2,0,0
44.56,0,3.74,14,0,1.195,1,718.1,0,0
103.86,0,24.56,15,0,0.007,1,269.5,0,0
55.45,0,56.79,14,0,0.433,1,739.4,0,0
81.91,0,3.91,13,0,-0.218,1,1579.4,0,0
25.15,0,2.61,8,0,0.84,4,740.0,0,0
113.2,0,8.15,19,0,0.083,3,590.0,0,0
16.53,0,19.99,16,0,-0.068,0,1236.5,0,0
14.08,0,59.58,15,0,0.966,0,612.2,0,0
60.12,0,4.4,13,0,-1.378,1,1484.1,0,0
55.73,0,12.79,10,0,-0.224,0,1828.7,0,0
84.05,0,37.17,15,0,-0.49,2,937.2,0,0
38.39,0,19.87,8,0,0.299,0,1135.4,0,0
331.24,0,32.05,20,0,0.253,1,1545.1,0,0
76.44,0,16.47,18,0,-0.009,0,923.2,0,0
81.28,0,2.12,18,0,-0.571,0,388.7,0,0
78.86,0,19.35,5,0,-0.019,1,1619.9,0,0
156.41,0,3.65,10,0,0.259,0,1146.4,0,0
108.81,0,52.27,8,0,-0.143,1,774.4,0,0
97.1,0,14.67,10,0,0.886,1,466.3,0,0
124.66,0,3.43,14,0,0.49,0,740.2,0,0
14.14,0,25.75,14,0,0.015,1,1046.0,0,0
14.6,0,25.97,16,0,-1.877,0,1107.7,0,0
62.51,0,26.28,6,0,-0.175,4,1305.1,0,0
56.37,0,19.55,17,0,0.504,2,206.4,0,0
109.16,0,27.2,9,0,-0.223,2,1669.2,0,0
67.83,0,31.47,13,0,0.243,4,1272.6,0,0
109.35,0,27.68,15,0,-0.18,0,913.5,0,0
23.13,0,32.05,8,0,0.186,2,673.0,0,0
66.08,0,1.37,18,0,1.121,1,574.5,0,0
21.33,0,1.83,19,0,0.629,1,1357.1,0,0
92.65,0,41.24,16,1,-1.036,1,885.8,0,0
13.51,0,25.38,16,0,-1.326,1,515.2,0,0
89.66,0,25.93,10,0,0.354,3,1111.9,0,0
19.13,0,10.52,10,0,0.934,2,1084.4,0,0
48.13,1,2.59,10,0,-1.329,1,2294.2,0,0
142.69,0,36.31,9,0,-0.168,0,282.6,0,0
80.9,0,23.46,14,1,1.899,1,405.1,0,0
16.46,0,35.35,3,1,-0.215,1,299.0,0,0
37.65,0,40.17,8,0,2.021,0,589.2,0,0
18.61,0,9.36,0,0,-0.659,0,876.5,0,0
15.79,0,63.43,19,0,-0.518,2,771.8,0,0
73.7,1,5.83,15,0,-0.562,1,1749.0,0,0
107.37,0,9.47,9,0,-1.023,0,786.2,0,0
96.98,0,26.85,19,0,-1.353,1,319.8,0,0
111.3,0,19.07,14,0,-0.177,0,2116.2,0,0
66.01,0,3.12,14,0,0.116,2,1361.7,0,0
52.86,0,2.77,19,0,-0.573,1,1324.1,0,0
26.79,0,26.87,16,0,-0.381,1,466.5,0,0
45.88,0,10.41,9,0,1.157,2,959.3,0,0
21.69,0,13.35,17,0,0.777,0,1595.4,0,0
32.51,0,1.59,14,0,-0.207,1,1454.4,0,0
71.92,0,54.84,10,0,0.344,0,616.9,0,0
60.33,0,1.37,13,1,-1.309,3,878.4,0,0
902.36,0,3.38,9,0,0.216,2,1457.5,0,0
21.24,0,1.69,16,0,-0.05,2,962.3,0,0
59.96,0,3.39,3,0,-0.299,1,764.0,0,0
19.88,0,2.4,13,0,0.026,0,505.0,0,0
47.96,0,4.17,9,0,-0.103,1,877.9,0,0
49.65,0,18.46,18,0,-1.051,0,1685.0,0,0
136.75,0,6.52,11,0,1.344,0,1580.6,0,0
45.5,0,8.12,18,0,0.761,0,1070.8,0,0
56.68,0,0.75,8,0,-0.31,0,1012.4,0,0
46.26,0,18.57,9,0,-1.408,2,1288.3,0,0
20.27,1,43.71,9,0,-1.965,1,105.8,0,0
38.31,0,25.52,6,0,1.604,3,1029.4,1,0
48.2,0,5.85,12,0,-0.139,0,1028.7,0,0
71.01,0,16.3,8,0,0.61,2,399.3,0,0
107.24,0,24.68,17,0,-0.759,0,527.8,0,0
54.63,0,22.6,11,0,-0.246,1,1214.6,0,0
253.7,1,1.94,0,1,2.485,9,3.5,0,1
53.82,1,29.75,23,0,-0.205,2,980.0,0,0
15.45,0,1.16,14,1,0.193,1,920.9,0,0
105.51,0,29.58,9,0,0.072,1,758.3,0,0
36.91,0,11.47,15,0,-0.738,0,1677.1,0,0
125.85,0,4.4,18,0,-0.746,2,1230.2,0,0
204.17,0,26.7,16,0,-0.065,0,1124.4,0,0
56.84,0,17.14,18,0,-1.403,2,507.5,0,0
27.94,0,84.78,11,0,-0.658,2,1123.0,0,0
65.75,0,11.58,12,0,-0.123,1,2544.6,0,0
89.69,0,60.37,10,0,0.318,0,348.4,0,0
51.0,0,7.58,10,1,1.203,1,1355.7,0,0
41.29,0,1.16,10,0,-0.381,0,921.8,0,0
107.66,0,39.24,15,0,0.029,0,911.8,0,0
101.79,1,30.07,9,1,-1.494,0,1513.9,0,0
49.68,0,55.05,14,0,0.268,2,612.6,0,0
16.35,0,13.54,11,0,-0.727,0,756.9,0,0
98.29,0,21.63,9,1,-0.247,2,828.1,0,0
34.74,0,0.86,17,0,0.381,1,588.6,0,0
80.01,0,69.28,14,0,0.414,2,812.9,0,0
75.83,0,1.35,11,0,-1.163,2,627.2,0,0
13.39,0,21.33,15,0,0.642,0,936.4,0,0
71.44,1,2.17,18,1,-0.031,0,1375.4,0,0
103.27,0,67.02,11,0,1.014,1,576.1,0,0
114.62,0,51.19,10,0,1.169,0,992.3,0,0
73.68,0,2.28,6,0,1.285,1,896.3,0,0
12.42,0,2.48,13,0,-1.14,0,879.1,1,0
197.46,0,4.96,13,0,0.322,0,556.9,0,0
94.57,0,48.2,10,0,-1.262,0,1523.8,0,0
23.98,0,4.98,19,0,1.041,0,1523.6,0,0
34.14,0,16.14,8,0,1.155,2,868.5,0,0
81.17,0,17.11,8,0,0.782,1,1315.2,0,0
118.84,0,0.35,2,0,-0.34,0,671.4,0,0
463.15,1,0.1,0,0,2.996,3,74.1,1,1
44.05,0,3.23,14,0,0.435,2,1385.6,0,0
134.52,0,14.82,12,0,-0.442,1,569.7,0,0
14.53,0,5.02,19,1,0.011,2,524.5,0,0
27.49,0,4.44,12,0,-0.074,3,957.3,0,0
114.71,1,1.98,1,1,2.835,2,134.8,0,1
11.53,0,0.73,16,0,-1.599,3,1968.6,0,0
31.1,0,5.89,12,1,-0.648,2,504.0,0,0
240.29,1,8.0,22,0,1.817,0,360.6,0,0
383.42,0,0.67,17,0,-0.069,0,1374.4,0,0
81.4,0,15.1,12,0,0.128,0,982.1,0,0
38.76,0,10.72,12,0,-0.007,0,1032.8,0,0
55.24,0,2.57,17,0,-0.328,1,770.5,0,0
99.72,0,18.43,9,0,0.029,0,1178.3,0,0
17.66,0,27.35,13,0,-0.326,0,1317.4,0,0
40.99,0,13.34,11,0,-1.826,0,443.3,0,0
225.8,0,3.68,13,0,0.629,1,397.2,0,0
27.42,0,18.42,14,1,1.29,3,535.0,0,0
35.28,0,18.86,13,0,-0.931,3,658.0,0,0
67.44,0,1.89,19,0,-0.33,4,833.9,0,0
84.83,0,3.13,5,0,1.2,4,969.4,0,0
39.2,0,0.31,7,0,-0.617,2,1229.1,0,0
71.19,1,2.58,15,0,0.31,1,655.7,0,0
1210.13,1,0.67,4,1,2.644,4,226.6,0,1
111.8,0,3.9,11,0,3.462,1,1344.8,0,0
353.27,0,9.8,3,0,0.506,1,979.3,0,0
2570.92,1,0.88,7,0,2.703,1,202.4,1,1
59.9,0,57.1,13,0,0.055,0,1056.7,0,0
64.39,0,4.49,19,0,0.705,1,442.8,0,0
244.28,0,13.56,3,0,0.621,0,587.8,0,0
41.81,0,27.53,8,0,-0.53,0,747.3,0,0
21.63,0,0.06,5,1,-1.389,0,2960.7,1,0
82.49,0,34.44,2,0,0.475,3,1330.9,0,0
166.46,0,5.93,17,0,0.595,2,858.2,0,0
90.64,0,15.24,10,0,-0.238,0,683.1,0,0
61.41,0,37.82,20,0,1.316,3,2015.5,0,0
19.47,0,3.47,11,0,1.156,2,1006.1,0,1
525.35,1,0.78,22,1,2.939,4,93.7,1,1
63.46,0,7.5,11,0,0.62,3,596.2,0,0
190.22,0,1.23,15,0,-0.223,0,525.0,0,0
23.36,0,18.85,17,0,-1.673,0,1141.9,0,0
54.16,0,13.13,14,0,-0.139,1,854.4,0,0
47.97,0,13.23,17,0,-1.469,0,1471.1,0,0
36.85,0,11.05,16,0,-1.886,1,497.4,0,0
82.33,0,2.7,10,0,0.518,0,1352.7,0,0
97.2,0,3.74,15,0,0.938,0,1408.4,0,0
96.34,0,29.57,18,0,-1.56,2,1620.3,0,0
90.02,1,1.52,1,1,2.379,5,54.2,0,1
29.07,0,13.54,9,0,-0.205,1,633.1,0,0
16.46,0,32.9,11,0,-0.014,0,1354.9,0,0
83.35,0,8.16,10,0,-0.234,1,759.7,0,0
802.0,1,2.97,5,1,2.418,0,97.6,1,1
43.38,0,41.99,11,0,-1.103,0,560.3,0,0
318.16,0,12.61,8,0,1.065,2,865.1,0,0
330.91,0,8.49,3,0,-1.081,3,296.5,0,0
362.16,1,7.7,12,0,-1.559,0,1055.1,0,0
29.99,0,18.94,6,0,-1.1,2,881.0,0,0
108.2,0,0.38,16,0,0.385,2,422.1,0,0
139.81,0,19.01,17,0,-0.214,2,1067.8,0,0
127.05,0,1.31,8,0,-0.616,1,1318.8,0,0
49.34,0,22.69,14,0,0.422,1,832.5,0,0
197.81,0,55.26,13,0,0.266,2,719.1,0,0
66.71,0,6.75,12,0,-1.846,1,1159.8,0,0
74.36,0,12.02,17,0,0.414,0,1718.9,0,0
18.04,0,45.09,8,0,0.945,0,811.8,0,0
115.36,0,2.93,11,0,-0.099,0,2116.6,0,0
53.44,0,69.09,17,0,-0.188,1,1518.2,0,0
98.99,1,37.85,12,0,1.515,0,736.3,0,0
81.44,0,6.77,8,0,-0.568,4,605.2,0,0
77.77,0,13.58,10,0,-0.133,2,1180.1,0,0
64.14,0,12.67,11,0,0.265,1,504.1,0,0
239.06,1,1.75,16,0,3.881,1,12.7,1,1
130.14,0,33.52,10,0,0.039,0,503.9,0,0
56.31,0,10.03,16,0,-0.218,1,757.3,0,0
19.36,0,16.98,10,0,0.071,0,733.1,0,0
108.16,0,2.45,17,0,1.255,4,1924.1,0,0
33.53,0,21.16,0,0,0.646,1,1394.5,0,0
21.64,0,5.75,8,1,-0.06,0,1420.7,0,0
27.97,0,12.01,8,0,-0.691,2,1159.9,0,0
84.85,0,14.48,15,0,-0.585,1,756.3,0,0
61.43,0,0.51,16,0,0.76,1,825.4,0,0
10.88,0,5.23,9,0,-1.275,0,1112.0,0,0
48.13,0,39.52,15,0,1.923,1,556.0,0,0
180.16,0,9.15,17,0,-0.025,1,554.0,0,0
45.44,0,14.7,18,0,-1.103,1,1328.4,0,0
57.94,0,1.51,1,0,0.146,0,1218.5,0,0
161.83,0,76.58,19,0,-0.641,0,533.3,0,0
131.13,0,52.63,16,0,-0.335,1,524.9,0,0
158.93,0,12.36,11,0,-1.209,0,539.9,1,0
6.32,0,0.52,8,0,-0.191,1,1314.4,0,0
291.05,0,31.78,14,0,-1.698,2,1490.2,0,0
114.54,0,8.96,14,1,-0.48,0,563.9,0,0
540.37,0,5.26,23,0,-0.662,0,994.9,0,0
34.3,0,12.77,10,0,-0.402,2,551.5,0,0
14.9,0,53.23,18,0,-0.611,0,1646.5,0,0
67.1,0,7.39,13,0,0.027,0,377.2,0,0
52.77,0,3.77,13,0,0.71,2,1053.8,0,0
116.24,0,37.01,19,0,0.288,0,752.3,0,0
166.28,0,12.25,14,0,1.039,2,561.2,0,0
61.92,0,8.11,9,0,-0.399,2,436.5,0,0
54.35,0,12.21,19,0,0.26,0,503.3,0,0
103.99,0,7.28,15,0,0.291,1,822.0,0,0
53.63,1,10.91,10,0,0.921,0,658.0,0,1
49.95,0,24.76,8,0,-0.584,4,976.1,1,0
161.03,0,3.78,11,0,0.631,3,1969.8,0,0
194.57,0,7.3,14,0,-0.686,2,1370.9,1,0
167.56,0,25.26,9,0,-0.456,1,1323.4,0,0
57.8,0,8.39,14,0,-0.287,1,1304.0,0,0
10.82,0,24.09,16,0,0.363,0,1139.3,0,0
58.79,0,2.32,13,0,-0.87,1,1481.1,0,0
35.01,0,12.52,16,0,-0.758,0,704.8,0,0
59.72,0,1.14,15,0,-0.516,2,1139.7,0,0
37.7,0,13.36,13,0,0.039,1,362.1,0,0
65.52,0,1.28,19,0,-0.749,0,1312.4,0,0
27.57,0,9.06,15,1,0.211,1,962.7,0,0
22.45,0,19.61,17,0,-0.286,1,890.8,0,0
188.54,0,12.71,15,0,0.526,1,535.4,0,0
29.25,0,18.66,19,0,0.05,1,460.4,0,0
66.71,0,10.16,13,0,1.402,0,731.8,0,0
150.11,1,1.15,12,0,0.097,0,961.5,0,0
145.06,1,48.55,23,1,-0.975,2,1383.8,0,0
131.06,0,0.86,19,0,-0.17,1,1482.5,1,0
86.27,0,12.4,17,0,0.017,0,1729.4,0,0
123.4,0,29.33,11,0,-0.727,1,1403.6,0,0
214.25,1,3.05,18,0,1.214,2,1176.0,0,0
95.7,0,36.61,8,0,-0.248,0,451.0,0,0
13.99,0,5.5,19,0,-0.516,2,892.6,0,0
42.55,0,0.99,8,0,0.145,1,1729.8,0,0
120.53,0,0.12,12,0,-0.725,1,1972.3,0,0
39.13,0,2.43,10,0,0.773,1,444.6,0,0
264.3,0,27.54,8,0,0.612,0,751.9,1,0
63.2,0,10.9,17,0,0.104,2,1779.2,0,0
71.7,0,12.8,10,0,0.473,3,1499.6,0,0
173.47,0,10.4,9,0,-0.4,1,933.4,0,0
57.09,0,13.82,19,0,-1.202,0,1064.2,0,0
77.47,0,2.65,14,0,-0.26,1,1148.1,0,0
143.2,0,3.74,8,0,-0.401,0,1523.2,0,0
19.08,0,29.84,11,0,-1.629,0,1503.8,0,0
52.33,0,4.54,14,0,-0.846,0,792.9,0,0
134.93,0,3.11,10,0,-0.984,1,1726.6,0,0
70.51,0,28.15,19,0,-0.843,0,1821.4,0,0
232.12,0,22.08,18,0,1.067,4,848.0,0,0
17.47,0,27.67,16,0,0.41,1,1775.3,0,0
15.86,0,1.4,14,0,0.772,1,842.1,0,0
128.28,0,2.09,19,0,0.408,1,1291.8,0,0
139.2,0,15.72,11,0,0.866,1,1899.0,0,0
56.58,0,11.59,14,0,0.022,1,1607.5,0,0
93.72,0,7.86,16,0,1.213,0,659.3,0,0
125.64,1,18.63,14,0,-0.985,0,1138.6,0,0
33.39,0,37.44,18,0,-0.054,1,1228.0,0,0
36.57,0,18.75,9,0,-0.82,0,1051.7,0,0
78.36,0,49.28,13,0,0.993,2,690.4,0,0
143.81,0,5.09,12,1,0.336,0,668.9,0,0
24.75,1,3.81,7,0,0.949,5,865.8,0,0
56.36,1,2.76,4,0,-1.123,0,456.7,0,0
54.18,0,26.5,19,0,-0.482,0,1210.9,0,0
95.13,1,40.33,15,0,-1.427,1,328.4,0,0
66.2,0,18.9,12,0,0.289,1,2050.3,0,0
41.93,1,1.06,12,0,-0.343,2,918.3,0,0
192.73,0,4.4,14,0,0.604,0,670.0,1,0
42.17,0,0.44,16,0,0.025,0,509.4,0,0
52.02,0,63.16,9,0,-1.704,0,1552.5,0,0
17.24,0,7.11,10,0,-1.328,1,1143.9,0,0
36.36,0,1.81,9,0,0.066,2,1050.2,0,0
289.84,1,0.59,2,1,4.633,6,59.6,0,1
103.41,0,17.42,6,0,0.373,0,1149.6,0,0
87.58,0,4.57,19,0,-1.773,0,1159.7,0,0
111.01,0,50.59,9,0,-0.067,1,1215.3,0,0
106.52,0,17.45,19,0,-0.814,1,1110.1,0,0
393.29,0,19.55,18,0,-0.888,1,1307.2,0,0
35.32,0,13.65,14,0,-0.524,0,1177.8,0,0
16.84,0,2.78,8,0,0.099,1,353.0,0,0
27.3,0,1.41,16,0,-0.565,2,643.2,0,0
36.67,0,8.93,3,0,-1.589,1,642.2,0,0
29.13,0,44.57,17,0,0.093,0,672.8,0,0
72.21,0,0.19,11,0,-0.281,1,538.0,0,0
193.4,0,67.69,14,0,-0.751,2,1092.1,0,0
246.83,0,15.98,18,1,-0.246,2,1332.0,0,0
102.38,0,4.87,16,1,-0.278,0,404.4,0,0
411.61,0,20.5,3,0,0.035,0,572.8,0,0
49.26,0,5.64,19,0,-0.198,1,443.2,0,0
16.65,0,1.72,13,0,0.132,0,312.5,0,0
163.24,0,8.57,10,0,-0.039,1,965.4,0,0
13.97,0,4.8,10,0,0.656,1,346.6,0,0
35.1,0,52.05,9,0,1.268,0,942.5,0,0
813.43,1,0.32,1,1,1.697,6,259.0,0,1
103.76,0,5.44,14,0,-0.012,0,1052.3,0,0
61.13,0,5.72,17,0,-0.497,2,921.2,0,0
56.7,0,6.75,17,0,-1.149,0,928.7,0,0
24.44,0,17.35,16,1,0.517,1,867.0,0,0
66.08,0,15.15,13,0,-0.722,2,1383.9,0,0
156.51,0,39.08,12,0,1.878,0,1830.1,0,0
67.83,0,21.72,8,0,2.223,3,1090.6,0,0
32.93,1,1.47,11,0,-0.17,2,655.1,0,0
23.09,0,45.75,19,0,-1.332,2,568.7,0,0
33.51,0,1.28,16,0,0.523,1,336.2,0,0
93.08,0,2.81,12,0,1.679,2,1657.9,0,0
604.04,1,3.12,13,0,1.655,2,97.3,0,1
89.31,0,2.65,13,0,-1.05,1,818.0,0,0
33.77,0,33.3,12,0,1.518,1,845.7,0,0
10.18,0,29.83,1,0,-1.479,0,954.7,0,0
95.3,0,25.31,13,0,-1.163,0,732.8,0,0
31.09,0,66.59,18,0,0.247,1,1040.1,0,0
119.79,0,2.36,9,0,0.813,1,1067.0,0,0
35.07,0,0.23,13,0,-0.053,0,1135.8,0,0
28.8,0,1.58,15,0,0.36,0,442.2,1,0
75.96,1,4.38,0,0,0.884,0,273.1,0,0
494.75,0,17.83,8,0,0.976,2,1357.1,0,0
126.05,0,19.88,15,0,-0.498,0,832.6,0,0
74.87,0,0.29,18,0,-0.691,0,614.1,0,0
90.47,0,27.49,15,0,0.843,1,1433.2,0,0
15.05,0,23.14,11,0,0.363,0,626.5,0,0
25.69,0,5.04,1,0,0.471,2,594.2,0,0
7.89,0,43.57,11,0,-0.529,2,705.8,0,0
290.15,0,27.76,13,0,0.51,1,649.8,0,0
244.27,0,5.74,22,0,-0.876,1,657.8,0,0
333.46,1,1.07,4,1,1.882,3,139.5,0,1
93.12,0,1.22,1,0,0.198,1,1291.7,0,0
74.8,0,9.5,15,0,0.089,1,1711.6,0,0
17.83,0,13.93,18,0,0.095,2,548.0,0,0
55.35,0,2.21,17,0,0.625,2,936.5,0,0
305.98,0,8.86,8,0,-0.816,2,664.2,0,0
74.57,0,31.45,12,0,0.542,2,1497.6,0,0
41.27,0,12.71,18,0,0.017,1,1087.6,0,0
14.96,0,29.74,16,0,-0.633,1,947.5,0,0
215.56,0,6.59,15,0,-1.057,0,1263.3,0,0
62.83,0,32.06,12,0,1.511,1,1426.3,0,0
14.98,0,6.56,8,0,-0.056,1,1248.3,0,0
30.4,0,30.66,14,0,-0.284,0,1227.7,0,0
22.51,0,15.26,12,0,-0.915,2,1810.4,0,0
59.62,0,1.78,17,0,0.871,2,1123.9,0,0
79.54,0,7.72,18,0,0.809,0,604.2,0,0
43.48,0,26.75,9,0,0.655,0,997.2,0,0
129.09,0,4.36,12,0,-0.049,0,751.8,0,0
71.31,0,27.59,22,0,0.601,1,1754.4,0,0
164.51,0,1.82,16,0,-0.659,0,783.5,0,0
49.22,0,1.78,12,0,0.174,1,796.4,1,0
887.6,0,10.18,14,0,-0.043,2,861.2,0,0
41.27,0,17.65,18,0,0.214,0,1047.6,0,0
30.94,0,30.45,15,0,-1.451,0,681.2,1,0
27.87,0,22.83,9,0,1.496,1,681.7,0,0
55.74,0,20.59,13,0,1.295,1,599.8,0,0
15.46,0,18.97,18,0,-0.92,0,1671.5,0,0
85.66,0,5.58,14,0,0.462,0,1196.3,0,0
13.2,0,30.22,19,0,-1.19,2,831.9,0,0
76.51,0,7.07,18,0,0.067,1,726.5,0,0
21.15,1,11.08,11,0,-1.757,1,585.6,0,0
48.23,0,28.12,12,1,-0.234,0,776.5,0,0
111.48,0,3.65,10,0,-0.39,1,836.1,0,0
472.69,0,7.21,10,0,0.925,0,1511.7,0,0
26.67,0,5.98,12,0,1.335,0,570.2,0,0
58.69,0,110.14,13,0,1.353,0,1028.0,0,0
36.05,0,22.08,12,0,0.927,1,1174.9,0,0
31.84,0,5.78,16,0,0.066,1,647.1,0,0
36.32,1,3.49,9,0,0.311,0,390.5,0,0
134.35,0,4.63,17,1,0.307,0,1010.9,0,0
44.04,1,27.0,18,0,-0.944,1,581.4,0,0
451.2,0,7.89,16,0,0.917,1,1077.9,0,0
94.97,0,4.1,10,0,0.552,2,1017.9,0,0
28.26,0,30.22,10,0,0.589,3,1366.2,0,0
48.83,0,11.96,19,0,-1.825,1,1417.6,0,0
33.73,0,25.49,14,0,0.362,1,423.7,0,0
131.64,0,27.99,7,0,0.805,1,1177.3,0,0
16.56,0,12.11,21,0,-0.012,3,1072.5,0,0
21.33,0,33.89,13,0,-0.401,1,1055.9,0,0
40.33,0,5.24,14,0,-1.09,1,1431.5,0,0
119.16,0,0.6,12,0,-1.147,1,597.1,0,0
190.2,0,7.94,15,0,0.123,3,1420.8,0,0
215.61,0,8.96,15,0,-0.188,1,1174.3,0,0
104.62,0,17.87,16,0,-0.199,1,390.2,0,0
62.15,0,13.13,18,0,1.223,1,710.0,0,0
131.03,0,38.14,16,0,-1.005,0,932.2,0,0
25.21,1,46.6,9,1,-0.277,2,415.0,1,0
13.9,0,15.67,12,0,1.355,1,1160.9,1,0
96.65,0,33.65,14,0,-0.25,2,1427.2,0,0
28.37,0,50.5,15,0,0.053,2,1310.0,0,0
63.09,0,16.36,18,0,-0.14,0,1247.8,0,0
73.82,0,8.57,0,0,0.565,2,743.9,0,0
82.34,0,28.81,13,0,-1.644,2,1157.8,0,0
147.99,0,34.26,3,0,-0.163,1,1777.2,0,0
135.27,0,38.94,22,0,0.044,1,509.7,0,0
293.04,1,1.84,17,1,2.523,1,22.6,0,1
78.71,0,1.74,13,0,-0.799,1,475.1,0,0
45.8,0,12.28,9,0,0.275,2,589.6,0,0
73.08,0,10.24,12,0,0.629,2,903.3,0,0
40.17,0,25.81,10,0,0.362,0,570.0,1,0
56.43,0,12.23,8,0,1.423,2,1267.5,0,0
617.36,0,51.35,15,0,-0.347,0,944.4,0,0
77.86,0,39.16,13,0,0.399,0,930.2,0,0
97.78,0,0.18,9,0,0.381,2,1429.7,0,0
36.61,0,19.15,15,0,-0.188,0,432.4,0,0
158.71,1,10.52,21,0,0.907,1,1061.6,0,0
127.26,0,5.81,9,0,0.231,0,1087.0,0,0
128.03,0,26.03,15,0,-0.961,2,1641.6,0,0
80.05,1,9.06,11,0,0.6,1,2210.7,0,0
160.62,0,9.81,17,0,-0.399,2,494.9,0,0
196.55,0,10.64,6,0,-0.258,1,726.5,0,0
84.83,0,25.8,9,0,-0.199,1,337.3,0,0
60.5,1,11.42,14,0,0.588,1,556.0,0,0
142.65,0,0.92,8,0,0.863,0,1695.4,0,0
30.92,0,26.5,16,0,-0.128,0,1300.6,0,0
36.22,0,18.28,11,0,-0.173,2,825.5,0,0
63.73,0,2.58,13,0,-1.638,1,892.9,0,0
15.18,0,6.6,16,0,-0.568,1,490.0,0,0
134.75,0,12.29,18,0,-0.757,2,523.6,0,0
29.42,0,27.16,14,0,0.249,0,916.1,0,0
44.67,1,4.82,8,0,-0.086,1,693.6,0,0
55.63,0,51.37,11,0,-0.727,0,1272.1,0,0
68.95,0,4.62,15,0,0.122,0,1387.1,0,0
49.79,0,3.88,8,0,-0.054,0,724.0,0,0
62.97,0,48.44,12,0,-2.032,0,1087.8,0,0
63.39,1,41.01,11,0,0.886,2,893.4,0,0
45.61,0,4.95,11,0,0.809,0,879.0,1,0
34.56,0,16.21,19,0,-0.19,1,1665.4,0,1
167.21,0,26.64,19,0,0.282,1,450.0,0,0
11.15,0,0.4,18,0,-0.26,0,1641.7,0,0
55.99,0,11.63,17,0,-1.284,2,1323.8,0,0
44.77,0,23.91,18,0,1.731,1,1062.1,1,0
95.2,0,59.22,10,0,0.6,1,1257.0,0,0
19.37,0,19.44,0,0,0.752,0,865.8,1,0
43.61,0,3.08,8,1,-0.228,0,709.1,0,0
61.13,0,0.1,3,0,0.901,1,592.9,0,0
165.6,0,2.55,18,0,-1.096,1,1341.6,0,0
88.44,0,27.32,8,0,-0.196,1,1015.0,0,0
24.39,0,15.27,10,0,0.592,1,1900.7,0,0
44.06,0,12.77,10,0,-0.501,0,1286.7,0,0
141.62,0,32.5,19,0,0.729,0,1061.9,0,0
24.03,0,13.31,17,0,0.243,3,693.6,0,0
62.37,0,1.51,11,0,0.168,0,750.4,0,0
66.17,0,12.13,8,0,-0.576,1,664.7,0,0
48.04,0,42.47,18,0,0.324,4,1133.2,0,0
659.44,0,2.06,15,0,1.546,0,853.3,0,0
46.95,0,139.98,8,0,0.14,3,705.9,0,0
97.74,0,33.42,13,0,0.445,1,1973.4,0,0
34.77,0,3.39,14,0,0.563,0,1497.5,0,0
104.44,0,2.6,19,0,-0.916,1,929.1,0,0
139.79,1,30.26,10,1,-0.106,1,967.8,1,0
40.46,0,72.52,10,0,-0.13,0,1315.5,0,0
63.66,0,0.11,13,0,-1.7,1,865.7,0,0
544.94,1,0.96,20,1,3.272,8,225.5,0,1
31.16,0,16.57,11,0,0.631,1,497.2,0,0
25.21,0,11.66,19,0,-0.745,1,676.8,0,0
160.98,0,6.2,4,0,0.544,2,975.3,0,0
41.64,0,4.5,11,0,-0.606,1,970.1,0,0
8.57,0,2.24,12,0,1.634,0,400.6,0,0
299.03,0,7.58,15,0,-0.223,1,1308.9,0,0
355.11,1,0.55,22,1,3.043,7,89.5,0,1
33.72,0,33.47,11,0,1.537,2,414.0,0,0
54.09,0,1.74,10,0,-0.138,0,562.6,0,0
269.02,0,44.81,11,0,-0.043,1,1359.6,0,0
59.12,0,18.71,15,0,1.253,0,838.6,0,0
58.04,0,1.11,18,0,-0.734,0,1560.5,1,0
23.48,0,23.9,16,0,0.04,1,1439.0,0,0
202.88,1,0.37,4,0,2.729,6,135.7,0,1
16.62,0,7.0,23,0,0.432,1,493.7,0,0
57.89,0,8.57,16,0,0.323,0,774.1,0,0
90.78,1,16.72,13,0,0.034,0,697.0,0,0
86.46,0,15.25,6,0,-0.075,0,732.3,0,0
44.3,0,62.41,14,0,0.677,1,683.5,0,0
67.84,0,25.29,18,0,0.141,1,550.3,0,0
13.99,1,11.98,15,0,0.773,1,1493.9,0,0
98.61,0,9.29,11,0,0.314,0,576.1,0,0
76.49,0,6.51,18,0,0.52,2,823.0,0,0
356.96,0,0.47,10,0,0.907,0,557.2,0,0
67.11,0,31.41,18,0,-0.248,2,993.1,0,0
29.93,0,6.93,9,0,0.885,1,808.6,0,0
63.87,0,20.34,11,0,-0.125,0,713.2,0,0
50.47,0,11.87,5,0,-1.121,0,1488.6,0,0
96.5,0,24.97,6,0,-0.263,0,862.6,0,0
68.23,0,8.24,16,0,-0.578,2,900.2,0,0
22.85,0,36.03,9,0,0.3,0,399.3,1,0
16.6,0,10.82,16,0,-0.229,1,2031.2,0,0
83.39,0,1.12,12,1,0.102,3,968.8,0,0
216.08,0,6.39,17,0,0.811,2,1277.0,1,0
71.34,0,12.74,17,0,1.189,1,625.3,0,0
133.13,0,36.74,19,0,0.234,0,807.4,0,0
157.73,0,10.33,8,0,0.869,1,1623.7,0,0
83.66,0,0.83,9,0,-0.142,0,706.8,0,0
33.37,0,11.56,12,0,-1.251,1,1188.6,0,0
78.73,0,14.02,11,0,-0.943,3,831.9,0,0
186.05,0,11.74,9,0,-0.157,1,1501.8,0,0
104.63,0,95.45,14,0,0.636,0,1051.2,0,0
125.97,0,8.85,13,0,-0.154,0,659.6,0,0
45.01,0,25.55,13,0,0.949,1,480.7,0,0
56.15,0,22.12,16,0,1.465,2,1779.6,0,0
377.64,1,0.5,0,1,2.997,5,160.7,1,1
60.28,0,6.91,21,0,-0.711,1,1135.4,0,0
63.84,0,1.07,13,0,1.7,0,1039.4,0,0
646.57,1,0.12,2,1,2.081,4,219.2,1,1
179.97,1,20.21,10,0,-1.308,1,755.1,0,0
9.07,0,23.61,1,0,1.479,0,435.5,0,0
68.44,0,18.81,18,0,-0.027,1,1076.1,0,0
62.33,0,14.59,11,0,-0.186,1,1054.3,0,0
20.78,1,33.08,16,0,-0.006,1,1183.9,1,0
118.04,0,8.95,16,0,-0.64,1,1564.9,0,0
36.02,0,4.83,9,0,1.201,1,1010.0,0,0
49.23,0,10.71,12,0,-0.554,0,408.7,0,0
321.01,0,40.94,8,0,-0.452,0,1222.5,0,0
157.35,0,16.94,14,0,-1.103,1,1807.5,0,0
108.67,0,3.47,17,0,-0.585,1,883.9,0,0
92.17,0,3.54,16,0,-0.56,1,863.8,0,0
57.98,0,14.28,10,0,-0.614,0,826.8,0,0
364.84,0,9.71,6,0,-0.141,2,946.7,0,0
131.87,0,2.22,18,0,-0.892,3,1073.6,0,0
35.26,0,19.62,9,0,1.276,1,1178.3,0,0
20.29,0,34.11,14,0,-0.122,1,700.8,0,0
427.31,1,4.43,22,1,2.417,7,119.0,0,1
107.97,0,5.36,11,0,0.299,2,721.1,0,0
63.59,0,14.15,17,0,0.689,0,217.5,0,0
19.79,0,0.81,14,0,1.62,1,408.1,0,0
96.0,0,5.28,16,0,0.728,2,787.5,1,0
53.05,0,99.02,14,0,-0.198,1,1082.0,0,0
104.7,0,24.8,8,0,-0.858,0,763.4,0,0
97.07,1,2.13,19,0,0.27,2,1270.9,0,0
39.76,0,27.63,16,0,0.85,0,675.8,0,0
114.2,0,19.91,12,0,0.114,1,694.3,0,0
43.68,1,12.72,14,0,0.052,1,1443.6,0,0
46.16,0,11.56,16,0,0.171,0,1065.9,0,0
42.42,0,9.16,10,0,-1.496,0,1355.5,0,0
174.4,0,1.66,18,0,0.117,0,1088.6,0,0
52.54,0,31.37,16,0,0.586,2,968.2,0,0
214.13,0,17.73,12,0,-0.037,0,1074.2,0,0
303.68,0,5.52,15,0,0.899,1,529.1,0,0
35.59,0,0.58,15,1,0.926,2,317.9,0,0
159.05,0,0.35,4,1,2.585,4,91.3,0,1
5.57,0,0.71,13,0,-0.403,5,503.7,0,0
162.04,0,1.03,15,0,0.353,2,403.2,0,0
49.87,0,9.49,8,0,0.034,0,1055.3,0,0
31.94,0,24.99,17,0,-1.623,0,1456.7,0,0
40.43,1,6.06,10,0,-0.15,0,521.0,0,0
46.87,0,22.24,9,0,-0.825,1,1026.2,0,0
200.86,0,0.09,12,0,0.107,2,1693.5,0,0
76.4,0,7.19,17,1,0.546,0,1321.6,0,0
198.55,0,50.21,9,0,-0.174,0,1105.9,1,0
101.5,0,12.44,23,0,-0.72,0,928.1,0,0
51.27,0,10.11,12,0,0.187,3,1066.2,0,0
47.86,0,38.45,10,0,1.955,1,986.3,0,0
107.49,0,4.75,13,0,-1.738,0,861.8,0,0
133.94,0,1.3,17,0,0.186,1,566.9,0,0
155.6,0,17.82,18,0,-0.435,5,691.5,0,0
53.39,0,23.05,12,0,-0.341,1,1032.5,0,0
77.4,0,14.3,18,0,-0.084,1,1403.7,0,0
109.56,0,5.48,11,0,-0.275,1,529.6,0,0
48.12,0,15.55,18,0,0.481,2,2054.2,0,0
25.41,0,16.74,17,0,-0.193,2,388.7,0,0
33.6,0,9.84,17,0,-1.73,1,606.8,0,0
54.33,0,1.53,17,0,1.024,2,1051.9,0,0
117.08,0,37.28,8,0,0.903,0,1222.7,0,0
194.44,0,47.61,8,0,-0.485,0,696.5,0,0
21.06,0,43.03,15,1,0.04,1,940.5,0,0
40.14,0,15.54,19,0,0.974,1,861.2,0,0
49.2,1,3.97,7,0,0.827,2,792.7,0,0
131.04,0,13.78,19,0,1.086,2,602.3,0,0
42.57,0,4.8,15,0,0.3,1,1040.9,0,0
46.28,0,20.05,9,0,0.616,0,1065.5,0,0
20.08,0,5.14,23,0,1.127,1,925.8,0,0
100.57,0,26.47,10,0,-0.275,2,1272.1,0,0
58.14,1,5.58,8,0,0.352,2,1039.7,0,0
38.25,0,4.44,16,1,-1.717,1,651.7,0,0
53.49,0,9.4,10,0,-1.264,1,1702.3,0,0
173.81,1,14.46,14,0,0.4,0,1156.7,0,0
28.38,0,40.78,16,0,0.522,0,804.7,0,0
32.61,0,5.21,13,0,-0.31,1,750.6,0,0
193.33,1,39.56,8,0,-0.485,0,744.8,0,0
71.12,0,20.31,8,0,-0.284,2,549.3,0,0
117.84,0,17.23,12,0,0.153,1,681.8,0,0
93.83,0,28.23,8,0,-1.851,0,986.4,0,0
64.71,1,5.26,18,0,0.372,2,1173.6,0,0
49.6,0,7.51,9,0,0.026,0,1609.0,0,0
135.21,0,0.4,8,0,0.198,1,811.4,0,0
179.11,0,23.52,9,1,-0.099,1,1027.3,0,0
167.6,0,1.84,16,0,-1.106,2,1017.3,0,0
24.35,0,34.05,15,0,-0.879,3,678.3,0,0
202.18,0,15.4,1,0,1.219,0,1125.4,0,0
49.19,1,25.58,5,0,-0.514,1,475.8,0,0
35.1,0,9.99,11,0,0.646,1,884.6,0,0
57.75,0,18.39,16,0,-0.866,1,807.7,0,0
135.16,0,0.06,9,1,-0.012,1,700.7,0,0
105.57,0,0.88,12,0,-0.353,2,1065.1,0,0
53.67,0,18.91,9,0,-0.23,1,1612.7,0,0
135.91,0,16.28,13,0,-0.272,0,1342.5,0,0
75.1,0,12.34,19,0,1.155,2,1007.0,0,0
40.98,0,40.53,18,0,1.542,0,1297.4,0,0
36.53,0,2.83,16,0,0.19,1,1825.1,0,0
94.51,0,20.25,15,0,-0.33,0,656.4,0,0
62.17,0,10.68,9,0,-1.063,0,881.6,0,0
20.71,0,23.6,16,0,-1.118,0,1113.6,0,0
137.01,0,13.1,18,0,1.159,1,1152.5,0,0
44.33,0,22.08,22,0,-1.175,1,813.7,0,0
258.09,0,9.48,9,0,-0.352,1,1015.2,0,0
20.24,0,13.11,16,0,0.124,0,833.6,0,0
57.19,0,20.59,9,0,-2.081,2,907.5,0,0
36.78,0,4.69,11,0,-1.0,0,407.7,0,0
29.1,0,11.97,10,0,-1.071,0,1611.7,0,0
44.09,0,32.29,9,1,-0.533,2,366.9,0,0
300.36,0,13.91,17,0,0.207,0,726.2,0,0
75.33,0,1.4,13,0,0.822,1,1173.9,0,0
34.02,0,5.78,12,0,-0.531,0,1413.7,0,0
14.09,0,42.5,0,0,-0.369,2,233.7,0,0
15.44,0,6.17,15,0,-0.096,0,828.1,0,0
42.27,0,14.88,14,0,-0.644,0,1235.3,0,0
38.91,0,21.31,6,0,0.334,1,889.0,0,0
55.12,0,20.19,14,0,0.359,2,1056.7,0,0
9.67,0,23.3,17,0,-2.177,1,742.9,0,0
1087.08,1,1.47,0,0,1.412,4,29.3,0,1
61.69,0,17.47,14,0,0.512,1,1182.3,0,0
159.74,0,10.76,17,0,0.102,1,520.3,1,0
264.92,0,0.47,14,0,0.207,1,2023.2,0,0
13.33,0,13.01,12,0,0.944,3,188.5,0,0
33.74,0,10.06,16,0,-1.429,1,683.7,1,0
32.26,0,8.89,10,0,-1.004,1,548.4,0,0
75.48,0,18.21,15,0,-0.056,1,916.0,0,0
23.65,0,4.52,4,0,-1.857,0,790.3,0,0
278.64,0,3.08,11,0,-0.169,2,1600.8,0,0
69.2,0,10.84,13,0,0.677,0,1870.6,1,0
60.06,0,6.57,9,0,0.317,1,694.5,0,0
258.22,0,13.98,9,1,0.063,1,1111.8,0,0
65.78,0,13.29,9,0,-0.186,1,1060.1,0,0
93.71,0,14.09,15,0,-0.342,0,1095.8,0,0
35.23,0,10.86,9,0,-0.388,1,604.0,0,0
20.8,0,3.03,11,0,0.183,1,595.8,0,0
39.69,1,26.58,9,0,-1.241,1,957.0,0,0
427.92,0,0.97,17,0,1.17,0,1073.0,0,0
114.21,1,34.11,16,0,-0.59,4,493.3,0,0
84.21,0,29.3,11,0,0.446,3,729.2,0,0
29.08,0,26.58,16,0,0.064,1,866.8,0,0
144.69,1,23.06,10,0,-0.923,0,1443.5,0,0
21.03,0,37.42,15,0,1.034,2,1279.7,0,0
17.6,0,41.54,15,0,0.865,0,1583.7,0,0
41.47,0,9.17,13,0,-1.257,1,914.1,0,0
351.19,0,64.98,16,0,-0.059,1,766.3,0,0
334.69,0,10.46,21,1,0.166,0,1540.5,0,0
45.44,1,3.51,12,0,-1.657,1,900.2,0,0
37.6,0,45.33,11,0,-1.696,1,441.0,0,0
16.54,0,4.0,13,1,-0.667,2,1178.9,0,0
71.26,0,1.79,14,0,-1.051,0,355.4,0,0
76.53,0,48.89,9,0,-0.835,1,883.3,0,0
55.09,1,0.82,22,1,1.729,5,20.0,0,1
130.47,0,0.94,19,0,-1.05,1,187.1,0,0
144.62,0,27.57,13,0,-0.098,0,905.8,0,0
56.38,0,84.25,19,0,-0.714,0,895.1,0,0
106.98,0,21.03,19,0,0.891,2,440.4,0,0
36.76,0,22.75,8,0,0.144,2,950.0,0,0
105.27,0,16.36,2,0,0.635,0,1520.0,0,0
43.33,0,8.91,10,0,-1.351,1,737.4,0,0
98.55,0,4.99,14,0,-0.503,0,1273.8,0,0
91.99,0,77.47,2,0,0.109,4,462.2,0,0
70.7,0,36.45,8,0,0.362,5,488.9,0,0
131.02,0,15.43,14,0,-0.518,0,612.1,0,0
17.55,0,1.9,11,0,-0.401,2,678.3,0,0
26.97,0,0.79,18,0,-0.313,0,1268.1,0,0
53.01,1,5.88,17,0,-0.238,0,956.9,0,0
19.55,1,4.2,18,0,1.731,0,412.9,0,0
47.19,0,70.49,10,1,0.251,1,999.0,0,0
48.5,1,24.51,16,0,0.032,0,997.7,0,0
203.01,0,2.12,10,0,-1.007,3,188.9,0,0
75.28,0,43.89,17,0,-0.988,0,1583.2,0,0
159.97,0,18.24,13,0,-0.171,4,641.0,0,0
86.18,0,9.33,8,0,0.904,0,1264.9,0,0
42.3,0,4.64,8,0,-0.159,2,1145.1,0,0
74.71,1,32.25,11,0,-0.125,0,540.3,0,0
123.97,0,19.38,12,1,-0.595,1,1454.0,0,0
183.9,0,3.42,10,0,-1.393,1,1069.8,0,0
59.59,0,32.68,17,0,0.35,0,1449.1,0,0
16.44,0,69.97,13,0,-0.203,1,1760.7,0,0
15.48,0,3.61,11,0,0.357,1,601.9,0,0
50.53,0,10.91,16,0,0.124,2,1035.6,0,0
9.14,0,3.64,1,0,-0.771,1,464.9,0,0
306.69,0,41.23,17,0,0.18,0,1443.3,0,0
110.76,0,3.34,14,0,-1.033,0,405.5,0,0
38.85,0,3.6,16,0,0.174,1,519.7,0,0
25.97,0,41.86,18,0,-0.05,1,715.1,0,0
159.8,0,8.49,11,0,1.232,0,901.8,0,0
25.88,0,47.43,10,0,-0.694,0,1289.7,0,0
28.06,0,1.16,16,0,-1.062,0,426.2,0,0
34.78,0,24.25,4,0,-0.331,0,1028.5,0,0
73.48,0,22.0,10,0,0.487,0,697.9,0,0
113.03,0,4.99,11,0,-2.238,0,887.1,0,0
183.79,0,1.24,15,0,0.7,1,1559.7,0,0
162.1,0,0.19,9,0,-0.167,3,949.8,0,0
66.73,1,32.45,10,0,-0.914,0,1139.6,0,0
158.77,0,46.0,10,0,-0.294,1,349.0,0,0
37.7,1,14.77,12,0,-0.593,2,640.5,0,0
14.19,0,7.78,16,0,-0.98,0,904.9,0,0
37.7,1,1.25,14,0,-1.551,1,473.3,0,0
33.61,0,12.09,8,0,0.584,3,394.0,0,0
38.97,0,53.46,9,0,-0.448,0,648.5,0,0
29.5,0,35.41,19,0,-0.313,1,904.1,1,0
45.06,0,14.26,11,0,0.676,2,1255.6,0,0
112.96,0,1.84,13,0,0.045,0,1258.5,0,0
286.57,0,16.63,17,0,-1.248,1,852.9,0,0
15.39,0,1.87,18,0,0.538,1,955.7,0,0
22.32,1,38.61,11,0,1.187,2,443.7,0,0
34.03,0,31.89,10,0,0.402,0,1940.7,0,0
127.85,0,31.42,13,0,-0.692,2,1643.4,0,0
56.02,0,0.12,12,0,-1.178,0,1059.9,0,0
36.04,0,3.83,16,0,-0.721,2,794.6,0,0
122.64,1,31.95,16,0,0.082,0,1422.0,0,0
150.34,0,13.67,11,0,1.141,1,1957.5,0,0
65.63,0,17.55,12,0,-0.607,2,1124.0,0,0
33.32,0,7.14,16,0,-0.519,0,1265.4,0,0
83.91,0,26.23,6,0,0.817,0,709.3,1,0
54.69,0,14.82,14,0,-0.347,4,487.9,0,0
54.33,0,19.55,17,0,1.371,1,865.8,0,0
43.14,0,9.64,15,0,-0.118,2,1185.5,0,0
146.38,0,5.53,15,1,0.934,0,437.3,0,0
82.47,0,0.29,13,0,0.306,1,1883.3,0,0
160.83,0,1.22,18,0,0.566,0,1147.0,0,0
207.65,0,3.05,8,0,-0.142,3,1261.5,0,0
98.51,0,0.77,9,0,-0.089,2,346.8,0,0
43.36,0,27.42,16,0,0.335,1,732.8,0,0
161.46,0,23.15,15,0,0.639,1,958.1,0,0
99.07,0,6.06,20,0,0.421,2,533.5,0,0
609.64,0,15.44,15,0,-1.414,0,2233.0,0,0
86.8,0,13.95,9,0,0.206,0,1594.5,0,0
120.67,0,39.01,15,0,-0.525,0,981.0,0,0
85.36,0,2.16,12,0,-0.437,2,1336.8,0,0
344.78,1,3.04,0,1,1.759,3,117.0,0,1
61.3,0,55.5,15,0,0.366,0,796.2,0,0
53.52,0,0.32,12,0,1.358,0,1473.8,0,0
85.64,0,23.57,16,0,-0.186,1,869.2,0,0
103.86,0,1.84,9,0,1.578,2,1828.7,0,0
177.9,0,26.97,18,0,-0.878,0,686.7,0,0
86.71,0,4.07,20,0,0.985,2,477.1,0,0
44.99,0,6.86,10,0,0.345,0,911.1,0,0
50.51,0,42.62,19,0,0.167,1,2116.6,0,0
21.66,0,24.0,17,0,1.107,0,657.0,0,0
273.7,0,17.99,14,0,-0.509,1,1128.1,0,0
42.1,0,21.34,8,0,1.022,3,601.2,0,0
151.76,0,11.61,18,0,-0.167,0,2236.4,0,0
84.36,0,4.57,1,0,-0.514,1,467.2,0,0
86.33,0,49.41,11,0,-1.061,1,1151.6,0,0
60.35,0,41.56,15,0,1.268,0,788.6,0,0
34.14,0,32.64,21,0,0.913,0,1707.6,0,0
29.28,0,11.07,12,0,-0.382,0,811.0,0,0
289.8,0,20.58,11,0,0.436,3,807.4,0,0
73.47,0,2.21,12,0,0.101,1,775.8,0,0
173.55,0,7.64,21,0,-0.282,2,1168.9,0,0
216.41,1,5.48,18,0,0.772,1,769.4,0,0
47.03,0,17.64,9,0,-0.5,1,717.3,0,0
95.58,0,1.02,18,0,-1.753,1,460.4,0,0
69.29,0,8.65,23,0,0.208,1,622.9,0,0
24.94,0,6.41,14,0,0.053,0,1318.2,0,0
56.96,0,4.37,11,0,-0.475,2,661.1,0,0
109.88,0,18.95,13,0,-0.714,1,3791.6,0,0
300.02,1,2.57,23,1,3.173,9,136.4,0,1
43.63,0,6.24,17,0,-1.248,3,1003.0,0,0
50.6,0,31.99,11,0,-0.29,0,363.9,0,0
57.55,0,2.8,12,0,-0.7,2,1290.5,0,0
401.34,0,0.9,13,0,0.772,0,2461.0,0,0
14.03,0,6.07,8,0,0.413,1,524.5,0,0
102.15,0,1.89,12,1,-0.388,0,589.7,0,0
53.77,0,3.43,9,0,0.418,1,822.2,0,0
38.68,0,46.98,8,0,-0.086,1,398.4,0,0
52.66,0,2.6,12,0,-0.216,3,550.2,0,0
117.6,0,1.58,17,0,-0.044,1,1255.8,0,0
123.45,0,8.62,19,0,1.417,1,923.6,0,0
78.11,0,3.83,13,0,0.515,0,925.6,0,0
554.76,1,0.05,22,1,2.784,4,155.3,0,1
168.82,1,44.7,17,0,-0.239,2,363.5,0,0
196.08,0,42.35,10,0,0.715,1,462.6,0,0
133.48,0,42.44,20,0,0.686,1,738.0,0,0
41.92,0,30.7,15,0,0.208,0,1590.3,0,0
101.52,0,6.8,11,0,-0.263,0,720.9,0,0
101.93,0,7.46,13,0,-0.316,0,1018.2,0,0
33.34,0,18.03,16,0,-0.86,0,659.7,0,0
17.57,0,3.19,18,0,0.144,0,919.8,0,0
11.95,0,6.74,15,0,-0.488,0,1930.4,0,0
70.77,0,3.97,10,0,-0.349,1,1094.3,0,0
85.91,0,15.63,0,0,0.499,3,815.5,0,0
24.42,0,23.07,0,0,1.35,0,1219.8,0,0
162.25,0,6.29,13,0,0.299,1,1203.8,1,0
75.9,0,0.78,2,0,-0.084,0,1147.5,0,0
772.27,1,0.61,2,1,3.058,2,44.9,1,1
209.98,0,8.0,17,0,-0.015,0,728.3,0,0
91.37,0,8.48,12,0,0.91,2,424.2,0,0
26.94,0,96.6,8,0,0.31,0,864.0,0,0
98.45,0,8.88,2,0,0.155,2,556.1,0,0
117.87,0,3.04,14,0,0.212,2,522.4,0,0
41.87,0,5.16,17,0,-1.143,0,1009.2,0,0
19.57,0,21.55,15,0,0.312,0,906.1,0,0
72.62,0,17.73,17,0,-0.7,1,1218.7,0,0
28.48,0,29.22,12,0,0.316,2,1139.3,0,0
172.91,0,8.43,13,0,-0.588,1,1205.0,0,0
1213.68,1,2.63,4,1,1.22,7,60.2,0,1
47.18,0,30.49,18,0,0.473,0,2301.0,0,0
288.85,1,11.38,18,0,-0.122,1,2834.7,0,0
10.96,0,36.19,17,0,-0.916,0,731.7,0,0
74.78,1,45.65,13,0,-0.233,0,1109.8,0,0
224.75,0,79.73,8,0,1.765,0,997.5,0,0
31.29,0,4.91,10,0,-1.818,0,353.8,0,1
58.25,0,1.57,14,0,0.133,1,855.8,0,0
47.34,0,2.73,14,0,-0.808,0,360.2,0,0
37.29,1,93.3,14,1,1.102,1,527.5,0,0
82.1,0,7.09,11,0,0.653,3,1314.5,0,1
22.17,0,1.88,10,0,0.149,1,708.7,0,0
60.68,0,7.27,13,0,0.734,1,621.4,0,0
103.4,0,10.05,20,0,0.196,1,1559.8,0,0
55.54,0,113.56,19,0,0.005,1,1052.0,0,0
28.5,0,11.43,8,0,-0.479,2,1159.9,0,0
160.08,0,10.52,12,0,-0.289,3,1013.4,0,0
124.05,0,15.93,14,0,-0.371,0,550.6,0,0
27.52,0,4.0,10,0,0.008,1,454.8,0,0
22.2,0,7.3,12,0,-1.514,3,1156.1,0,0
29.69,0,50.73,9,0,0.824,0,1487.7,0,0
106.0,0,20.71,13,0,1.557,1,810.2,0,0
84.29,0,7.99,18,0,-0.346,1,1508.4,0,0
130.53,0,25.11,19,0,0.94,1,815.7,0,0
50.54,0,1.9,8,0,-0.107,2,745.5,0,0
30.39,0,30.32,15,0,-0.482,1,975.1,0,0
145.62,0,17.08,6,0,-0.305,0,601.9,0,0
41.66,0,47.08,17,0,0.069,1,1250.6,0,0
78.14,1,0.67,8,0,-0.577,1,1546.6,0,0
17.86,0,10.91,12,0,0.485,0,554.6,0,0
41.09,0,11.03,17,0,-0.415,3,725.9,0,0
157.27,1,75.9,19,0,-0.859,0,1544.3,0,0
36.28,0,45.68,11,0,-0.016,0,654.2,0,0
133.26,0,21.98,11,1,-0.555,4,641.0,0,0
9.19,0,11.2,10,0,-0.262,1,1800.4,0,0
41.45,0,10.45,18,0,-0.043,2,1969.8,0,0
57.65,0,18.26,10,0,-1.072,1,1022.0,0,0
293.29,0,5.88,12,0,1.167,1,983.8,0,0
24.69,1,13.79,9,0,0.65,1,1999.0,0,0
117.96,0,23.23,19,0,-0.504,2,1582.7,1,0
163.76,0,14.91,8,0,-0.015,0,2029.2,0,0
36.12,0,14.62,14,0,0.509,1,700.5,0,0
48.55,1,8.39,9,1,0.167,0,785.8,0,0
75.22,1,5.91,12,0,1.504,0,337.3,0,0
18.93,0,6.12,15,0,-0.191,0,370.4,0,0
45.29,0,22.72,16,0,0.951,2,399.3,1,0
197.29,0,18.16,14,0,-1.068,1,796.1,0,0
103.99,0,4.95,13,0,-0.945,1,603.3,0,0
58.37,0,19.67,11,0,1.348,0,1012.3,0,0
73.41,1,15.59,17,1,-0.346,1,678.0,0,0
109.26,0,0.24,16,0,-0.934,2,1704.9,0,0
128.58,0,6.92,16,0,-0.038,1,579.2,1,0
41.56,1,10.31,17,0,1.011,0,320.7,0,0
245.8,0,8.01,10,0,-0.611,0,453.2,0,0
204.16,0,57.2,19,0,-0.033,0,1599.7,0,0
118.59,0,7.49,19,0,-1.484,2,582.1,1,0
32.57,0,15.96,13,0,-0.375,0,1290.1,0,0
28.02,0,22.04,10,0,0.798,0,1001.4,0,0
50.52,0,37.9,12,0,-0.627,1,1491.8,0,0
70.22,0,11.37,12,0,-1.018,0,1792.5,0,0
14.83,0,0.95,4,0,-0.621,0,1042.4,0,0
101.54,0,11.26,11,0,-0.488,2,1055.6,0,0
199.21,0,32.24,19,0,0.612,2,251.7,0,0
108.85,0,1.11,10,0,0.304,0,962.0,0,0
278.68,0,1.37,0,1,1.487,5,115.2,1,1
37.54,0,25.63,19,0,0.458,3,732.4,0,0
33.95,0,12.23,17,0,0.023,0,331.3,0,0
86.05,1,15.65,5,0,-0.496,2,1215.2,0,0
58.54,0,1.78,9,0,-0.621,0,1292.2,0,0
97.18,0,6.1,15,0,0.346,0,481.7,0,0
111.21,0,3.94,18,0,1.271,2,858.5,1,0
168.7,1,4.27,19,0,-0.753,2,1653.7,1,0
25.47,1,34.88,13,0,-0.814,0,1294.8,1,0
80.51,0,8.05,8,0,-0.909,1,1103.1,0,0
48.96,0,27.65,12,0,0.665,1,1177.5,0,0
61.32,0,54.26,15,0,-0.034,2,229.6,0,0
139.04,0,6.61,15,0,0.444,1,931.5,0,0
152.5,0,11.88,19,0,-0.406,1,665.8,0,0
218.91,0,47.43,12,0,0.495,0,1787.5,0,0
95.75,0,36.77,18,0,-0.23,1,2296.2,0,0
60.73,1,9.84,9,0,-1.236,1,671.6,0,0
53.79,0,13.63,8,0,0.738,2,1900.3,0,0
787.82,1,7.2,3,0,3.097,1,67.8,0,1
15.26,0,37.0,18,0,-0.029,1,1254.6,0,0
208.26,0,21.18,9,0,-0.248,3,234.6,0,0
50.72,0,1.65,12,0,0.225,1,1671.7,0,0
102.52,0,71.3,15,0,-1.155,3,1482.6,0,0
118.77,0,9.11,12,0,0.345,1,933.8,0,0
23.14,0,4.55,19,0,-0.477,3,1255.0,0,0
30.42,0,32.14,0,0,-0.125,1,1323.9,0,0
576.32,1,6.35,22,1,0.516,5,536.3,0,1
248.38,0,19.71,16,0,0.911,1,1782.4,0,0
85.36,0,21.02,11,0,0.514,1,1799.4,0,0
40.71,0,19.04,9,0,-0.141,0,762.2,0,0
59.9,0,2.54,13,0,-0.081,2,632.5,0,0
167.89,0,4.36,10,0,-2.048,1,665.2,0,0
147.55,0,41.17,18,0,-0.658,0,624.0,0,0
19.18,0,62.38,8,0,0.134,0,778.9,0,0
267.51,0,1.84,7,0,-0.611,0,794.2,0,0
151.6,0,21.63,19,0,-1.061,3,597.9,0,0
58.58,0,15.74,18,0,0.384,1,861.1,0,0
24.22,0,1.62,14,1,1.045,2,1665.1,0,0
163.35,0,21.59,8,0,-0.577,0,959.5,0,0
125.31,1,2.23,19,1,3.518,4,58.9,1,1
99.98,0,15.01,8,0,0.7,0,482.0,0,0
19.31,0,7.99,11,0,0.58,0,685.2,0,0
54.75,0,28.41,10,0,-0.781,1,2008.3,0,0
950.75,1,50.94,18,0,-0.582,1,1624.2,0,0
67.63,0,37.87,7,0,1.442,1,600.3,0,0
35.49,0,74.43,9,1,-0.894,0,1791.1,1,0
28.3,0,5.08,19,0,-0.487,1,1343.0,0,0
300.75,0,18.7,13,0,1.573,1,1924.4,0,0
137.08,0,12.01,13,0,-0.455,1,389.4,0,1
220.59,0,13.72,11,0,1.082,0,702.4,0,0
82.35,0,1.24,19,0,-0.818,0,1384.1,0,0
2253.93,0,0.32,3,1,1.233,4,144.2,0,1
193.62,0,9.8,12,0,0.111,1,1154.4,0,0
32.42,1,12.19,18,0,0.869,1,1843.3,0,0
76.57,0,11.17,19,0,-0.374,0,1499.9,0,0
85.11,0,9.68,13,0,0.08,1,369.1,0,0
215.96,0,8.38,16,0,0.596,1,1236.5,0,0
87.45,0,7.39,8,0,-0.722,1,1547.0,0,1
39.19,0,6.83,17,0,1.792,2,545.1,0,0
70.42,0,42.38,14,0,0.83,1,1016.4,0,0
16.04,1,29.78,10,0,-0.286,1,584.1,0,0
9.27,0,14.83,13,0,-0.188,2,1125.4,0,0
135.18,0,10.32,8,0,1.529,3,852.3,0,0
48.5,0,19.75,22,0,-0.284,1,953.7,0,0
53.4,0,26.54,10,0,-0.378,1,1547.7,0,0
135.14,0,1.49,12,0,0.917,5,755.0,0,0
218.65,0,5.55,12,0,-1.12,1,808.2,0,0
105.04,0,31.61,11,0,-0.063,2,836.3,0,0
343.39,0,16.46,9,0,0.067,1,1071.1,0,0
155.86,0,1.86,22,1,3.233,9,197.7,1,1
102.24,1,7.83,12,0,-0.563,2,763.5,0,0
86.22,0,37.61,19,1,-1.252,1,638.4,0,0
81.8,0,6.76,12,0,0.055,1,1397.2,0,0
22.36,0,0.17,17,0,0.551,0,805.8,0,0
150.29,0,5.1,16,0,-0.543,3,902.4,0,0
8.34,0,39.86,17,0,-0.944,0,1279.9,0,0
40.52,1,6.6,14,0,1.005,2,717.4,0,0
68.0,0,13.22,12,0,0.423,2,473.0,0,0
34.08,0,7.32,11,0,-0.289,2,1766.7,0,0
45.42,0,21.39,11,0,0.737,3,1147.1,0,0
318.45,0,16.82,14,0,0.193,0,949.1,0,0
170.45,0,2.85,12,0,1.431,1,992.5,0,0
37.23,0,1.97,12,0,0.531,1,1937.4,0,0
44.74,1,15.9,12,0,-1.112,0,1288.8,0,0
22.52,0,1.08,19,0,-0.527,1,217.5,0,0
121.42,0,41.04,15,0,-0.489,0,940.5,0,0
53.93,0,17.89,18,1,0.248,3,994.4,0,0
12.53,1,96.09,19,0,-0.243,1,951.7,0,0
72.65,0,39.02,15,1,-0.902,0,334.3,0,0
96.85,0,20.22,9,0,0.471,0,528.8,0,0
151.21,0,16.21,19,0,0.8,0,383.9,0,0
62.66,0,55.78,13,0,-0.082,2,2081.4,0,0
48.58,0,14.29,6,0,0.168,1,959.5,0,0
360.8,0,29.63,19,0,-0.774,2,1035.2,0,0
67.06,0,10.57,9,0,-0.418,1,866.6,1,0
689.25,1,2.21,22,1,1.934,7,207.2,1,1
122.93,0,17.41,15,0,-0.385,1,419.2,0,0
42.16,0,26.18,8,0,0.447,2,598.4,0,0
119.87,1,25.33,2,0,0.205,0,637.9,0,0
19.35,0,24.48,18,0,-0.264,2,2086.2,0,0
45.03,0,9.41,13,0,-0.296,1,878.1,0,0
23.88,0,16.12,11,0,-1.574,2,709.8,0,0
39.88,0,15.41,16,0,1.285,0,1508.2,0,0
193.04,0,5.02,21,0,-1.668,0,811.2,0,0
39.63,0,57.91,9,0,0.338,2,480.9,0,0
122.8,0,2.17,13,0,0.03,0,591.3,0,0
242.18,0,14.18,17,0,-0.213,3,1501.6,0,0
65.14,0,31.22,8,1,-0.007,0,732.6,0,0
155.2,0,1.02,8,0,-0.53,0,1079.7,0,0
104.73,0,3.18,14,0,0.522,2,875.9,1,0
73.62,0,31.62,17,0,-1.051,2,1328.9,0,0
126.19,0,12.39,15,0,0.262,2,816.5,0,0
673.15,0,3.19,0,1,3.387,4,66.7,0,1
318.6,0,15.14,10,0,-0.542,0,642.5,0,0
38.8,0,20.64,13,0,-0.342,3,583.9,0,0
29.51,0,1.69,19,0,-0.32,1,1388.8,0,0
28.07,0,29.69,18,0,-0.132,2,710.8,0,0
155.29,0,4.61,4,0,0.402,0,1050.8,0,0
174.16,1,22.27,5,0,-0.029,0,1614.5,1,0
42.25,0,25.43,15,0,0.746,0,952.9,0,0
10.85,0,43.24,4,0,0.836,0,1135.8,1,0
37.58,0,2.57,12,0,0.247,1,718.4,0,0
106.24,0,2.87,16,0,0.546,2,814.9,0,0
63.01,0,27.91,19,0,1.62,1,1633.6,0,0
77.73,1,14.81,5,1,-1.131,2,1320.9,0,0
42.74,0,2.25,19,0,0.861,1,860.8,0,0
157.9,0,7.52,18,0,1.236,0,958.6,0,0
89.27,0,52.29,4,0,0.347,0,841.7,0,0
109.78,0,13.65,11,0,1.523,0,1249.2,0,0
76.34,0,42.44,13,0,1.419,0,698.9,0,0
104.14,1,24.07,15,0,-0.27,1,1248.2,0,0
98.47,0,30.9,10,1,-0.208,1,1902.5,0,0
30.3,0,5.73,12,0,0.424,0,1006.6,0,0
91.57,0,13.91,9,0,-0.499,1,500.5,0,0
130.68,1,14.51,9,0,2.169,4,891.5,0,0
178.02,1,25.73,13,0,0.631,2,1828.3,0,0
94.98,0,13.64,3,0,0.037,1,956.0,1,0
29.36,0,22.19,13,0,-1.128,1,558.9,0,0
33.46,0,39.39,12,1,0.202,0,872.4,0,0
46.07,0,8.13,13,1,-0.949,1,1692.6,0,0
78.34,1,7.85,21,0,0.608,3,700.6,0,0
60.11,1,6.68,15,0,-2.002,3,1707.2,0,0
25.66,0,6.49,14,0,1.107,2,840.6,0,0
25.53,0,8.19,9,0,-0.339,0,2494.1,0,0
11.2,0,3.03,8,0,-1.353,1,734.5,0,0
5.0,1,5.37,12,0,-0.013,0,618.5,0,0
59.62,0,2.75,10,0,0.013,4,244.0,0,0
479.24,0,21.65,14,0,-0.051,0,906.8,0,0
307.13,0,40.97,16,0,1.104,0,830.8,0,0
29.04,1,15.62,11,0,0.305,2,1821.5,0,0
75.75,0,43.05,13,0,0.637,1,1405.6,0,0
19.2,0,13.56,10,0,-0.199,3,1670.3,1,0
21.86,0,0.96,4,0,0.342,0,1499.3,0,0
24.1,0,6.7,12,0,-1.047,0,923.2,0,0
55.05,0,9.59,8,0,0.206,0,4291.6,0,0
57.11,1,10.54,15,0,-0.607,1,885.4,0,0
82.67,0,23.86,11,0,1.056,1,1134.4,0,0
614.32,0,4.5,4,1,5.006,8,161.4,0,1
117.18,1,11.91,16,0,0.06,1,2091.3,0,0
50.08,0,20.94,16,0,0.53,1,1427.1,0,0
68.77,0,9.34,10,0,0.21,0,1007.0,0,0
26.32,1,7.97,3,0,1.445,1,1226.2,0,0
21.27,0,44.06,8,0,-1.248,3,696.1,0,0
18.65,0,54.15,14,0,-0.091,4,788.3,1,0
115.8,1,12.58,17,0,-0.768,0,1132.7,0,0
50.04,0,31.22,14,0,-1.64,1,560.8,0,0
13.59,0,18.16,14,0,-0.82,0,668.3,0,0
63.2,0,24.36,9,0,0.938,0,350.2,0,0
23.07,0,0.25,8,0,-0.024,1,941.7,1,0
273.51,0,2.89,16,0,-0.176,2,1004.9,0,0
40.77,0,1.41,19,0,0.619,2,1529.3,0,0
331.74,1,0.19,19,0,0.895,6,145.8,0,1
119.02,0,3.07,17,0,0.092,1,614.3,0,0
168.28,0,11.37,8,0,0.491,1,791.5,0,0
29.62,1,27.24,10,0,0.258,2,1347.0,1,0
71.14,0,0.92,17,1,0.434,0,1461.4,0,0
106.75,1,4.56,16,1,-0.36,2,1429.0,0,0
955.09,0,7.44,2,0,3.122,8,166.9,0,1
73.57,0,6.42,12,0,0.838,0,640.2,0,0
90.64,0,22.56,10,0,-0.97,0,391.4,0,0
21.54,0,1.35,13,0,-0.069,0,994.6,0,0
141.42,1,0.32,22,0,1.244,4,114.0,0,1
106.8,0,0.37,17,0,0.878,1,925.4,0,0
44.11,0,12.19,9,0,-0.123,2,1027.6,0,0
89.75,0,24.84,8,0,-0.345,0,1111.0,0,0
145.76,0,5.22,17,0,1.831,3,1198.1,0,0
117.74,0,12.67,8,0,1.135,0,1203.9,0,0
89.69,0,8.11,14,0,0.113,1,800.5,0,0
115.1,0,26.87,11,0,-0.776,0,862.1,0,0
119.72,0,12.23,17,0,-1.628,2,738.5,0,0
237.74,0,55.8,20,0,0.567,1,1365.9,0,0
64.78,0,28.74,18,0,1.013,3,556.3,0,0
76.66,0,35.07,14,0,0.317,2,2023.4,0,0
147.27,1,2.31,18,0,-1.369,0,936.8,0,0
43.96,0,9.66,16,0,0.128,4,931.8,0,0
21.43,0,18.43,8,0,-0.389,0,852.4,0,0
101.42,0,57.88,8,0,0.129,2,1387.1,0,0
55.97,0,0.88,17,1,1.555,1,977.5,0,0
23.89,0,7.93,12,0,0.632,0,758.5,0,1
102.05,0,11.76,13,0,0.461,0,1355.6,0,0
225.08,1,4.73,17,0,-0.036,4,693.4,0,0
16.69,0,5.02,1,0,0.332,1,1401.3,0,0
159.01,0,5.82,14,0,-0.578,2,447.3,0,0
7.72,0,36.71,6,0,0.444,2,1677.7,0,0
47.45,1,3.65,8,0,-0.155,1,678.7,0,0
318.76,0,2.18,19,0,-0.658,0,514.3,0,0
50.45,0,0.4,15,0,0.652,0,826.3,0,0
71.98,0,48.3,18,0,-1.785,1,772.0,0,0
127.54,0,3.93,13,0,-0.436,1,1115.4,0,0
15.5,0,12.49,18,0,0.491,0,500.3,0,0
467.47,1,0.31,23,1,2.92,4,198.8,0,1
70.9,0,24.83,10,0,0.98,0,1099.7,0,0
70.43,0,15.94,10,0,0.377,1,822.0,0,0
324.72,0,6.85,12,0,-0.538,3,975.4,0,0
23.33,0,0.34,4,0,-0.041,2,554.7,1,0
48.22,0,5.71,1,0,0.233,0,946.2,0,0
30.29,0,51.21,17,0,1.248,3,684.8,0,0
27.68,0,0.86,13,0,0.736,1,411.2,0,0
173.87,0,17.84,12,0,0.742,0,1247.3,0,0
68.21,0,11.89,15,0,0.052,0,626.4,0,0
41.59,0,0.95,15,0,-0.857,2,1101.8,0,0
313.85,1,0.56,4,0,2.445,5,125.7,1,1
42.94,0,12.34,13,0,-1.125,0,630.9,0,0
41.32,0,10.89,18,0,-0.241,3,933.2,0,0
44.58,0,3.6,8,0,0.56,1,2362.2,0,0
22.76,1,2.63,15,0,-0.402,0,1505.9,0,0
53.52,0,0.13,8,0,0.458,0,1924.4,0,0
49.14,0,50.92,12,0,-0.636,1,1545.1,0,0
35.02,1,7.68,18,0,-0.512,1,920.8,0,0
76.08,0,42.02,17,0,1.126,1,1387.4,0,0
81.77,0,15.96,16,0,0.613,2,865.6,0,0
41.55,0,23.88,2,0,-0.245,1,497.9,0,0
59.0,0,34.91,15,0,-0.664,2,1046.9,0,0
417.73,0,2.6,10,0,0.759,1,428.0,0,0
404.39,0,9.43,17,0,0.701,2,851.0,0,0
27.22,0,5.1,9,0,0.511,1,1606.3,0,0
30.65,0,15.86,14,0,-0.142,1,1464.8,0,0
27.1,0,0.39,4,0,-0.876,1,856.4,0,0
163.78,0,11.94,8,0,-0.012,0,1920.2,0,0
47.52,0,7.49,10,0,1.126,2,1172.3,0,0
81.75,0,4.87,15,0,-0.727,3,1279.7,0,0
364.1,0,11.78,15,1,0.038,1,771.4,0,0
66.1,0,11.91,9,1,1.309,2,1369.2,0,0
121.55,0,8.73,16,0,-0.243,0,883.9,0,0
103.79,0,13.4,15,0,-0.102,1,586.2,0,0
40.45,0,2.25,15,0,-1.08,0,1177.0,0,0
164.07,0,26.06,12,0,0.499,0,949.6,0,0
32.39,0,27.83,8,0,-0.592,1,919.1,0,0
208.28,0,39.59,8,1,-1.244,1,1224.6,0,0
40.47,0,16.38,9,0,-0.763,2,434.2,0,0
286.62,1,3.26,2,1,2.697,2,25.3,1,1
44.42,0,5.6,8,0,0.167,1,705.4,0,0
26.44,0,51.73,14,0,-1.264,1,1110.1,0,0
30.4,0,12.74,12,0,-1.109,2,559.1,0,0
46.4,0,10.26,10,0,0.447,0,650.3,0,0
8.44,0,4.04,15,0,-0.058,0,1367.2,0,0
54.69,1,15.04,16,0,-0.731,0,501.4,0,0
43.3,0,51.74,10,0,-0.257,1,1503.6,0,0
130.52,0,12.29,15,0,1.391,0,1236.9,0,0
95.54,0,44.18,9,0,1.025,1,1293.5,0,0
36.54,0,32.21,15,0,-0.086,1,532.9,0,0
45.16,0,60.41,7,0,0.653,0,1530.7,0,0
54.63,0,30.57,9,0,0.097,0,1031.2,0,0
235.82,0,7.34,17,1,-1.419,0,1937.8,0,0
33.15,0,32.89,10,0,-1.563,0,1250.3,0,0
36.17,0,4.02,17,0,-0.727,0,913.3,0,0
25.55,0,1.22,14,0,-1.261,0,452.0,0,0
18.92,0,14.15,16,0,0.217,1,1131.4,0,0
86.57,0,23.41,1,0,-0.44,3,1441.3,0,0
79.24,0,45.52,13,0,0.34,1,1357.7,0,0
198.41,0,0.97,16,0,0.353,1,574.7,0,0
161.61,0,9.66,13,0,0.552,1,1899.1,0,0
511.6,1,18.19,15,0,-0.744,0,717.5,0,0
62.63,0,5.81,10,0,0.413,4,1491.6,0,0
53.44,0,26.2,13,0,-0.764,1,619.0,0,1
22.08,0,2.81,9,0,0.569,2,259.5,0,0
120.55,0,38.79,12,0,0.978,0,616.0,0,0
73.76,0,29.51,8,0,0.579,1,634.1,0,0
116.0,0,7.54,12,0,-0.142,0,639.9,0,0
25.32,0,12.12,18,0,0.453,1,490.9,0,0
89.91,0,2.9,15,1,-1.227,1,570.1,0,0
79.39,0,44.12,13,0,-1.407,0,287.7,0,0
75.05,0,11.64,4,0,0.373,0,359.7,0,0
37.31,0,8.28,8,0,1.046,0,2111.8,0,0
183.26,1,35.31,16,0,-0.985,1,1089.3,0,0
380.99,0,9.46,13,0,0.012,1,932.1,0,0
25.95,0,1.55,4,0,0.351,0,1081.8,0,0
123.02,0,17.1,15,0,-0.492,1,760.9,0,0
5.78,0,5.07,15,0,-0.272,0,904.9,0,0
117.72,1,16.78,13,0,0.491,2,795.7,0,0
13.6,0,12.35,12,0,0.087,0,1183.7,0,0
42.68,0,1.41,21,0,0.09,1,1409.9,0,0
21.84,0,37.84,12,1,-0.786,2,262.9,0,0
55.52,0,15.69,17,0,-0.025,1,658.6,1,0
136.04,0,25.31,11,0,-0.318,1,561.8,0,0
13.75,0,80.67,16,0,-0.276,1,723.7,1,0
49.13,0,14.11,14,0,-0.433,1,670.0,0,0
43.1,0,2.29,18,0,-0.022,1,1193.4,0,0
255.67,1,40.88,12,0,-0.695,0,940.0,0,0
96.25,0,42.68,10,0,0.01,0,594.2,0,0
24.52,0,4.64,12,0,-0.292,1,2160.0,0,0
44.67,0,8.9,15,0,-0.746,1,352.7,0,0
250.31,0,6.03,13,0,-1.559,2,1288.6,0,0
122.39,0,4.7,17,0,0.758,1,660.0,0,0
30.55,0,37.16,9,0,0.597,1,786.2,0,0
53.14,0,3.73,10,0,-0.644,0,1124.0,0,0
54.61,0,13.87,19,0,0.545,1,226.7,0,0
42.21,0,6.08,17,0,-0.82,0,1135.4,0,0
15.59,0,11.98,2,0,-0.246,0,1378.3,0,0
37.49,0,57.23,19,0,-0.424,5,1552.3,0,0
217.2,0,17.15,13,0,-0.222,1,634.3,0,0
48.23,0,10.39,17,0,0.517,1,1290.4,0,0
61.08,1,6.2,8,0,-0.321,2,1454.0,0,0
75.15,0,21.0,9,0,-0.272,2,1427.5,0,0
439.4,0,22.02,7,0,0.595,1,1018.9,0,0
67.19,1,24.68,11,0,0.049,1,1583.6,0,0
168.99,0,7.39,9,1,-0.473,0,2317.6,0,0
40.11,1,5.17,16,0,0.193,2,918.6,0,0
53.49,1,6.04,10,0,0.794,2,654.4,0,0
67.4,0,16.28,18,0,0.845,1,1044.6,1,0
34.54,1,21.68,10,0,-1.06,3,761.0,0,0
56.08,0,20.42,15,1,-1.02,1,717.1,0,0
141.86,0,13.48,3,0,0.799,0,1960.2,1,0
33.77,1,61.35,11,0,-0.23,2,809.7,0,0
694.37,1,0.56,23,1,1.916,7,122.6,0,1
66.69,0,8.1,15,0,-1.76,2,795.7,0,0
121.81,0,46.91,10,0,-0.584,0,722.4,0,0
33.09,0,10.23,19,0,-0.351,1,1107.8,0,0
169.2,0,12.96,9,0,-0.25,1,1237.7,0,0
70.95,0,117.94,2,0,0.612,0,1687.2,0,0
57.95,0,17.95,17,0,-0.743,1,558.1,0,0
12.1,0,40.29,18,0,0.748,2,1664.2,0,0
48.54,0,29.26,2,0,0.228,1,614.8,0,0
91.46,0,14.42,10,0,-1.029,1,462.2,0,0
293.99,1,10.74,11,0,-0.256,0,550.4,0,0
108.06,0,21.05,13,0,0.396,2,868.5,0,0
173.69,0,20.57,4,0,0.032,2,581.0,1,0
23.86,0,35.26,10,0,0.303,2,1110.6,0,0
59.87,0,24.53,14,0,-0.47,0,710.8,0,0
188.22,0,11.71,19,0,0.444,4,1385.9,0,0
31.36,0,24.56,16,0,-0.319,1,1192.1,0,0
151.48,0,9.54,19,0,2.037,0,1244.5,0,0
124.38,1,2.79,9,1,-1.056,1,1065.5,0,0
84.23,0,19.44,15,0,2.158,1,1044.3,0,0
50.43,0,3.4,8,0,-0.761,1,683.1,0,0
28.84,0,1.76,10,0,1.017,2,724.4,0,0
301.59,1,16.48,17,0,0.662,0,738.8,0,0
114.1,0,19.49,9,0,-0.728,1,1338.5,1,0
89.08,0,3.75,6,1,0.48,3,1104.7,0,0
46.95,1,19.47,8,0,-0.397,0,736.0,0,0
68.87,0,20.77,11,0,0.22,1,949.8,0,0
76.71,0,8.26,9,1,0.118,1,1641.1,0,0
93.68,0,29.0,13,0,-0.279,1,139.0,0,0
124.49,0,1.43,15,0,-0.346,2,895.5,0,0
34.29,0,20.21,15,0,0.273,0,964.0,0,0
19.17,0,1.33,19,0,-0.723,0,711.9,0,0
71.64,0,2.63,9,0,-0.693,0,452.9,0,0
15.1,0,5.35,0,0,0.764,3,686.8,0,0
50.65,0,32.74,14,0,0.343,0,627.7,0,0
43.26,1,1.62,9,0,-1.045,0,976.3,0,0
1166.76,1,2.74,23,1,3.185,7,134.9,0,1
101.29,0,21.11,9,1,-0.803,0,649.9,0,0
359.68,0,14.74,11,0,-1.709,1,950.8,0,0
12.77,0,0.81,23,0,0.728,0,1824.6,0,0
460.84,0,5.43,15,0,0.551,0,562.0,0,0
54.7,0,31.46,14,0,-0.871,1,1443.1,0,0
89.63,0,7.85,14,0,0.52,0,859.2,0,0
20.03,0,29.01,17,0,1.588,1,289.1,0,1
155.61,0,3.98,14,0,-1.231,2,1394.7,0,0
69.08,0,22.45,16,0,-0.492,1,1380.1,0,0
63.29,0,5.66,11,0,-1.249,3,557.5,0,0
12.85,0,3.42,17,0,0.759,0,1114.5,0,0
71.0,0,9.08,8,0,-0.077,3,844.0,0,0
136.86,0,15.78,12,0,-0.318,2,1018.3,0,0
54.55,0,1.37,12,0,0.182,2,676.9,0,0
180.92,0,6.3,9,0,-0.446,0,585.9,0,0
174.68,0,6.02,14,0,-0.321,0,525.3,0,0
38.67,0,4.75,18,0,0.22,1,1565.6,0,0
258.75,0,9.54,3,0,-0.488,2,563.4,0,0
69.3,0,1.06,18,0,-0.375,1,1107.1,0,0
69.57,0,38.75,18,0,-0.125,0,570.7,0,0
72.54,0,20.77,18,0,0.073,1,2334.2,0,0
70.73,0,1.13,8,0,0.481,0,562.7,0,0
7.13,0,3.03,19,0,0.467,2,554.8,0,0
56.96,0,5.58,13,0,-1.2,0,1674.5,0,0
20.92,0,7.53,15,1,1.126,1,811.6,0,0
265.7,1,88.42,11,0,0.047,0,494.6,0,0
256.77,0,20.62,14,0,-0.265,0,887.1,0,0
137.57,0,2.52,14,0,-0.723,0,608.1,0,0
54.45,1,7.77,17,0,1.591,0,2525.0,0,0
28.31,0,8.16,12,0,1.888,0,369.1,0,0
38.13,0,28.43,6,0,1.493,1,1222.3,0,0
347.67,0,8.76,15,0,0.097,0,1701.9,0,0
37.03,0,12.16,17,0,0.275,1,1293.5,0,0
9.0,1,37.64,8,0,1.193,1,663.0,0,0
160.07,0,6.05,23,0,-0.193,2,1473.7,0,0
238.75,0,32.6,17,0,0.433,2,986.0,0,0
273.24,0,10.16,14,0,0.182,0,1197.7,0,0
161.19,0,5.24,19,1,1.535,0,1315.3,0,0
185.17,0,10.69,12,0,1.149,1,547.2,0,0
69.76,0,16.11,9,0,-0.11,1,1164.1,0,0
11.42,0,15.44,14,0,1.22,0,1275.8,0,0
68.29,0,11.99,15,0,-0.003,1,895.1,0,0
113.11,0,3.05,18,0,-0.437,1,659.2,0,0
59.44,1,43.63,10,0,-0.228,4,865.1,0,0
57.18,0,6.75,7,1,0.118,2,1937.0,0,0
29.39,0,17.7,23,0,-0.628,1,1106.6,0,0
28.46,0,15.16,11,0,-0.414,0,934.2,0,0
318.12,1,6.91,10,0,-1.155,0,557.1,0,0
328.06,0,39.96,21,0,-0.658,1,1461.0,0,0
66.54,0,1.93,10,0,0.188,1,1158.3,0,0
84.72,0,9.95,17,0,0.834,0,752.8,0,0
28.97,1,38.92,11,1,0.731,0,690.4,1,0
115.14,1,0.83,15,0,0.344,0,514.4,0,0
297.59,0,37.27,14,0,-1.223,0,1181.0,0,0
18.18,0,9.08,15,0,-0.689,0,355.8,0,0
98.92,1,11.42,10,0,-0.158,2,1201.5,0,0
374.43,0,3.16,5,1,1.514,3,188.2,1,1
105.44,0,13.4,9,0,0.77,1,370.2,0,0
104.42,0,0.99,16,0,-0.445,3,832.8,0,0
269.45,0,7.64,2,0,-0.976,0,1482.3,0,0
376.39,0,3.84,19,0,1.159,0,320.2,0,0
54.68,0,40.53,18,0,-0.588,2,259.8,0,0
118.18,0,19.5,9,0,-0.902,3,1638.6,0,0
71.64,0,6.97,12,0,0.182,1,682.3,0,0
38.97,0,7.27,12,0,-0.04,2,860.1,0,0
83.95,0,1.8,4,0,-0.4,1,683.1,0,0
118.01,0,2.72,16,0,0.0,1,721.4,0,0
80.19,0,31.96,10,0,-0.741,0,588.4,0,0
31.53,0,0.51,9,0,-0.409,1,1418.7,0,0
44.97,0,7.04,12,0,-0.029,1,1252.4,0,0
45.26,0,38.51,17,0,-1.629,1,559.9,0,0
32.59,0,31.28,12,0,0.764,1,1113.9,0,0
87.05,0,11.64,11,0,-1.098,1,404.0,0,0
95.14,0,48.5,15,0,-0.751,0,1005.4,0,0
153.33,1,44.47,8,0,0.8,1,770.1,0,0
32.17,0,36.78,13,0,0.455,0,1146.1,0,0
40.82,0,11.32,9,0,0.07,0,846.8,0,0
249.98,0,0.49,15,0,-1.367,3,1337.2,0,0
57.98,1,33.12,18,0,-0.485,0,600.0,0,0
68.42,0,3.33,13,0,-0.173,1,1275.9,0,0
57.46,0,4.23,19,0,-0.115,1,353.7,0,0
174.7,0,17.83,21,0,0.913,1,967.9,0,0
180.56,0,15.8,16,0,1.595,1,157.9,0,0
171.78,0,41.48,10,0,0.492,0,911.2,0,0
68.21,0,7.18,8,0,-0.428,0,613.6,0,0
31.77,0,57.34,9,0,0.972,2,1161.4,0,0
342.55,0,3.37,16,0,-0.472,2,1208.8,0,0
138.08,0,8.66,12,0,-2.099,1,677.2,0,0
45.23,0,3.85,10,0,-1.0,1,769.7,0,0
223.69,0,38.16,19,0,-1.898,0,1066.4,0,0
42.3,0,12.25,16,0,-0.307,0,399.7,0,0
221.21,0,8.75,16,0,-0.143,0,693.5,0,0
234.29,0,42.79,20,0,-1.274,1,718.1,0,0
30.47,1,3.51,2,0,-0.683,1,796.9,0,0
109.34,1,3.88,18,0,-1.141,0,1300.4,0,0
129.65,0,8.02,12,0,-0.102,0,1263.0,0,0
615.65,0,19.31,9,0,-0.683,0,588.4,0,0
35.48,0,0.34,11,0,0.808,2,948.3,0,0
225.35,0,3.3,10,0,0.136,0,226.7,1,0
67.68,0,30.0,19,1,1.284,0,1042.6,0,0
23.22,0,15.34,14,0,-0.364,4,1131.7,0,0
60.22,0,3.8,13,0,1.715,2,500.3,0,0
66.83,0,22.59,8,0,0.002,1,278.8,0,0
27.11,0,2.19,16,0,-0.423,1,2063.5,0,0
86.95,1,20.88,15,0,1.927,0,639.4,0,0
150.53,0,8.03,17,0,-1.463,1,879.1,0,0
81.65,0,44.32,9,0,-0.442,0,1055.4,0,0
42.07,0,5.2,15,0,-1.332,0,864.3,0,0
58.78,0,8.42,12,0,-1.471,1,893.8,0,0
66.43,1,8.82,10,0,-1.654,1,1033.4,0,0
80.22,0,1.99,10,0,0.493,0,616.7,0,0
171.29,0,3.93,11,0,-1.063,1,622.5,0,0
84.03,0,9.23,16,0,-0.204,0,640.0,0,0
20.24,0,4.16,8,0,0.714,1,1097.3,0,0
41.35,1,7.18,19,0,0.371,0,1216.8,0,0
76.79,1,45.81,19,0,0.331,3,585.0,0,0
173.38,0,12.12,19,0,0.971,0,614.9,0,0
200.97,0,8.51,18,0,1.288,3,1158.2,0,0
301.41,0,9.7,11,0,-1.001,0,1302.3,0,0
74.52,0,0.6,0,0,0.387,1,1376.8,0,0
127.59,0,19.17,9,0,-0.218,0,652.2,0,0
19.37,0,3.81,18,0,-0.117,0,1109.6,1,0
96.1,0,72.19,8,0,-1.209,0,1820.8,0,0
26.74,1,0.5,7,0,-0.426,2,721.4,0,0
63.23,0,27.58,19,0,-0.338,2,1254.1,0,0
876.0,0,46.31,8,0,1.144,2,968.6,0,0
86.32,0,1.03,17,0,-0.924,1,2223.1,0,0
32.0,1,50.29,21,0,-1.908,1,290.0,0,0
94.31,0,4.0,16,0,-0.005,3,1030.3,0,0
42.97,0,6.35,18,0,-1.005,0,1616.8,0,0
29.47,0,36.72,19,0,-0.112,2,565.3,1,0
398.48,0,5.08,9,0,0.529,2,1270.3,0,0
165.14,0,37.05,9,0,-0.08,1,735.8,0,0
89.45,0,3.11,8,0,-0.345,0,368.9,1,0
47.8,0,19.84,17,0,-0.125,3,724.7,0,0
51.2,0,13.36,10,0,0.678,1,587.1,0,0
247.43,0,42.01,12,0,-0.924,3,1443.4,0,0
86.54,0,14.2,12,0,0.583,0,2240.0,0,0
5.0,0,32.72,15,0,-0.804,1,752.4,1,0
522.07,0,3.62,13,0,0.482,0,727.7,0,0
77.91,0,3.99,12,0,-1.234,0,318.4,1,0
89.29,1,14.41,10,0,0.434,3,1384.0,0,0
167.95,0,111.84,12,0,-0.081,3,1739.1,0,0
99.05,0,7.18,17,0,0.077,3,1168.2,0,0
125.82,0,20.06,9,0,0.767,2,712.9,0,0
46.52,0,1.21,19,0,-0.657,3,1052.6,0,0
23.45,0,0.07,12,0,-0.02,0,1362.0,0,0
84.62,0,51.26,16,0,0.243,0,863.1,0,0
225.17,0,2.66,13,0,-0.239,0,1217.8,0,0
38.45,0,42.67,22,0,0.573,1,770.8,0,0
920.16,1,0.61,5,1,3.531,6,117.1,1,1
35.92,0,26.43,16,0,0.264,1,468.7,0,0
188.27,0,9.18,17,0,-0.464,0,1331.4,0,0
45.21,0,46.41,10,0,1.009,2,990.2,0,0
47.04,0,33.39,18,0,0.45,0,1057.0,0,0
48.56,0,0.74,0,0,-0.674,0,1418.6,0,0
63.1,0,8.45,8,0,-0.682,3,597.2,0,0
17.5,0,6.98,13,0,-0.176,1,729.1,0,0
512.75,0,1.71,0,1,2.293,3,363.2,0,1
42.16,0,3.61,18,0,0.358,0,1724.8,0,0
81.11,0,0.95,14,0,-1.771,1,1034.1,0,0
80.62,0,25.47,15,0,-0.64,0,1360.8,0,0
241.25,1,1.08,3,1,1.548,3,94.2,0,1
178.45,0,34.31,12,0,-0.462,0,939.6,1,0
318.46,1,3.72,8,0,-1.15,0,1204.4,0,0
241.2,0,9.33,18,0,-0.817,0,1227.0,0,0
145.1,0,48.42,17,0,0.11,2,677.5,0,0
58.77,1,16.04,21,0,-0.391,0,2318.7,0,0
39.27,0,2.92,10,0,-0.328,2,1051.3,0,0
67.71,0,19.53,14,0,-1.103,4,409.8,0,0
109.7,0,1.98,17,0,-0.171,0,457.4,0,0
134.11,0,18.05,9,0,-1.203,3,747.8,0,0
113.25,1,4.78,15,0,1.167,0,357.6,0,0
60.16,0,1.89,18,0,1.395,2,1612.2,0,0
130.17,0,11.97,12,0,-0.379,0,685.1,0,0
194.75,0,15.94,3,0,-0.898,1,520.5,0,0
140.91,0,1.81,8,0,0.684,0,1082.4,0,0
64.9,1,12.07,9,0,0.474,0,1212.6,0,0
32.83,0,9.65,18,0,1.5,1,773.8,0,0
32.17,0,7.48,14,0,1.713,0,1220.5,0,0
37.37,0,29.71,9,1,-1.621,1,1351.9,0,0
400.87,1,6.09,1,1,3.796,4,63.4,1,1
82.97,0,11.84,18,0,0.927,2,763.5,0,0
103.73,0,7.83,17,0,-0.178,1,491.2,0,0
20.04,0,1.78,9,0,0.439,0,720.2,0,0
43.45,0,0.7,19,0,0.622,1,836.0,0,0
82.01,0,23.55,11,0,0.589,0,946.6,0,0
31.04,0,7.23,8,0,0.8,0,1367.3,0,0
96.43,0,29.88,8,0,-0.448,2,850.2,0,0
51.35,0,0.26,13,0,-0.762,0,631.3,0,0
36.06,0,49.94,18,0,0.95,0,710.0,0,0
69.77,0,10.45,19,0,-0.697,0,1018.4,0,0
93.08,0,8.53,16,0,1.489,0,1062.5,0,0
32.42,0,18.62,19,0,-0.612,0,1873.8,0,0
54.26,0,10.78,10,0,-0.305,2,830.8,0,0
99.24,0,150.8,9,1,-0.152,0,633.4,1,0
34.89,0,12.34,9,0,-1.233,1,301.9,0,0
16.3,0,24.52,10,0,-1.231,0,375.0,0,0
18.06,0,7.55,17,0,0.73,0,1153.7,0,0
46.74,0,23.26,9,0,-1.376,1,693.1,0,0
21.74,0,22.16,13,0,2.016,0,1536.9,0,0
49.62,1,25.66,17,0,-0.075,1,342.5,0,0
274.57,0,12.88,19,0,-0.823,2,739.7,0,0
20.66,1,6.39,9,0,0.336,0,1338.5,0,0
52.45,0,1.91,19,0,-1.97,1,1627.7,0,0
408.49,0,46.61,8,0,-0.267,0,1198.0,0,0
94.34,0,7.54,16,0,-0.164,0,1404.0,0,0
48.79,0,3.88,12,0,-1.013,3,618.4,0,0
58.36,0,2.48,11,0,-0.505,0,802.5,0,0
96.06,1,7.7,19,0,1.221,0,1674.2,1,0
281.86,1,2.08,13,0,0.147,0,593.3,0,0
42.47,0,2.95,11,0,0.32,2,931.3,0,0
35.02,0,18.09,13,0,-0.629,1,1252.3,0,0
20.66,0,4.98,16,1,-1.059,1,1575.7,0,0
72.79,0,74.44,12,0,-0.193,1,880.0,0,0
20.19,0,17.76,14,0,-1.966,0,785.4,0,0
44.96,1,19.71,0,0,-0.877,3,1111.5,0,0
30.8,0,6.37,15,0,-1.002,0,1931.6,0,0
166.17,0,4.17,11,0,-1.631,1,1106.3,0,0
387.77,1,1.31,4,0,2.549,6,284.4,1,1
43.29,1,16.96,14,0,0.519,0,1129.4,0,0
93.45,0,35.42,11,0,-0.104,1,878.6,0,0
17.06,0,25.13,18,0,-0.496,1,613.4,0,0
74.57,0,9.3,18,0,0.537,1,794.0,0,0
23.98,0,10.43,19,0,-1.315,1,871.2,0,0
46.44,0,1.72,18,0,-1.075,1,170.7,0,0
436.82,0,24.19,9,1,0.894,2,2055.1,0,0
147.28,0,12.82,15,0,1.825,2,788.5,0,0
59.79,0,34.67,12,0,0.547,0,918.0,0,0
1011.41,0,4.91,17,0,0.377,1,1149.7,0,0
30.63,0,18.89,8,0,-0.465,0,697.2,0,0
179.55,0,53.8,10,0,-0.447,1,1374.3,0,0
18.12,0,0.53,10,0,0.182,1,1112.0,0,0
54.2,0,11.68,14,0,1.098,0,959.2,0,0
282.22,1,0.05,22,1,4.031,2,92.0,1,1
21.21,0,2.69,23,0,0.341,2,844.3,0,0
694.22,1,1.46,12,1,3.516,2,108.1,0,1
82.99,0,28.06,18,1,0.766,0,594.7,0,0
69.94,0,3.78,13,0,-0.733,0,1157.2,0,0
51.34,1,22.12,8,0,0.494,1,2331.4,1,0
168.72,0,22.06,18,0,-0.537,2,1601.2,0,0
41.18,0,28.69,14,0,0.112,2,1227.1,0,0
88.04,0,13.36,8,0,0.493,1,1693.1,0,0
133.95,0,0.51,15,0,-0.425,1,724.3,0,0
18.9,0,0.36,17,0,-0.814,0,655.4,0,0
35.3,0,38.56,18,0,0.29,0,918.6,0,0
69.81,0,41.32,18,0,-0.108,1,945.4,0,0
113.94,0,34.95,19,0,0.109,0,1528.1,0,0
223.2,0,15.95,15,0,0.526,0,1357.1,0,0
55.51,0,30.63,15,1,1.046,0,333.6,0,0
50.96,1,3.58,22,0,0.531,0,1372.5,0,0
31.76,1,4.75,15,0,0.426,2,850.4,0,0
88.28,0,7.48,8,0,-0.4,1,1081.1,0,0
51.8,0,23.95,14,0,-0.277,0,894.7,0,0
52.83,0,12.93,18,0,0.364,1,691.7,0,0
61.57,1,27.13,4,0,-0.291,1,1076.3,0,0
106.58,0,8.52,10,0,0.36,1,668.6,0,0
41.3,1,26.75,18,0,-0.652,2,858.5,0,0
34.59,0,21.73,19,0,1.543,3,617.0,0,0
96.25,0,40.12,12,0,0.155,0,523.7,0,0
5.09,0,8.45,18,0,0.102,0,2274.6,1,0
39.92,0,20.31,16,0,-0.386,2,743.2,0,0
25.06,0,41.54,10,0,1.53,1,859.0,0,0
185.45,0,33.33,13,0,-1.003,3,1589.3,0,0
45.84,0,1.56,12,0,-0.562,0,989.6,0,0
41.4,0,31.84,17,0,0.683,2,604.2,0,0
63.99,0,39.97,12,0,0.192,0,607.1,0,0
40.2,0,7.33,10,0,-0.461,1,584.2,0,0
47.36,0,13.66,13,0,-0.438,3,1923.5,0,0
72.42,0,8.31,13,0,-0.233,6,311.0,0,0
46.58,0,23.72,18,0,0.082,0,548.4,0,0
46.3,0,47.55,8,0,1.243,1,753.6,0,0
28.26,0,9.65,18,0,0.484,1,751.7,0,0
25.01,0,13.9,10,0,0.819,0,715.1,0,0
70.21,1,2.75,10,0,-0.347,2,1166.6,0,0
86.54,0,11.45,13,0,0.413,1,1036.4,0,0
19.81,0,6.51,9,0,-1.244,0,652.5,0,0
127.22,0,10.84,19,0,0.146,1,731.6,0,0
127.67,0,23.73,19,1,0.094,1,2586.7,1,0
152.7,0,28.77,9,0,1.457,1,1055.8,0,0
86.05,0,1.99,13,0,1.246,0,195.4,0,0
114.61,0,35.94,19,0,-0.207,2,606.1,0,0
427.21,0,2.09,16,0,-0.654,1,717.1,0,0
51.61,0,17.49,1,0,-0.632,0,2247.9,0,0
27.42,0,30.04,15,0,-0.236,0,740.0,0,0
18.1,0,15.22,16,0,1.041,0,765.9,1,0
296.58,0,34.11,11,0,0.332,0,381.0,0,0
299.91,0,6.12,7,0,0.414,1,940.0,1,0
30.39,0,33.47,12,0,0.649,1,1301.7,0,0
35.94,0,10.98,10,0,-0.795,0,909.7,0,0
50.63,1,16.92,18,0,-0.567,1,736.9,0,0
188.79,0,33.27,5,0,0.416,0,838.9,0,0
22.33,0,6.6,11,0,-0.623,2,1274.6,0,0
12.53,0,23.38,9,0,-1.221,1,803.2,0,0
420.9,0,5.33,13,1,-0.866,0,810.8,0,0
86.97,0,15.07,15,0,0.843,3,1111.9,0,0
98.13,0,8.81,19,0,-0.299,0,676.3,0,0
56.02,0,6.65,17,0,0.181,2,581.6,0,0
99.08,0,47.11,18,0,-0.826,0,390.8,0,0
18.41,0,9.17,19,0,0.304,2,861.9,0,0
32.63,0,6.23,16,0,-0.216,2,667.1,0,0
72.92,1,2.03,18,0,0.357,1,1373.4,0,0
9.68,0,37.9,11,0,-0.382,0,810.7,0,0
51.57,0,19.35,16,0,0.403,2,1298.1,0,0
48.93,0,19.23,9,0,-0.422,3,1187.6,1,0
51.56,0,0.8,18,0,-0.064,3,366.8,0,0
41.75,0,2.14,15,0,-0.217,1,504.4,0,0
28.6,0,34.54,16,0,0.021,0,1998.5,0,0
14.17,0,5.38,12,0,0.223,2,681.4,0,0
75.42,0,2.8,18,0,-0.396,0,1072.7,0,0
51.67,0,2.05,8,0,-0.096,1,856.9,0,0
20.72,0,12.25,11,0,0.149,1,372.7,0,0
70.33,0,5.18,12,0,0.406,0,605.6,0,0
51.9,0,18.03,1,0,-0.061,0,548.6,0,0
45.07,0,29.03,14,0,-0.71,0,1250.6,0,0
10.66,0,43.59,19,0,0.069,2,603.7,0,0
119.15,0,10.81,22,0,0.536,4,1812.8,0,0
23.38,0,5.64,13,0,-1.067,1,1124.9,0,0
70.37,0,14.21,16,0,-1.057,0,467.0,0,0
33.55,0,12.98,10,0,-0.53,0,238.6,0,0
47.92,0,48.29,3,0,-0.154,1,949.9,0,0
177.58,0,28.68,13,0,-1.758,2,1095.5,0,0
104.78,1,3.95,11,1,0.459,0,752.6,0,0
174.26,0,33.36,16,0,-0.146,1,929.6,0,0
88.31,0,5.0,14,0,-1.881,0,423.7,0,0
93.38,0,22.46,9,0,-0.891,1,779.4,0,0
14.67,0,17.19,13,0,-0.24,1,1373.8,0,0
50.91,0,18.03,12,0,-1.418,2,2030.6,0,0
55.08,0,3.15,20,0,0.776,1,874.6,0,0
188.69,0,9.83,14,0,0.149,1,1049.0,0,0
43.37,0,13.73,19,0,0.543,1,1393.7,0,0
83.52,0,23.84,18,0,-0.823,2,964.8,0,1
80.79,0,37.41,18,0,0.329,2,1080.3,0,0
178.4,1,0.88,18,0,-0.529,0,1732.8,0,0
59.52,0,3.42,19,0,-0.154,0,1057.0,0,0
134.78,1,9.1,9,0,0.282,1,764.6,0,0
15.66,0,3.16,13,0,-0.056,2,1718.0,0,0
16.91,0,28.58,14,0,0.647,1,1010.7,0,0
9.58,0,39.23,18,0,0.111,2,490.6,0,0
130.07,0,32.22,12,0,-0.371,1,806.5,0,0
118.23,0,3.49,16,1,0.674,2,2143.6,1,0
142.92,0,15.12,17,0,0.843,1,1442.7,0,0
37.5,0,17.46,14,0,0.07,1,689.5,0,0
41.31,0,10.28,10,0,1.069,0,1528.1,0,0
60.17,0,5.49,8,0,-0.188,1,802.2,0,0
227.5,0,17.55,6,0,-0.102,0,613.7,0,0
281.39,0,6.4,10,0,0.004,1,1387.9,0,0
130.94,0,1.65,15,0,-0.104,0,501.6,0,0
88.36,0,12.61,10,0,-0.248,2,620.4,0,0
207.49,0,33.28,18,0,-0.572,4,956.4,0,0
53.65,0,0.61,18,0,-0.795,1,1033.3,0,0
47.83,0,29.26,18,0,0.089,1,1289.9,1,0
59.76,0,12.68,7,0,0.959,1,555.5,0,0
594.5,1,1.81,23,1,2.001,8,134.9,0,1
29.02,0,13.13,13,0,0.651,2,964.6,0,0
57.47,0,32.47,19,0,0.31,1,279.6,0,0
25.8,1,0.24,4,1,0.999,0,311.2,0,0
159.37,0,1.16,14,0,0.015,4,635.1,0,0
105.86,0,5.14,17,0,-0.791,1,1289.3,0,0
224.78,0,23.95,9,0,-0.28,0,1144.3,1,0
16.7,0,9.84,13,0,-0.049,2,800.6,0,0
335.78,0,34.25,4,0,-0.41,1,357.3,0,0
17.52,0,17.17,15,0,0.488,2,1027.8,0,0
24.08,1,24.5,3,0,0.748,2,2849.7,0,0
39.34,0,89.8,18,1,-1.386,1,896.2,0,0
202.67,0,9.21,18,0,-0.116,3,502.7,0,0
80.78,0,22.57,9,0,-2.322,1,864.0,0,0
54.2,0,20.25,11,1,-0.073,1,391.9,0,0
34.0,0,28.73,3,0,-0.082,0,686.1,0,0
20.71,0,47.52,10,0,1.421,1,1242.4,0,0
174.64,0,12.04,10,0,1.181,3,1661.1,0,0
131.48,0,18.32,14,0,0.746,2,774.3,0,1
210.52,0,51.06,13,0,-0.768,0,457.1,0,0
93.44,0,19.87,17,0,-0.814,2,1279.2,0,0
7.06,0,4.74,11,0,-0.877,0,1003.5,0,0
23.15,0,25.84,14,0,1.221,0,856.0,0,0
99.0,1,7.07,1,0,-0.728,0,935.6,0,0
48.7,0,13.11,8,0,-0.308,3,790.8,0,0
41.47,0,7.12,16,0,-0.72,2,895.3,0,0
26.11,0,60.2,16,0,-1.007,2,973.7,0,0
149.22,1,44.28,15,0,0.266,1,1020.8,0,0
98.27,0,1.85,8,0,0.123,2,926.7,0,0
102.11,0,32.25,19,0,-1.78,0,584.2,0,0
38.92,0,24.17,15,0,-1.042,1,1976.6,0,0
77.47,1,2.78,7,0,0.204,1,875.2,0,0
21.39,0,3.65,15,0,-0.058,2,344.9,0,0
59.72,0,8.44,9,0,-0.321,2,810.2,0,0
7.78,0,22.25,10,0,0.485,2,833.4,0,0
17.59,0,21.75,9,0,-1.154,2,618.0,0,0
50.71,0,1.47,13,0,-0.476,2,523.1,0,0
502.13,0,12.41,18,0,0.414,2,972.2,0,0
14.43,0,7.72,8,0,-0.519,2,966.3,0,0
23.17,0,1.13,13,0,0.25,1,491.3,0,0
80.18,0,26.99,11,0,-0.917,2,978.0,0,0
300.07,0,1.12,19,0,-0.659,2,1092.0,0,0
79.19,0,32.42,15,0,-1.426,0,465.7,0,0
121.12,0,24.11,10,0,-1.646,1,795.1,0,0
50.05,0,19.32,11,0,-0.381,0,1965.0,0,0
43.21,0,11.44,14,0,0.36,1,1202.6,0,0
71.51,0,49.46,8,0,-0.092,2,1204.7,0,0
38.11,0,9.19,8,0,0.928,1,1212.9,0,0
123.42,0,3.59,16,0,-0.314,1,1500.5,0,0
17.02,0,5.27,17,0,-1.696,2,242.8,0,0
142.09,0,0.24,16,0,0.275,0,628.1,0,0
68.95,0,38.09,10,0,-0.863,3,374.4,0,0
55.56,0,13.55,18,0,0.101,2,785.4,0,0
16.5,0,67.4,10,0,-1.828,0,700.6,0,0
29.0,0,18.62,18,0,-0.22,0,736.8,0,0
184.72,0,27.92,20,0,0.562,2,1248.0,0,0
55.85,0,17.74,13,0,0.464,2,637.2,0,0
84.49,1,35.9,19,1,-0.201,1,2009.9,0,0
31.58,0,5.21,12,0,-0.041,0,320.1,0,0
65.06,0,2.93,16,0,-0.398,1,1567.6,0,0
20.77,0,1.54,15,0,-0.239,2,412.2,0,0
72.6,0,25.36,8,0,0.501,0,1224.2,0,0
91.38,0,1.14,17,0,-0.6,2,1192.3,0,0
87.58,1,21.98,12,0,-0.522,0,797.8,0,0
30.94,0,48.61,13,0,-1.264,2,1285.6,0,0
49.86,0,117.42,14,0,0.517,5,602.8,0,0
105.28,0,22.7,1,0,-0.256,1,550.4,0,0
55.72,0,0.45,14,0,-1.01,3,1236.5,0,0
52.24,0,0.72,1,0,0.658,1,704.4,0,0
336.28,0,29.84,7,0,-0.081,0,1900.4,0,0
29.72,0,97.28,11,0,-0.637,1,1235.7,0,0
167.06,0,11.03,15,0,0.67,2,1059.3,0,0
24.99,0,18.6,17,0,-0.317,3,732.6,1,0
116.35,0,6.42,9,0,-1.299,0,496.5,0,0
121.75,1,19.87,9,0,0.723,1,1437.6,0,0
43.22,1,0.85,23,0,-0.716,2,1430.1,0,0
23.69,0,12.9,16,0,2.373,1,635.8,0,0
12.49,1,53.51,14,0,-0.4,0,458.4,0,0
39.53,0,8.99,12,0,-1.656,1,939.7,0,0
138.03,1,0.88,1,0,2.536,3,125.8,0,1
104.3,0,4.65,10,0,1.36,1,911.8,0,0
26.68,0,41.05,8,0,-0.089,0,1328.4,0,0
72.41,0,11.99,14,0,0.161,0,796.2,0,0
19.01,0,36.32,15,0,0.262,0,1791.0,0,0
54.66,0,19.78,16,0,-1.132,0,1138.6,0,0
25.15,0,6.21,9,0,-1.777,0,1928.0,0,0
62.41,0,78.77,16,0,1.519,0,448.1,0,0
43.56,0,3.56,16,0,-1.294,2,984.2,0,0
24.24,0,28.26,11,0,1.267,1,1719.2,0,0
38.09,1,25.84,1,0,0.378,0,475.1,0,0
30.14,0,38.76,15,0,0.097,0,1382.9,0,0
21.83,0,5.98,12,0,-0.418,1,367.8,0,0
167.39,0,4.77,19,0,1.804,4,1815.2,0,0
49.1,0,27.78,9,1,-0.598,1,495.3,0,0
10.26,0,3.24,10,0,-0.575,1,463.0,0,0
39.26,0,14.33,8,0,0.495,0,515.0,0,0
145.11,0,2.39,16,0,-0.582,1,1294.0,0,0
34.91,0,23.65,18,0,-0.852,0,789.1,0,0
238.19,0,7.98,8,0,-0.089,1,879.5,0,0
32.2,0,50.81,9,0,0.508,0,2072.0,1,0
102.3,0,18.62,18,0,1.461,0,602.4,0,0
160.96,0,15.81,17,0,1.624,2,917.7,0,0
97.77,0,4.77,17,0,-1.475,1,1685.9,0,0
20.73,0,22.45,18,0,0.792,3,479.9,0,0
29.93,0,12.48,10,0,-0.829,1,3602.8,0,0
180.29,0,7.65,9,1,-0.789,2,828.4,0,0
33.65,0,21.22,11,0,-0.474,1,579.7,0,0
152.83,0,69.75,19,0,-0.525,2,460.4,0,0
46.26,0,6.88,14,0,-0.898,0,1081.8,0,0
75.21,0,32.03,14,0,-1.902,1,1012.3,0,0
20.53,0,7.42,16,0,1.116,1,508.0,0,0
39.76,0,14.88,18,0,0.677,2,1542.2,0,0
31.69,0,3.61,9,0,-0.054,0,1165.9,0,0
80.78,0,14.62,14,0,-0.815,0,1505.7,0,0
72.18,0,16.96,16,0,0.947,1,1613.2,0,0
98.82,0,10.54,12,0,-0.092,0,456.0,0,0
43.95,0,13.61,15,0,-0.501,2,1606.1,0,0
30.24,0,22.78,12,0,-1.356,1,1249.3,0,0
77.89,0,9.54,18,0,0.39,1,1154.8,0,0
27.79,0,6.22,11,0,-0.308,1,811.7,0,0
166.78,0,44.88,15,0,0.168,0,1562.6,0,0
60.5,0,6.83,19,1,0.094,2,1676.0,0,0
50.54,0,10.92,14,1,0.468,1,1113.8,0,0
98.78,0,20.11,16,0,0.133,1,1157.2,0,0
62.5,0,4.13,18,0,-0.284,1,2254.4,0,0
16.29,0,56.98,18,0,0.403,1,199.3,0,0
27.05,0,52.05,6,0,0.72,2,1764.2,0,0
163.87,0,58.99,5,0,1.197,2,940.1,0,1
71.61,0,15.22,1,1,-0.937,2,1836.9,0,0
15.97,0,9.58,16,0,0.849,0,591.5,0,0
89.95,0,71.67,8,0,-1.311,2,1099.5,0,0
41.46,1,23.34,8,0,0.771,0,1088.4,0,0
31.71,0,6.36,13,0,-0.513,2,1209.3,0,0
25.2,0,27.32,9,0,0.633,0,831.7,0,0
156.01,0,3.64,16,0,1.154,1,718.3,0,0
12.55,1,1.65,10,0,0.143,2,1207.9,0,0
32.72,0,67.61,13,0,-0.038,2,1278.2,0,0
73.86,0,0.36,1,0,-0.079,3,893.0,0,0
255.09,0,2.41,19,0,-0.376,1,1179.5,0,0
106.78,0,2.93,18,0,0.9,2,1987.7,0,0
131.47,1,5.4,0,1,2.691,3,165.9,0,1
32.49,0,2.16,16,0,-0.086,0,973.3,0,1
244.68,0,60.12,12,0,-1.74,0,296.4,0,0
21.08,0,18.54,19,0,0.707,1,1121.8,0,0
83.56,0,41.72,13,0,0.665,1,496.4,0,0
100.95,1,30.62,18,0,0.034,2,1066.7,0,0
31.53,0,11.51,9,0,-0.631,0,1430.2,0,0
692.11,1,3.63,23,1,3.745,8,179.7,1,1
120.66,0,48.33,13,0,-0.928,0,873.3,0,0
43.09,0,4.45,18,0,-0.628,2,1352.1,0,0
120.41,0,46.87,11,0,0.159,1,1371.0,0,0
256.66,0,1.0,0,1,2.928,11,58.0,0,1
13.96,0,8.42,21,0,-1.475,1,1620.5,0,0
88.65,0,3.14,16,0,0.34,3,2135.0,0,0
46.98,0,24.58,1,0,0.058,0,1841.9,0,0
177.19,0,96.85,11,0,1.03,0,248.9,0,0
64.24,0,12.06,17,1,0.561,2,705.4,0,0
192.84,0,2.45,18,0,-0.578,5,582.0,0,0
102.66,1,2.29,9,0,-1.353,1,1255.4,0,0
59.84,0,10.77,13,0,-0.657,0,878.2,0,0
627.43,1,0.69,5,1,2.732,6,32.2,1,1
130.26,0,43.29,8,0,1.105,1,625.7,0,0
130.97,0,23.85,12,0,0.235,0,714.5,0,0
99.6,1,27.07,12,0,0.478,1,761.5,0,0
9.5,0,44.57,14,0,-0.503,1,1349.0,0,0
28.93,0,16.52,17,0,0.388,2,392.4,1,0
216.26,0,29.15,8,0,-1.216,0,627.3,0,0
22.93,0,8.85,8,0,0.748,0,213.2,0,0
141.19,0,4.3,9,0,-0.924,0,1339.7,0,0
121.57,1,49.21,12,0,-1.58,1,1550.2,0,0
35.99,0,8.52,11,0,1.81,1,1170.8,0,0
920.34,1,0.65,22,1,2.45,6,36.7,1,1
12.23,0,77.47,17,0,0.108,0,1256.9,0,0
41.12,0,9.4,11,0,0.086,2,1035.9,0,0
390.06,0,9.23,7,0,-1.496,1,1163.0,0,0
32.02,0,25.38,14,0,0.498,3,328.1,0,0
33.95,0,21.24,18,0,0.709,1,1142.2,0,0
28.56,0,1.08,11,0,-0.159,1,599.8,0,0
187.27,0,10.15,10,0,0.712,0,1262.4,1,0
54.25,0,37.19,15,0,0.936,1,841.2,0,0
39.17,1,3.1,15,0,0.421,0,1742.1,0,0
221.73,0,18.16,8,0,-1.733,0,1059.0,0,0
109.13,0,14.18,9,0,-0.921,1,572.1,0,0
30.53,1,2.01,20,0,1.35,1,474.6,0,0
23.57,0,25.99,17,0,0.066,1,605.7,0,0
178.47,0,27.85,15,0,0.07,1,922.7,0,0
67.64,0,6.47,19,0,-0.665,2,1684.4,0,0
17.87,0,17.51,10,0,-0.51,0,748.3,0,0
14.65,0,0.29,8,0,0.954,1,1121.2,0,0
25.83,0,20.91,13,0,1.199,1,455.6,0,0
23.25,0,20.19,11,0,0.638,1,1245.4,0,0
11.71,0,1.7,9,0,0.441,0,862.1,0,0
26.19,0,14.06,23,0,0.501,2,1113.7,0,0
30.53,0,4.75,12,0,-0.056,1,1813.4,0,0
45.0,0,30.06,18,0,-0.963,1,980.6,0,0
281.17,0,16.66,14,0,-1.136,0,487.2,0,0
53.15,0,19.81,15,0,1.052,1,1017.3,0,0
57.83,0,1.18,12,0,-0.026,2,999.8,0,0
102.81,0,5.55,13,0,0.382,2,1353.0,0,0
54.5,0,35.34,11,0,0.169,0,974.1,0,0
93.7,0,7.85,17,0,0.209,0,1775.8,0,0
84.65,0,55.83,17,0,0.276,1,1382.3,0,0
74.01,1,24.03,11,0,0.558,1,985.3,0,0
700.29,0,34.48,17,0,-0.614,1,928.6,0,0
144.67,0,15.13,23,0,0.946,2,539.0,0,0
26.59,0,13.98,10,0,-0.59,2,786.0,0,0
91.35,0,0.38,20,0,0.192,1,399.1,1,0
34.02,0,0.76,9,0,-0.946,1,872.5,0,0
97.45,0,55.08,18,0,-0.133,1,351.9,0,0
20.72,0,8.12,18,0,-0.528,1,996.7,0,0
26.01,0,13.33,18,0,0.019,2,514.4,0,0
89.33,0,21.12,12,0,0.588,1,1130.4,0,0
155.71,0,0.83,6,0,0.061,2,958.1,0,0
102.23,0,24.15,14,0,1.569,1,716.4,0,0
137.83,0,4.5,8,0,0.637,0,443.3,0,0
91.63,0,14.36,18,0,-0.183,2,919.3,0,0
77.22,0,14.47,18,0,-0.069,1,885.0,0,0
43.46,0,2.01,11,0,0.302,0,2081.8,0,1
133.09,0,6.81,10,0,0.563,2,766.1,0,0
159.36,0,15.8,14,0,-0.987,1,1309.6,0,0
63.2,0,18.96,22,0,0.509,0,652.8,0,0
60.38,0,14.16,15,0,-0.966,2,560.3,0,0
257.93,0,8.47,12,0,0.432,0,1178.7,0,0
65.54,0,58.6,12,0,0.88,1,743.6,0,0
71.12,0,1.0,10,0,0.24,0,907.3,1,0
100.64,0,9.14,15,0,-1.861,2,247.2,0,0
178.26,1,0.45,2,1,2.562,6,261.6,1,1
61.37,0,8.11,13,1,-1.426,0,668.6,0,0
33.21,0,4.0,8,0,0.45,1,713.1,0,1
91.95,0,24.73,14,0,-1.963,0,529.3,0,0
64.53,0,27.15,17,1,0.488,1,782.1,0,0
319.23,0,34.96,9,0,0.788,1,374.0,0,0
130.34,0,11.91,10,0,0.908,0,996.8,0,0
40.2,1,2.25,12,0,-0.193,0,2743.3,0,0
123.93,0,50.43,19,0,0.351,2,783.5,0,0
86.63,0,18.05,12,0,0.167,1,756.9,0,0
159.3,0,4.69,18,1,3.578,10,85.3,1,1
202.96,0,9.69,3,0,-1.178,2,1183.7,0,0
42.7,0,32.32,16,0,0.596,0,540.6,0,0
78.29,0,1.08,0,0,1.112,0,1808.6,0,0
61.3,0,54.62,0,0,0.552,0,532.3,0,0
70.08,0,11.19,11,0,-0.402,1,1395.9,0,0
31.42,0,3.15,16,0,0.592,1,1678.9,0,0
108.8,0,27.5,21,0,1.038,0,315.7,0,0
95.13,0,43.4,17,0,0.933,0,630.7,1,0
198.83,0,3.26,10,0,0.821,0,452.7,1,0
66.12,0,22.03,16,0,-1.273,1,1165.2,0,0
46.99,1,60.13,14,0,0.319,0,674.4,0,0
130.44,0,55.09,11,0,0.517,0,549.3,0,0
33.95,0,4.97,13,0,0.831,2,836.6,0,0
167.71,0,6.71,14,0,0.412,1,923.6,0,0
167.4,0,2.9,17,0,1.242,2,1571.4,0,0
1880.97,1,0.89,17,1,2.603,5,196.4,1,1
194.16,0,5.26,5,0,-1.462,0,1573.9,0,0
91.85,0,9.5,8,0,0.447,1,621.4,0,0
44.1,0,2.97,8,0,0.383,3,404.3,1,0
73.17,0,0.87,15,0,0.722,1,1089.6,0,0
92.12,0,7.01,18,0,1.234,2,820.7,0,0
41.42,0,37.02,18,0,-0.711,0,1630.2,0,0
207.09,0,4.94,9,0,1.207,1,1655.3,0,0
109.19,1,19.97,7,0,0.652,0,1122.0,0,0
652.79,1,0.21,0,1,2.304,5,183.5,0,1
31.24,0,14.25,19,0,-0.15,1,980.4,0,0
330.45,0,27.9,2,0,-0.727,1,1026.9,0,0
72.44,0,3.23,8,0,0.157,1,970.3,0,0
26.31,0,0.47,11,1,0.229,2,1016.8,0,0
32.93,0,30.31,16,0,0.273,2,717.5,0,0
236.19,0,24.04,15,0,-0.502,0,679.2,0,0
314.58,0,8.63,11,0,0.487,2,748.0,0,0
157.29,0,33.75,16,1,-0.324,1,2019.3,0,0
204.67,1,3.82,18,0,0.973,0,251.0,0,0
187.56,1,3.17,18,0,1.368,1,677.1,0,0
107.06,0,6.58,17,0,-0.65,1,742.1,0,0
88.21,0,7.15,12,0,0.048,1,1089.8,0,0
105.52,0,6.59,8,0,0.778,0,657.5,0,0
124.66,1,15.69,12,0,0.221,5,1703.0,0,0
35.5,0,16.41,8,0,-1.082,1,1514.3,0,0
124.23,0,1.95,14,0,0.692,2,1746.2,0,0
230.4,0,5.7,15,0,-0.485,1,988.4,0,0
55.96,0,28.08,12,0,0.16,1,1640.7,0,0
51.1,0,5.54,9,0,-0.795,0,620.8,0,0
99.99,0,50.19,3,0,0.636,2,917.7,0,0
38.39,0,6.41,8,0,-0.337,4,326.1,0,0
21.77,0,13.43,11,0,0.72,1,1159.0,0,0
176.9,0,0.97,19,0,-0.172,2,1149.2,0,0
352.34,1,2.58,5,1,2.177,4,108.1,0,1
45.45,0,71.31,18,0,-0.385,2,994.1,0,0
67.74,1,35.41,12,0,0.33,1,813.2,0,0
39.7,0,2.88,12,0,-0.859,0,1335.9,0,0
197.4,0,2.8,8,0,1.439,0,1608.6,0,0
137.72,0,35.09,15,0,0.148,2,2064.1,0,0
54.35,0,43.6,13,0,-0.453,1,1130.2,0,0
24.46,0,15.36,16,0,-0.319,0,889.4,0,0
49.66,0,45.57,9,0,0.014,0,710.9,0,0
108.27,0,5.48,17,0,0.797,1,1202.0,0,0
78.28,0,7.26,5,0,-0.716,1,618.5,0,0
73.17,0,4.39,13,0,-0.295,2,1165.0,0,0
79.83,0,14.26,8,0,-0.04,1,629.2,0,0
127.1,0,9.0,7,0,1.234,2,907.5,0,0
64.36,0,9.26,12,0,0.799,0,585.4,0,0
97.76,1,49.45,17,0,1.272,0,740.8,0,0
28.82,0,11.05,10,0,0.025,0,1111.1,0,0
584.51,0,12.24,8,0,1.146,0,1417.2,0,0
52.39,0,10.21,19,0,1.014,0,796.2,0,0
79.29,0,5.38,8,0,0.557,0,260.7,0,0
107.93,0,32.48,8,0,0.622,0,355.3,0,0
47.03,0,9.13,11,0,-0.476,1,361.8,0,0
67.13,0,2.12,16,0,1.463,2,1663.7,0,0
66.44,0,19.92,11,0,-0.196,0,2618.9,1,0
233.42,1,0.19,23,1,2.185,7,44.2,0,1
30.66,0,57.94,13,0,0.448,1,880.5,0,0
96.81,0,22.36,16,0,0.541,0,373.3,0,0
16.41,0,11.29,17,0,-1.097,1,557.5,0,0
295.84,0,9.5,12,0,-0.041,2,525.9,0,0
130.85,0,17.52,23,0,0.163,1,1625.9,0,0
114.81,0,23.8,8,0,-0.091,0,752.2,1,0
15.24,0,34.73,18,0,-0.031,1,3488.1,0,0
34.0,0,8.91,17,1,1.194,2,518.1,0,0
217.23,0,2.94,19,0,-0.662,1,545.7,0,0
327.55,1,5.54,23,1,1.548,8,187.0,1,1
2272.32,0,16.36,16,0,-1.015,1,750.2,0,0
184.1,0,13.61,10,0,-0.469,2,710.3,0,0
161.0,0,8.46,10,1,0.595,2,1503.0,0,0
104.19,0,2.61,6,0,0.673,1,950.6,0,0
32.45,0,18.49,13,0,0.485,2,1241.9,0,0
155.38,0,3.62,19,0,0.729,0,1067.1,0,0
26.15,0,0.31,16,0,0.205,0,1066.5,0,0
23.83,0,11.21,13,0,-0.414,0,839.8,0,0
22.59,0,16.31,6,0,-0.756,2,1556.5,0,0
152.84,1,52.1,18,1,-1.01,1,1402.7,0,0
63.51,0,2.84,12,0,-0.182,2,615.0,0,0
72.66,0,23.73,18,0,0.631,0,759.9,0,0
65.82,0,5.84,8,0,0.19,2,580.9,0,0
25.61,0,50.37,16,0,0.018,1,972.6,0,0
37.71,0,31.64,10,0,-0.844,2,1117.6,0,0
39.36,0,1.01,10,0,2.063,2,713.6,0,0
20.2,0,3.92,10,0,-0.66,1,766.6,1,0
43.44,0,0.8,10,0,0.096,0,611.8,0,0
26.6,1,10.77,16,0,0.802,2,552.0,0,0
108.96,0,11.43,15,0,0.034,1,752.5,0,0
116.96,1,17.55,8,0,-0.646,1,850.7,1,0
190.1,1,0.1,22,1,2.037,3,105.0,1,1
998.97,1,1.03,22,1,3.724,1,29.9,0,1
22.21,0,0.05,13,1,0.647,3,607.1,0,0
51.82,0,42.42,10,0,-1.072,1,533.2,0,0
323.0,0,20.93,16,0,1.394,1,2297.6,0,0
28.97,0,23.22,17,1,0.226,3,729.1,0,0
95.84,0,10.01,14,0,-0.203,1,1014.1,0,0
72.94,0,28.29,22,0,-1.133,2,1208.0,0,0
168.84,0,14.93,17,0,-0.922,1,1066.5,0,0
85.73,0,28.59,17,0,-0.042,1,1268.6,0,0
46.22,0,43.44,9,0,1.514,0,978.0,0,0
70.58,1,34.13,6,0,0.186,2,412.3,0,0
71.46,0,9.56,13,0,0.278,1,1001.9,0,0
61.69,0,0.29,8,0,0.309,0,793.5,0,0
21.73,0,1.95,8,0,1.891,1,594.4,0,0
191.83,0,15.24,9,0,-0.353,0,1980.1,0,0
165.09,0,66.11,9,0,1.252,0,352.3,0,0
27.45,0,10.07,11,0,-0.319,1,1143.2,0,0
51.64,0,0.89,11,0,-0.563,0,1113.4,0,0
55.07,0,18.9,17,0,-0.064,2,1754.4,0,0
24.95,0,8.84,18,0,-0.068,2,1053.6,0,0
13.64,0,24.53,10,0,0.45,0,696.3,0,0
37.71,0,1.23,12,0,-1.859,0,338.8,0,0
49.26,0,2.24,14,0,0.118,0,370.9,0,0
19.59,0,49.59,11,0,-0.479,1,735.5,0,0
77.51,0,2.92,11,1,-0.579,1,1622.7,0,0
179.19,0,3.81,18,0,-1.037,1,403.5,0,0
136.43,0,7.81,13,0,-0.292,0,989.2,0,0
59.88,1,22.08,16,1,-0.413,3,1548.9,0,0
13.95,1,6.85,8,0,-0.341,1,1904.8,0,0
122.53,0,25.75,15,0,-1.311,1,819.8,0,0
75.52,0,15.86,12,0,0.079,2,266.8,0,0
95.65,0,16.69,14,0,-0.633,0,1450.8,0,0
345.74,0,4.11,13,0,-1.308,1,733.0,0,0
33.08,1,32.09,11,0,-0.439,1,1158.1,0,0
5.79,1,2.34,17,0,-0.619,0,1174.0,0,0
27.24,1,0.05,10,0,0.033,1,577.9,0,0
100.8,0,9.49,18,0,-0.449,1,222.7,0,0
68.23,0,8.47,10,0,-1.16,0,975.4,0,0
23.73,0,18.56,14,0,-0.711,0,1337.8,0,0
19.95,0,0.98,10,0,-1.381,1,1493.8,0,0
49.33,0,1.32,13,0,0.91,0,1092.5,0,0
23.12,0,20.62,0,0,1.038,0,1297.9,0,0
264.7,1,1.25,23,1,2.445,11,68.3,0,1
103.81,0,4.98,17,0,1.135,2,638.7,0,0
47.01,0,42.99,18,0,-0.472,1,1551.6,0,0
39.13,0,12.87,11,0,1.038,1,1388.6,0,0
35.0,0,2.32,12,0,0.326,1,1214.1,0,0
83.4,0,17.79,11,0,-0.658,2,664.5,0,0
69.15,0,9.26,10,0,-0.503,1,936.3,0,0
79.18,0,46.71,14,0,-0.138,0,788.3,0,0
77.72,0,7.38,18,0,0.082,2,818.8,0,0
62.72,0,7.76,16,0,0.29,0,1265.2,0,0
27.71,0,11.89,14,0,-0.001,2,1213.6,0,0
35.84,0,12.28,8,0,-0.279,0,300.9,0,0
47.68,0,1.63,16,0,1.082,2,657.6,0,0
385.84,0,24.9,13,0,-0.091,1,1618.4,0,0
21.19,0,28.63,18,0,-0.137,0,1112.9,0,0
46.71,0,3.21,14,0,-0.174,2,830.3,0,0
72.5,0,35.78,15,0,-0.091,1,501.7,1,0
51.53,0,4.55,16,0,-1.09,1,1471.0,0,0
166.15,0,38.45,16,0,-0.802,0,3505.1,0,0
51.3,0,8.7,22,0,1.957,0,500.8,0,0
54.63,0,21.58,12,0,-1.32,1,314.7,0,0
133.28,0,30.03,23,0,0.217,1,1846.2,0,0
310.79,0,2.21,19,1,0.274,3,612.4,0,0
1181.84,1,1.81,22,1,3.128,5,18.0,0,1
220.6,0,1.06,15,0,0.81,0,1304.4,0,0
59.37,0,4.1,14,0,0.293,4,605.5,0,0
63.94,0,20.91,0,0,1.513,0,2036.1,0,0
69.39,0,14.41,20,0,0.192,2,1357.7,0,0
75.56,1,7.48,15,0,1.078,2,609.5,0,0
32.45,0,2.11,15,0,0.832,1,560.1,1,0
147.84,0,46.91,12,0,1.234,0,589.1,1,0
79.49,0,37.14,9,0,0.02,2,735.3,0,0
64.19,0,3.66,16,0,0.318,1,1502.0,0,0
22.64,1,27.63,14,0,-0.295,2,337.8,0,0
70.31,1,1.56,17,0,0.128,0,657.7,0,0
13.34,0,20.46,9,0,0.172,2,1371.6,0,0
40.67,0,16.69,19,0,-1.662,2,1390.4,0,0
41.32,1,123.74,15,0,-0.115,1,1576.8,0,0
357.63,0,0.18,5,1,0.741,3,71.4,0,1
213.86,1,2.99,23,1,3.026,4,113.0,1,1
85.11,0,16.26,13,0,0.712,2,436.6,0,0
329.6,0,0.88,13,0,-1.08,0,807.7,0,0
108.43,0,30.42,6,0,-0.789,1,635.8,0,0
228.41,1,10.88,14,0,0.925,0,1927.4,0,0
115.4,0,10.55,14,0,1.075,2,979.4,0,0
173.52,0,3.02,15,0,-0.497,1,564.6,1,0
323.29,1,0.22,11,0,0.139,0,1872.0,0,0
35.8,0,43.84,11,0,-0.062,1,856.1,0,0
33.87,1,2.22,17,0,0.942,2,968.2,0,0
117.74,0,3.26,16,0,-0.427,0,2081.8,0,0
350.36,1,0.83,2,1,2.479,4,95.5,0,1
66.48,0,62.39,3,0,-0.303,0,1001.3,0,0
80.42,0,41.41,13,0,1.073,3,1646.4,0,0
53.98,0,2.11,8,0,-0.803,2,742.0,0,0
40.17,0,44.74,14,0,-0.398,1,1334.9,0,0
264.45,0,24.87,15,0,0.106,0,1036.7,0,0
26.18,0,5.35,19,1,1.219,0,1451.2,0,0
119.51,0,5.26,15,0,-0.955,1,977.7,0,0
104.13,0,35.59,16,0,-0.568,0,964.0,0,0
17.42,0,9.63,15,0,0.474,0,1606.2,1,0
32.91,0,29.72,15,0,0.598,1,653.6,0,0
37.97,0,32.9,16,0,0.169,0,693.6,0,0
107.76,0,7.41,19,0,-0.093,2,2242.4,0,0
48.81,0,33.54,9,1,0.104,0,634.2,0,0
62.01,0,118.15,16,0,-1.206,0,758.0,0,0
19.32,0,1.54,17,0,0.081,0,636.9,1,0
481.56,0,2.82,20,0,1.186,2,706.3,0,0
70.85,0,24.11,12,0,-1.056,0,421.2,0,0
101.92,0,7.33,12,0,-0.627,0,1209.1,0,0
42.12,0,56.92,12,0,-0.318,2,1311.8,0,0
60.38,1,2.4,3,1,2.239,4,85.7,1,1
38.29,0,29.78,11,0,-0.267,1,273.2,0,0
338.93,0,7.41,11,0,1.473,1,781.1,0,0
13.08,0,13.5,13,1,-0.746,1,771.1,1,0
84.51,0,12.67,15,0,-0.905,2,511.2,0,0
23.81,0,52.17,11,0,0.617,0,503.1,0,0
47.26,0,65.66,16,0,-0.517,3,763.5,0,0
38.77,0,2.84,19,0,0.63,1,1593.8,0,0
28.84,0,20.49,10,0,-0.158,1,1056.0,0,0
68.73,0,5.81,10,0,0.367,0,1074.2,0,0
7.52,0,10.59,18,0,-1.254,0,678.7,0,0
51.0,0,6.35,14,0,0.365,0,515.0,0,0
61.76,0,21.57,17,0,0.174,3,2080.3,0,0
21.0,0,2.22,5,0,-0.204,2,1559.3,0,0
241.35,0,14.2,15,1,-0.986,0,1513.9,0,0
40.23,0,32.29,19,0,0.173,1,1080.0,0,0
54.5,0,8.17,19,0,0.579,1,1439.0,0,0
40.31,0,28.14,15,0,-0.425,1,1261.0,0,0
62.22,0,14.43,23,0,-0.409,3,565.1,0,0
202.74,0,40.6,18,0,0.635,0,2110.5,0,0
545.7,0,5.75,12,0,1.368,2,1450.5,0,0
125.69,0,16.71,16,0,0.752,3,858.5,0,0
168.14,0,3.7,15,0,0.184,0,485.9,0,0
286.85,0,62.22,19,0,-0.195,1,502.9,0,0
82.4,0,3.59,13,0,-0.022,0,1081.4,0,0
253.34,0,2.14,18,0,-1.06,0,890.1,0,0
130.78,0,3.63,12,0,-0.124,1,702.9,0,0
75.37,1,13.77,18,0,0.896,1,1063.8,0,0
89.82,0,32.48,16,0,0.032,0,938.6,0,0
14.18,0,30.66,10,0,-0.5,0,835.5,0,0
85.48,1,26.92,17,0,-0.574,0,520.2,0,0
17.95,0,27.76,9,0,-0.025,0,937.4,0,0
16.75,0,14.96,12,0,-0.988,1,1703.9,1,0
78.57,0,3.36,8,0,-0.727,1,492.4,0,0
25.87,0,52.53,14,0,1.226,0,1647.9,0,0
66.28,0,45.01,15,0,-0.829,2,1681.4,0,0
75.01,0,4.93,16,0,-0.641,0,1030.4,1,0
77.91,0,22.3,19,0,0.233,1,1031.3,0,0
30.92,0,9.48,17,0,-0.353,2,979.6,0,0
143.15,0,18.1,9,0,0.071,1,1132.8,0,0
61.82,0,29.04,18,0,0.69,2,779.2,0,0
97.02,0,1.78,18,0,-1.238,2,1242.1,0,0
24.12,0,75.88,17,0,0.603,1,521.5,0,0
57.31,0,16.15,9,0,-0.466,2,309.5,1,0
169.47,0,2.02,12,0,-0.229,0,2420.3,0,0
152.12,0,22.84,14,1,1.538,0,1351.6,0,1
33.86,0,32.58,18,0,-1.122,0,1065.8,0,0
41.94,0,76.7,13,0,0.473,1,1329.8,0,0
28.78,0,4.12,15,0,0.902,1,982.9,0,0
38.17,0,3.01,15,1,-0.547,1,1284.9,0,0
20.3,0,22.67,10,0,-0.534,2,981.9,0,0
447.37,1,1.02,23,1,2.736,2,112.0,0,1
59.3,0,9.79,8,0,-0.295,1,790.0,0,0
114.22,0,6.66,9,0,-0.552,0,1179.5,0,0
34.22,0,17.14,15,0,0.053,1,1074.6,0,0
61.74,1,6.67,14,0,0.714,0,1229.8,0,0
55.29,1,13.95,15,0,-0.291,0,730.4,0,0
163.51,0,8.73,8,0,0.743,1,366.1,0,0
39.65,0,1.1,13,0,1.121,1,1041.9,0,0
40.9,0,12.6,16,0,0.345,0,1318.2,0,0
32.49,0,48.4,14,0,0.42,2,2104.8,0,0
25.36,0,4.38,10,1,-0.475,0,1165.2,0,0
104.56,0,16.0,15,0,-2.098,3,605.7,0,0
59.45,0,5.6,8,0,0.469,0,1606.6,1,0
69.87,0,4.67,4,0,0.637,1,1006.3,0,0
197.05,0,13.6,4,0,0.194,2,1615.8,0,0
206.91,0,2.79,18,0,0.728,0,717.6,0,0
16.46,0,5.64,10,0,-0.439,0,899.8,0,0
115.66,0,40.83,11,0,0.415,0,1361.3,0,0
80.79,0,3.5,19,0,1.178,1,1439.5,0,0
45.04,0,3.12,17,0,0.533,0,1120.7,0,0
88.11,0,60.47,12,0,1.074,0,1216.0,0,0
15.37,0,88.42,4,0,1.079,1,1421.9,0,0
231.19,0,17.75,9,0,-0.977,1,949.8,0,0
103.31,0,1.51,12,0,0.575,2,1011.4,0,0
31.96,0,8.43,14,0,-0.506,0,2080.5,0,0
40.54,0,15.81,13,0,-0.886,0,728.2,0,0
15.68,0,21.53,18,0,-0.229,0,449.8,0,0
51.07,0,14.7,17,0,1.403,1,1014.8,0,0
44.24,0,7.84,11,0,-0.435,1,1002.5,0,0
21.62,0,12.85,18,0,-1.407,1,521.9,0,0
129.05,0,22.85,13,0,-1.156,0,972.5,1,0
197.41,0,1.51,8,0,0.383,0,451.5,0,0
65.15,1,9.8,18,0,-0.607,0,700.5,0,0
51.43,1,13.93,16,0,-1.635,0,1159.6,1,0
96.52,0,0.34,12,0,-1.124,0,464.9,0,0
65.58,0,1.71,18,0,0.134,0,846.3,0,0
26.58,0,0.43,18,0,0.624,3,307.2,0,0
38.29,0,39.73,19,0,-0.357,1,734.7,0,0
51.83,0,9.1,18,0,0.519,0,1604.2,0,0
82.35,0,3.26,11,0,0.732,0,2515.9,0,0
67.22,0,13.22,14,0,-0.627,1,890.5,0,0
430.05,1,1.58,19,1,2.228,2,158.1,0,1
79.74,0,13.41,10,0,-0.097,2,1136.1,0,0
18.25,0,4.1,16,0,-0.48,1,534.3,1,0
117.38,0,10.4,13,0,0.431,0,1105.7,0,0
66.88,0,27.75,18,0,-0.49,0,1733.0,0,0
583.94,0,15.42,18,0,-0.971,0,973.6,0,0
47.97,0,30.19,11,0,0.042,0,1512.0,0,0
87.79,0,14.45,14,0,0.888,0,700.5,0,0
738.66,0,5.01,8,0,0.408,0,374.2,0,0
78.65,0,18.27,14,0,0.805,3,807.1,0,0
62.96,1,32.98,12,0,0.735,0,689.5,0,0
953.17,1,4.34,12,1,1.007,3,208.5,0,1
28.82,1,2.83,0,0,0.034,1,1465.8,0,0
244.45,0,7.72,19,0,-0.478,0,1477.0,0,0
24.9,1,18.22,13,0,-0.696,2,515.5,0,0
95.88,0,19.44,14,0,-1.269,1,1186.3,0,0
44.59,0,17.55,15,0,0.952,1,1343.0,0,0
108.96,1,0.05,1,1,3.292,5,230.3,1,1
56.77,0,5.1,18,0,-0.264,1,749.7,0,0
19.88,0,90.1,19,0,-1.364,1,1014.0,0,0
208.86,0,15.91,13,0,0.987,1,1269.9,0,0
52.66,1,55.02,12,0,0.075,0,1544.5,0,0
23.74,0,14.64,16,0,0.774,4,1025.9,0,0
193.41,0,0.76,11,1,-0.209,2,1151.5,0,0
43.44,0,26.42,9,0,-0.635,0,328.8,0,0
88.63,0,7.94,11,0,0.357,2,1335.4,0,0
136.35,0,38.7,11,0,0.423,1,516.0,0,0
99.78,0,8.91,15,1,-0.224,0,267.1,0,0
10.31,0,6.74,5,0,1.051,0,1252.3,0,0
120.43,1,2.15,9,0,0.756,1,1039.7,0,0
61.22,0,7.74,8,0,0.452,1,491.1,1,0
50.42,0,12.14,9,0,-0.888,1,1292.7,0,0
60.78,0,4.32,18,0,-1.001,0,485.2,0,0
16.97,0,4.96,11,0,0.959,1,999.9,0,0
78.52,0,31.71,14,0,-1.751,3,1263.8,0,0
20.91,0,29.62,14,0,-0.073,1,1476.7,0,0
52.3,0,2.63,11,0,0.117,4,807.6,0,0
76.16,0,1.51,18,0,-0.392,1,1430.4,0,0
166.16,0,0.32,8,0,-0.028,0,860.6,0,0
33.23,0,22.37,14,0,0.336,1,603.6,0,0
229.03,1,9.13,14,0,-0.47,2,699.3,0,0
149.13,0,8.69,15,0,0.705,2,755.5,0,0
46.29,0,14.35,10,0,0.466,2,176.5,0,0
25.99,1,31.7,19,1,-0.144,0,1329.9,0,0
19.55,0,3.22,17,0,-0.661,2,1132.9,1,0
84.01,0,9.89,16,0,-0.073,1,703.8,0,0
35.63,0,1.16,13,0,1.689,2,1174.8,0,0
184.83,1,5.33,15,0,-0.606,2,480.8,0,0
37.43,1,12.66,10,0,1.225,0,1197.9,0,0
31.01,0,8.49,8,0,-1.404,0,1301.8,0,0
81.34,0,3.8,16,0,-0.689,0,438.8,0,0
37.22,0,3.61,0,0,-0.434,0,1376.3,0,0
67.17,0,66.07,12,0,0.759,1,865.6,0,0
154.18,0,0.63,11,0,0.044,1,867.9,0,0
73.67,0,18.63,15,0,1.048,3,440.8,0,0
73.91,0,19.85,14,0,-0.266,0,1491.8,0,0
79.39,0,7.45,16,0,-0.043,4,1497.1,0,0
15.81,0,17.92,23,0,-0.263,1,1840.1,0,0
93.04,0,35.23,18,1,1.621,0,1568.4,0,0
76.4,0,11.26,11,0,-0.896,2,1034.6,0,0
142.45,0,19.6,10,0,-0.407,1,1097.8,0,0
111.6,0,16.31,18,0,-0.782,0,274.9,0,0
56.17,0,2.95,14,0,0.459,0,245.4,0,0
160.38,0,0.73,17,0,-0.913,1,896.8,0,0
52.0,0,41.37,11,1,1.458,0,882.3,0,0
82.28,1,2.82,19,0,0.065,1,589.4,0,0
51.19,0,19.96,13,0,0.33,0,913.9,0,0
98.74,0,41.49,14,0,0.37,2,643.9,0,0
48.42,0,10.47,11,0,-0.016,1,1501.7,0,0
270.54,0,22.53,9,0,0.097,2,989.1,0,0
370.46,0,11.16,14,0,0.068,1,682.9,0,0
140.17,0,19.68,14,0,0.415,1,1500.7,0,0
247.18,1,18.19,21,0,-0.658,2,477.7,0,0
18.02,0,12.9,12,0,-0.794,1,2142.2,0,0
19.92,0,0.74,22,0,0.657,0,2197.9,0,0
50.74,0,31.39,18,0,-0.002,1,1053.2,0,0
69.06,0,1.57,9,0,-1.605,1,887.1,0,0
56.35,0,1.65,16,0,-0.38,0,387.9,0,0
16.51,0,2.71,11,0,1.224,1,942.9,0,0
177.48,0,7.93,17,0,-0.128,2,849.7,0,0
416.16,0,0.34,13,1,-0.425,0,1252.1,0,0
198.11,1,0.57,10,0,-1.196,2,883.2,0,0
167.79,0,11.39,10,0,-0.454,0,488.3,0,0
80.82,0,51.62,19,0,-0.931,2,822.7,0,0
32.57,0,58.33,16,0,0.343,1,645.8,0,0
70.93,0,9.32,10,0,0.039,1,475.9,0,0
399.31,0,23.14,14,0,-0.291,2,1611.3,0,0
49.44,0,18.43,9,0,-0.61,1,351.9,0,0
45.3,0,16.15,18,0,1.221,0,1522.0,0,0
170.92,0,62.63,17,1,-0.564,0,964.4,0,0
180.84,0,13.78,17,0,-0.561,2,1304.0,0,0
32.44,0,25.79,13,0,-0.194,0,1674.8,0,0
53.4,0,15.7,9,0,-0.082,0,687.9,0,0
43.53,0,15.28,13,0,0.386,1,990.2,0,0
70.76,0,27.42,14,0,0.744,3,719.1,0,0
170.4,1,17.16,11,0,0.684,2,852.8,0,0
33.67,0,5.29,12,0,1.944,3,1261.0,0,0
168.38,0,16.32,8,0,-1.354,1,919.0,0,0
72.7,0,22.89,14,0,0.185,1,983.1,0,0
481.67,0,70.37,11,0,-0.416,1,572.8,0,0
1248.24,1,0.16,2,1,2.782,7,51.7,1,1
87.44,0,35.0,18,0,1.608,1,895.3,0,0
61.41,0,14.31,17,0,0.14,1,751.6,0,0
108.69,0,7.6,15,0,-1.624,1,950.6,0,0
50.07,0,0.81,10,0,0.347,0,549.1,0,0
14.5,0,13.21,16,0,0.213,1,690.9,0,0
54.36,1,3.99,19,0,0.606,3,1062.6,0,0
53.63,0,11.23,15,0,-0.579,1,1226.6,0,0
17.23,0,24.72,17,0,0.262,1,1015.8,0,0
62.67,0,35.46,22,0,-0.216,0,814.3,0,0
11.51,0,21.93,18,0,-0.537,1,671.9,0,0
49.62,0,95.24,9,0,0.274,0,339.2,1,0
82.03,0,22.6,18,0,0.122,0,1635.2,0,0
72.42,0,16.58,17,0,0.84,0,1470.1,0,0
47.02,0,4.03,13,0,0.022,0,1745.0,0,0
62.01,1,26.15,10,0,0.483,1,1722.1,0,0
34.25,0,0.35,13,0,-0.966,3,1084.6,0,0
67.3,0,38.37,18,0,1.116,0,2427.1,0,0
70.06,0,64.52,19,0,-0.622,2,863.1,0,0
31.02,0,16.31,9,0,0.722,0,990.9,0,0
83.73,0,45.79,13,0,0.21,1,680.6,0,0
83.28,0,11.07,15,0,0.109,0,465.5,0,0
57.9,0,1.73,9,0,0.608,4,745.9,0,0
522.12,0,4.0,19,0,-1.712,3,724.2,0,0
59.17,0,4.16,8,0,-0.459,2,1306.0,0,0
52.6,0,26.57,15,0,0.597,2,1034.6,0,1
46.57,0,13.55,2,0,1.538,0,1166.1,0,0
29.22,1,20.66,16,0,-0.019,1,1085.4,0,0
119.46,0,37.86,15,0,-1.95,1,1100.4,0,0
37.21,0,2.27,12,0,-0.254,2,691.8,0,0
41.15,1,1.21,19,0,-0.048,0,1070.4,0,0
950.02,1,3.9,4,1,2.365,3,247.5,0,1
42.2,0,20.7,11,0,0.888,1,1346.4,0,0
28.87,0,4.26,16,0,0.039,3,1593.9,0,0
15.05,0,24.91,14,0,-1.021,0,1462.3,0,0
44.99,0,24.77,20,0,0.771,1,1246.3,0,0
140.1,0,30.86,14,0,0.455,2,1026.6,0,0
78.84,0,33.2,9,1,-0.559,1,774.8,0,0
251.26,0,33.49,9,0,0.576,0,1099.3,0,0
126.26,0,33.57,7,1,-0.437,0,1780.1,0,0
104.1,0,39.46,11,0,-0.239,1,831.5,0,0
330.38,1,56.35,9,0,-0.424,1,1966.4,0,0
61.4,0,7.84,8,0,-0.248,1,1120.2,0,0
70.36,0,54.08,14,0,0.725,1,1629.9,0,0
66.04,0,19.85,6,0,-1.429,0,718.4,0,0
247.7,0,2.8,20,0,0.883,2,678.4,0,0
66.83,0,6.56,8,0,0.141,1,489.5,0,0
38.43,0,6.56,15,0,-0.312,2,1771.1,0,0
109.89,0,1.69,19,1,0.017,0,1118.0,0,0
33.32,0,16.67,15,1,-0.727,0,1338.4,0,0
104.95,0,35.15,9,0,-1.305,0,990.9,0,0
94.8,0,2.5,13,0,-0.705,1,1031.3,0,0
56.77,0,73.56,15,0,-1.516,0,452.3,0,0
107.87,0,18.66,10,0,-1.082,0,1127.3,0,0
18.83,1,14.74,9,1,-1.298,1,1406.8,0,0
76.59,0,12.69,15,0,0.979,4,312.3,0,0
45.0,0,11.74,15,0,-1.027,1,779.2,0,0
759.7,0,3.78,13,0,-0.033,0,642.6,0,0
76.13,0,23.33,9,0,0.893,0,1235.6,0,0
40.17,0,8.3,11,1,0.68,1,1204.8,0,0
20.67,0,1.88,10,1,-0.236,1,1334.7,0,0
202.27,0,42.67,12,0,-0.232,1,145.6,0,0
49.52,1,3.13,11,0,0.144,0,998.5,1,0
34.03,0,77.65,12,1,1.69,0,357.6,0,0
88.75,0,13.45,11,0,0.33,1,1095.6,1,0
115.85,0,4.46,10,0,0.535,0,464.6,0,0
114.3,0,46.98,12,0,1.813,0,1194.3,0,0
67.82,0,18.77,13,0,0.222,2,473.2,0,0
76.35,0,1.05,14,0,0.918,0,574.8,0,0
81.23,0,8.9,11,1,0.382,2,1552.8,0,0
88.76,1,19.34,9,1,0.371,2,902.6,0,0
95.69,0,27.71,16,0,-0.771,2,917.8,0,0
169.07,0,37.79,16,1,-0.903,0,566.3,0,0
69.96,0,1.72,8,0,-0.41,0,1477.7,0,0
33.31,1,14.24,0,0,0.706,0,1124.9,0,0
58.99,0,53.38,11,0,0.668,0,1086.5,0,0
126.56,0,12.02,18,0,1.067,1,522.7,0,0
14.61,0,3.92,13,0,-0.009,0,995.8,0,0
14.68,0,48.99,16,0,0.43,4,2612.9,0,0
145.55,0,24.3,8,0,0.434,0,673.2,0,0
242.77,0,31.2,15,0,-0.086,0,1531.9,0,0
22.75,0,20.83,9,0,-0.257,2,282.3,1,0
72.63,0,7.08,18,0,-1.188,4,1318.7,0,0
47.48,0,19.1,19,0,-0.122,0,1148.3,0,0
53.43,0,3.92,9,0,-0.083,0,859.7,0,0
86.46,0,14.53,14,0,0.908,0,1119.5,0,0
22.22,0,17.36,11,0,0.986,3,1132.6,0,0
26.02,0,2.84,17,0,0.117,1,1128.4,0,0
51.62,0,2.33,17,0,1.651,1,787.2,0,0
58.93,1,5.46,18,0,0.152,3,742.9,0,0
25.61,0,4.87,12,0,0.826,0,632.9,0,0
130.48,0,23.5,11,1,-0.08,1,424.9,0,0
46.76,0,17.43,18,0,-0.912,0,912.4,0,0
46.59,0,4.71,14,0,-0.34,0,1437.9,0,0
84.8,1,7.07,8,0,1.179,2,726.1,0,0
59.77,0,12.12,15,0,-0.211,1,522.9,0,0
135.89,1,0.71,11,0,-0.373,0,640.9,0,0
30.16,0,26.98,18,0,-0.003,0,982.8,0,0
20.33,0,4.48,18,0,-0.312,0,982.0,0,0
51.25,0,3.71,13,0,0.955,1,607.6,0,0
70.19,0,13.39,20,0,1.508,2,920.9,0,0
23.23,1,10.63,19,0,0.005,1,850.2,0,0
20.5,0,17.44,16,0,0.432,0,1191.0,0,0
77.86,1,54.33,15,0,0.778,0,1702.6,0,0
35.02,0,8.01,5,0,0.087,2,714.7,0,0
19.4,0,42.73,18,0,-0.702,1,662.3,0,0
151.49,1,2.37,13,0,-0.328,3,976.2,0,0
38.98,0,68.6,9,0,0.33,0,1067.3,0,0
177.21,0,0.9,15,0,0.315,1,1220.3,0,0
68.32,0,2.63,8,0,-1.434,1,389.0,0,0
85.67,0,13.67,12,0,-0.349,0,2142.6,0,0
55.71,0,17.74,1,0,-0.59,2,807.8,0,0
6.98,0,15.19,16,0,0.706,1,681.4,0,0
25.37,0,30.48,18,0,-0.559,1,522.9,0,0
59.93,0,70.02,15,0,-0.369,1,732.0,0,0
90.92,0,0.96,23,0,-0.397,2,419.4,0,0
14.57,1,1.81,8,0,0.633,2,1525.2,0,0
63.72,0,0.07,16,0,0.775,1,859.4,0,0
25.69,0,3.44,9,0,0.395,0,664.8,0,0
81.4,0,4.31,8,0,0.885,0,1392.2,0,0
65.6,0,35.48,10,0,0.988,1,832.2,0,0
125.46,0,0.61,10,0,-1.448,0,662.8,0,0
165.14,0,8.53,12,0,0.474,1,1847.5,0,0
98.51,0,6.82,11,0,-0.296,0,745.7,0,0
138.56,0,12.99,10,0,-1.005,2,315.2,0,0
49.51,1,2.28,17,1,-0.256,0,919.0,0,0
734.84,0,13.01,17,0,0.585,0,865.0,0,0
23.67,0,6.86,11,0,1.164,1,673.3,0,0
42.58,1,23.6,12,0,-1.076,0,624.4,0,0
143.47,1,20.78,17,0,0.495,3,955.0,0,0
126.45,0,65.16,19,0,1.573,1,752.8,0,0
1341.62,1,6.6,23,1,1.875,4,105.1,0,1
100.92,0,7.96,17,1,1.465,0,806.8,0,0
472.4,0,4.27,1,1,1.498,1,77.4,1,1
118.39,0,28.92,0,0,-2.763,0,1046.2,0,0
11.35,0,0.44,19,1,1.743,0,785.9,0,0
257.47,0,2.68,20,0,0.769,2,693.3,0,0
56.08,0,2.08,16,0,-1.846,0,1229.6,0,0
192.29,0,85.17,8,0,-0.613,1,751.8,0,0
11.84,0,0.96,5,0,1.006,3,673.0,0,0
82.94,0,4.19,10,0,0.288,2,468.9,0,0
41.31,0,13.53,17,0,-0.459,0,596.1,0,0
108.45,0,10.82,17,1,0.053,2,508.7,0,0
87.31,0,3.32,14,0,0.437,0,451.9,0,0
91.03,0,68.16,13,1,-0.463,0,628.4,0,0
27.11,0,1.29,14,0,-0.102,1,1060.3,0,0
63.53,0,8.96,8,0,0.718,1,902.9,0,0
57.22,0,21.79,18,0,-0.561,0,778.9,0,0
101.6,0,5.73,19,0,-1.086,1,1117.2,0,0
154.61,0,18.93,8,0,-0.51,1,699.1,0,0
1108.89,1,4.7,5,1,2.768,5,38.0,1,1
75.79,0,2.6,9,0,-0.711,1,1026.8,0,0
22.54,0,5.59,18,1,-0.484,1,1208.2,0,0
73.07,0,0.52,13,0,-1.382,0,319.4,0,0
613.64,0,7.58,15,0,0.188,0,898.0,0,0
270.18,0,0.05,10,0,0.694,0,1090.4,0,0
5.32,0,30.41,18,0,-0.649,1,1056.8,0,0
70.38,0,4.16,11,0,-0.522,1,920.8,0,0
147.28,0,1.33,11,0,-0.15,2,716.7,0,0
57.11,0,3.73,18,0,-0.729,3,822.4,0,0
45.1,0,18.74,18,1,0.787,3,378.5,0,0
53.15,1,8.69,10,0,-0.711,0,1570.3,0,0
106.63,0,53.82,12,0,-0.421,2,360.3,0,0
25.12,0,2.54,12,0,-0.611,0,643.7,0,0
183.16,0,15.82,13,1,0.806,3,901.3,0,0
63.59,0,4.75,13,0,-0.185,0,457.0,0,0
30.12,0,39.78,19,0,1.594,1,797.5,0,0
173.42,0,15.34,20,0,0.283,0,1237.1,0,0
17.93,0,47.33,13,0,0.927,3,1148.0,0,0
41.6,0,0.48,11,0,-0.259,2,894.0,0,0
41.02,0,5.62,15,0,-0.754,1,969.8,0,0
412.55,0,16.0,17,0,-0.027,0,237.4,0,0
37.25,0,80.75,17,0,-0.543,1,526.1,0,0
10.68,1,5.67,13,0,-1.599,2,676.1,0,0
151.87,1,0.76,22,0,3.81,6,149.4,1,1
40.67,0,51.32,11,0,0.811,4,768.8,1,0
98.22,0,11.67,19,0,0.026,1,1262.3,0,0
129.86,0,13.64,9,0,-0.56,3,1893.0,0,0
461.77,0,29.19,9,0,0.301,0,816.2,0,0
220.49,0,10.6,19,0,0.038,0,801.2,0,0
78.24,0,9.92,18,0,1.128,0,890.2,0,0
31.26,0,8.31,14,0,0.346,1,619.6,0,0
265.18,0,10.04,11,0,-0.126,3,1659.0,0,0
48.75,0,22.87,3,1,0.555,3,584.7,0,0
38.11,0,1.91,13,0,-0.029,0,596.7,0,0
46.78,0,1.93,18,0,0.147,2,693.9,0,1
23.0,0,6.26,17,0,0.981,0,1767.6,0,0
44.91,0,19.31,15,0,-0.935,3,1085.8,0,0
54.7,1,3.71,12,0,-0.691,1,885.8,0,0
124.1,0,37.36,13,0,-0.335,1,779.0,0,0
47.95,0,1.99,14,0,-0.218,0,858.6,0,0
22.71,0,34.12,21,0,0.925,2,531.4,0,0
17.06,0,16.91,18,0,-1.132,1,299.6,0,0
79.69,0,21.0,9,0,-0.024,0,1315.4,0,0
70.93,0,25.06,19,0,-0.441,1,481.8,0,0
41.63,0,7.4,13,0,1.36,1,1626.8,0,0
871.69,1,7.17,12,0,2.752,7,144.8,1,1
44.82,0,8.09,10,0,0.707,1,1101.7,0,0
92.78,0,20.8,17,0,0.191,2,816.3,0,0
217.45,0,32.1,18,0,0.775,1,1058.2,0,0
34.36,0,2.71,19,0,-1.056,1,939.4,1,0
71.92,0,3.37,12,0,1.622,1,865.6,0,0
150.59,0,4.51,19,0,-0.673,2,898.7,1,0
34.48,0,8.47,9,0,1.006,0,1323.4,0,0
65.81,1,21.78,19,0,0.441,1,1070.4,0,0
64.57,0,4.07,10,0,0.211,1,838.3,0,0
21.88,0,15.11,8,0,0.972,0,1221.0,0,0
76.96,0,20.95,16,0,0.797,0,1715.7,0,0
68.5,0,14.84,14,0,0.086,1,831.8,0,0
106.89,0,6.35,12,0,-0.337,0,644.8,0,0
24.32,0,5.46,10,0,0.098,1,1261.0,0,0
67.25,0,15.81,12,0,-0.082,2,837.2,0,0
215.83,0,24.34,15,0,0.283,3,1434.2,0,0
389.89,0,5.27,7,0,0.816,1,529.6,0,0
197.97,0,51.22,19,0,0.375,3,724.1,0,0
24.52,0,11.67,16,0,0.148,1,1960.9,0,0
97.85,0,12.62,7,0,-0.523,2,709.6,0,0
265.89,1,1.79,22,1,1.563,5,62.6,1,1
44.23,0,56.01,8,0,0.26,0,1455.0,0,0
84.89,0,23.16,18,0,-1.357,0,634.0,0,0
34.59,0,50.32,11,0,-0.638,4,1219.2,0,0
15.54,0,15.98,12,0,0.485,0,577.7,0,0
49.76,0,2.3,14,1,0.708,3,1275.3,0,0
123.25,0,1.01,14,0,-0.017,4,788.3,0,0
85.18,0,20.06,1,0,0.161,1,720.9,0,0
93.93,0,14.17,23,0,0.296,1,797.2,0,0
80.15,0,62.33,19,0,0.545,2,903.9,0,0
94.05,0,59.56,14,0,-0.161,2,978.8,0,0
104.59,0,53.53,8,0,-0.786,2,503.3,0,0
52.8,1,18.06,11,0,0.31,2,1027.4,0,0
71.55,0,19.1,3,0,1.567,0,445.9,0,0
293.47,0,9.2,17,0,-0.738,0,1359.4,0,0
75.24,0,24.18,19,0,-0.102,1,1060.8,0,0
69.14,0,14.61,13,0,-0.309,1,1059.9,0,0
72.78,0,5.89,12,0,1.931,1,1268.8,0,0
55.41,0,12.91,16,0,-0.769,2,1077.1,0,0
46.06,0,9.1,19,0,-0.128,1,1749.9,1,0
79.63,0,10.92,18,0,-0.292,0,581.8,0,0
43.39,0,2.37,19,0,-1.003,2,493.2,0,0
58.93,0,10.78,6,0,-1.047,2,1777.0,0,0
34.06,0,2.74,15,0,0.455,1,1078.9,1,0
73.1,0,13.19,15,1,0.567,0,1132.3,0,0
109.57,0,2.5,11,0,-0.448,1,556.5,0,0
55.69,0,19.05,18,0,1.127,0,1105.3,0,0
12.1,0,11.3,19,0,-1.801,0,858.6,0,0
110.15,0,22.61,19,1,-1.007,3,1210.7,0,0
73.86,0,13.44,19,0,-0.66,0,925.9,0,0
28.67,0,21.47,9,0,-0.007,0,857.0,0,0
128.67,0,6.86,9,0,-0.361,2,930.8,0,0
20.31,0,9.39,16,0,-0.161,1,679.1,0,0
162.16,0,6.35,22,0,0.388,3,748.7,0,0
63.51,0,3.18,13,0,1.166,1,1486.3,0,0
9.69,0,1.17,10,0,0.642,1,1117.1,0,0
77.6,1,20.23,11,0,0.045,1,832.8,0,1
47.22,0,4.34,9,0,-0.064,1,1113.1,0,0
41.54,0,23.01,9,1,0.881,0,1039.0,0,0
35.62,0,2.91,10,0,1.507,0,757.8,0,0
59.85,0,7.75,22,0,0.511,1,679.4,0,0
44.15,1,14.44,14,0,-0.392,1,746.9,0,0
13.76,1,8.29,12,0,0.207,1,1385.9,0,0
196.62,0,30.97,14,0,0.464,0,830.6,0,0
54.18,1,16.49,16,0,-0.444,2,1469.3,0,0
35.8,0,5.22,5,0,0.693,1,717.7,0,0
25.56,0,8.14,11,0,0.211,0,642.7,0,0
128.4,0,41.17,10,0,0.932,1,851.2,0,0
22.12,0,6.59,8,0,-0.781,1,1009.2,0,0
74.73,0,7.68,8,0,-1.393,2,931.6,0,0
40.61,0,18.5,17,0,-0.314,3,1066.1,1,0
42.67,0,54.41,16,0,0.019,1,1080.6,0,0
26.1,1,13.05,9,0,-1.441,1,1187.2,0,0
39.36,0,3.85,5,0,-0.487,1,564.7,0,0
67.19,0,188.87,11,0,1.027,1,690.0,0,0
81.45,1,3.41,9,0,0.427,1,956.4,0,0
34.2,0,21.12,1,0,0.111,0,759.3,0,0
61.73,0,5.17,19,1,-0.845,0,855.2,0,0
141.91,0,42.29,12,0,1.0,0,902.2,0,0
16.23,0,23.53,16,0,-0.334,0,811.9,0,0
66.33,0,4.66,8,0,0.076,2,753.5,0,0
29.72,0,1.04,13,0,0.326,0,618.4,0,0
27.25,0,51.8,17,0,0.137,1,824.0,0,0
83.25,0,15.01,20,1,1.193,0,738.7,0,0
41.95,0,12.2,15,0,0.46,1,1240.3,0,0
23.71,1,65.99,18,0,0.271,0,1132.9,0,0
205.54,0,37.99,9,0,-0.069,0,559.9,0,0
145.78,1,4.62,18,0,0.346,1,1654.1,0,0
12.9,0,8.56,10,0,-0.168,0,750.0,0,0
19.04,1,4.81,10,0,0.152,1,487.1,0,0
110.44,0,39.71,18,0,-0.273,2,710.3,0,0
52.35,0,41.06,13,0,-0.4,1,453.0,0,0
238.77,0,75.24,16,0,-0.733,0,481.6,0,0
112.6,1,11.41,8,0,-0.217,0,2444.3,0,0
86.02,0,6.05,10,0,-0.269,1,1216.3,0,0
27.98,0,4.75,17,0,1.464,2,536.6,0,0
101.26,0,56.38,8,0,0.794,1,403.7,0,0
22.55,0,26.33,22,1,-0.107,1,852.7,0,0
202.24,0,33.83,17,0,-0.339,2,376.3,0,0
95.47,1,31.17,10,0,0.492,0,835.9,0,0
33.08,0,7.39,16,0,1.554,1,1041.2,0,0
132.16,0,30.81,14,0,0.637,1,1075.0,0,0
448.23,1,3.36,12,0,-1.376,0,534.2,0,0
55.42,0,21.06,14,0,0.691,0,977.7,0,0
106.47,0,10.04,8,0,0.832,0,1363.0,0,1
46.2,0,30.5,18,0,1.759,1,761.5,0,0
71.7,0,3.05,17,0,-0.199,1,522.5,0,0
18.52,0,23.52,10,0,0.111,2,745.3,0,0
66.66,0,7.25,1,0,0.36,1,563.8,0,0
69.2,0,25.27,13,0,-0.611,1,2769.9,0,0
307.71,0,36.92,1,0,-0.684,1,1262.6,0,0
14.5,0,9.47,17,0,0.319,0,1147.1,0,0
52.52,0,15.72,18,0,-1.234,4,405.7,1,0
199.32,0,9.67,8,1,-1.054,3,462.9,0,0
54.3,0,8.04,10,0,0.653,1,782.8,0,0
57.65,0,3.04,15,0,0.398,0,727.0,1,0
32.84,1,13.11,12,0,1.0,0,660.9,1,0
30.18,0,51.9,19,0,0.371,2,1440.8,1,0
14.13,0,11.33,15,0,0.008,3,2195.1,0,0
39.06,0,23.09,11,0,1.031,0,661.7,0,0
28.76,0,34.14,12,0,-0.338,1,317.4,0,0
73.72,0,12.22,13,0,-0.267,0,676.4,0,0
34.14,0,43.1,13,0,-0.052,0,1410.1,0,0
44.36,0,1.16,20,0,0.36,1,1262.6,0,0
45.41,0,109.75,13,0,-0.053,3,898.8,0,0
64.01,0,10.45,16,0,-1.188,1,1142.1,0,0
42.55,0,81.34,13,0,-0.213,1,757.0,0,0
131.48,0,0.39,1,1,2.769,7,64.4,0,1
27.04,0,29.49,15,0,-0.025,0,648.9,0,0
71.73,0,6.28,13,0,0.092,2,590.4,0,0
200.47,1,0.25,3,1,2.56,1,92.5,1,1
165.23,0,15.68,6,0,-0.36,1,878.2,0,0
74.38,0,0.4,12,1,0.404,1,685.0,0,0
39.71,0,20.07,9,0,-1.288,1,542.4,0,0
60.06,0,27.1,11,0,0.333,0,952.8,0,0
11.67,0,2.91,12,0,1.434,1,721.8,0,0
59.23,0,8.98,11,1,-0.485,2,1432.8,0,0
47.45,1,18.71,13,0,0.046,0,1034.2,0,0
30.16,0,10.46,13,0,-0.198,0,1895.5,0,0
35.19,0,7.48,11,0,-0.184,1,1083.3,0,0
47.05,0,7.52,12,0,-0.823,0,845.9,0,0
155.03,0,4.04,16,0,1.593,1,1330.0,0,0
168.72,1,20.72,15,0,0.309,1,1792.5,0,0
30.3,0,15.61,13,0,-0.537,0,372.3,0,0
42.93,0,48.0,15,0,-0.628,2,1336.9,0,0
43.87,0,22.45,13,0,0.049,0,877.1,0,0
132.7,0,3.88,19,0,-1.734,1,1091.6,0,0
75.47,0,14.93,13,0,0.842,1,1859.3,0,0
72.16,1,31.76,15,0,-0.411,4,910.3,0,0
105.2,0,105.38,13,0,0.311,0,524.9,0,0
40.17,0,0.4,16,0,0.348,0,432.7,0,0
212.58,0,14.14,14,0,0.772,0,1832.2,0,0
494.93,1,0.58,23,1,3.248,3,76.2,0,1
66.59,0,7.75,9,0,0.394,0,1031.0,0,0
32.22,0,5.9,16,0,0.595,3,911.3,0,0
54.86,0,16.41,17,0,0.815,0,1734.7,0,0
190.02,0,15.02,12,0,-0.264,0,630.6,0,0
46.46,0,28.96,14,0,1.721,1,632.1,0,0
149.47,0,7.4,8,0,0.282,3,2000.7,0,0
39.19,1,4.85,18,0,-0.022,0,585.2,0,0
34.78,0,18.89,3,0,-0.673,0,479.5,0,0
116.82,0,3.36,19,0,-0.166,2,1985.8,0,0
