sme_id,month,monthly_inflow,monthly_outflow,overdraft_days_used,late_supplier_payments,inflow_volatility_3m,cash_runway_months,distressed_within_6_months
SME-000,1,40497.66,34466.89,1,0,0.0995,7.91,0
SME-000,2,45443.71,35027.66,2,1,0.0576,8.35,0
SME-000,3,37618.76,31035.76,1,0,0.0785,8.59,0
SME-000,4,39540.48,28563.2,3,1,0.0815,7.9,0
SME-000,5,44062.3,38873.98,1,0,0.0668,9.27,0
SME-000,6,36382.18,28951.73,2,1,0.0788,7.65,0
SME-000,7,37275.08,33257.08,0,0,0.0874,10.06,0
SME-000,8,45536.92,34747.23,1,0,0.1037,8.23,0
SME-000,9,39441.26,33322.69,2,1,0.0858,8.19,0
SME-000,10,42647.83,45306.44,1,1,0.0585,7.93,0
SME-000,11,38821.51,43065.05,2,1,0.0416,8.38,0
SME-000,12,42725.64,33938.36,0,0,0.044,7.79,0
SME-001,1,22836.43,21230.62,2,0,0.1658,11.72,0
SME-001,2,28788.4,26436.58,2,1,0.1153,11.28,0
SME-001,3,28490.45,22410.1,3,0,0.1025,11.67,0
SME-001,4,28276.02,25678.97,1,0,0.0074,11.02,0
SME-001,5,19576.56,15827.4,3,0,0.1632,11.75,0
SME-001,6,21697.19,18739.81,3,1,0.1598,11.62,0
SME-001,7,23800.03,18771.66,0,0,0.0795,12.87,0
SME-001,8,30196.46,24486.55,3,0,0.1433,11.09,0
SME-001,9,21186.96,14709.59,3,0,0.151,11.0,0
SME-001,10,22914.5,16670.33,1,0,0.1576,10.88,0
SME-001,11,30028.13,38226.57,0,1,0.1548,12.44,0
SME-001,12,20222.72,17639.87,1,0,0.1696,11.41,0
SME-002,1,20765.34,15914.38,2,0,0.0727,4.55,0
SME-002,2,20287.66,15261.69,0,0,0.0116,5.71,0
SME-002,3,27974.71,21220.24,0,0,0.1528,4.7,0
SME-002,4,19207.36,16048.0,0,1,0.1736,5.06,0
SME-002,5,23918.45,15161.38,4,0,0.1512,4.64,0
SME-002,6,27578.6,14678.65,2,0,0.1454,3.59,0
SME-002,7,23498.83,20938.42,1,0,0.0733,4.52,0
SME-002,8,19368.06,13475.1,3,0,0.1427,5.51,0
SME-002,9,23866.84,19090.71,2,1,0.0917,4.98,0
SME-002,10,21853.04,18214.95,0,1,0.0848,3.69,0
SME-002,11,22234.78,13990.38,5,1,0.0386,4.73,0
SME-002,12,26384.45,20556.55,2,1,0.0874,3.42,0
SME-003,1,31091.31,25603.59,2,2,0.0614,4.7,0
SME-003,2,28924.95,21128.35,0,1,0.0361,5.1,0
SME-003,3,36334.3,24723.29,3,3,0.0969,6.45,0
SME-003,4,28692.5,16784.02,2,0,0.1133,4.29,0
SME-003,5,24782.26,15213.58,1,2,0.1603,3.9,0
SME-003,6,29754.13,20917.14,1,2,0.0771,5.59,0
SME-003,7,30491.5,24173.81,1,1,0.0895,4.95,0
SME-003,8,31763.63,22888.52,0,0,0.0271,4.07,0
SME-003,9,24627.22,15336.02,1,3,0.1073,5.9,0
SME-003,10,29244.14,25593.12,2,1,0.1035,4.97,0
SME-003,11,33044.67,30221.9,1,1,0.1188,5.1,0
SME-003,12,22851.84,19003.85,0,0,0.1482,4.58,0
SME-004,1,30383.95,31216.17,1,1,0.1244,10.98,0
SME-004,2,30475.36,26304.08,1,0,0.0015,10.4,0
SME-004,3,29537.84,29469.72,2,0,0.014,9.91,0
SME-004,4,23120.19,15807.59,1,0,0.118,11.43,0
SME-004,5,33719.78,26342.29,3,0,0.1514,10.18,0
SME-004,6,33521.43,25628.23,2,3,0.1644,10.27,0
SME-004,7,25896.76,23909.99,2,0,0.1173,10.96,0
SME-004,8,30403.57,25758.18,1,0,0.1045,9.36,0
SME-004,9,27557.11,19027.88,2,1,0.0666,8.73,0
SME-004,10,26766.64,31379.29,2,1,0.0553,10.42,0
SME-004,11,28536.71,27512.22,1,0,0.0262,10.86,0
SME-004,12,36281.09,28315.83,2,0,0.1353,10.12,0
SME-005,1,57447.0,44696.3,1,0,0.111,8.69,0
SME-005,2,56040.95,56024.14,1,0,0.0124,7.88,0
SME-005,3,62563.62,53337.48,2,0,0.0478,8.73,0
SME-005,4,66306.23,60488.36,3,1,0.0688,7.77,0
SME-005,5,50768.93,39749.27,3,0,0.1106,8.74,0
SME-005,6,59095.8,47597.13,1,1,0.1081,8.48,0
SME-005,7,53279.59,47479.46,3,3,0.0641,7.75,0
SME-005,8,66788.18,73933.37,2,2,0.0926,9.34,0
SME-005,9,47955.06,35819.72,3,1,0.1415,8.02,0
SME-005,10,72235.62,58357.35,3,0,0.1669,8.63,0
SME-005,11,52284.9,46847.76,5,0,0.1839,9.14,0
SME-005,12,56816.08,49681.61,2,0,0.1413,8.11,0
SME-006,1,83602.68,61121.75,2,1,0.0952,12.85,0
SME-006,2,62966.36,40394.61,3,0,0.1408,12.87,0
SME-006,3,45918.85,35946.33,2,0,0.2401,11.92,0
SME-006,4,63521.98,50660.09,2,0,0.1422,11.6,0
SME-006,5,58364.68,40199.1,2,0,0.1321,12.79,0
SME-006,6,54379.6,30681.02,2,0,0.0637,12.99,0
SME-006,7,61441.08,62766.12,3,0,0.0498,13.22,0
SME-006,8,54390.22,39621.03,0,1,0.0586,12.28,0
SME-006,9,55130.4,43939.56,1,1,0.0555,12.1,0
SME-006,10,42280.24,28907.69,2,0,0.1164,11.96,0
SME-006,11,58043.69,50527.68,1,0,0.1322,12.41,0
SME-006,12,64059.83,49087.5,0,1,0.1676,12.41,0
SME-007,1,20564.45,15990.75,1,0,0.1515,7.81,0
SME-007,2,29114.84,23692.22,1,0,0.1721,8.56,0
SME-007,3,23923.02,20099.17,0,1,0.1434,8.74,0
SME-007,4,26566.85,17206.17,1,1,0.0799,7.29,0
SME-007,5,24059.93,21162.63,1,2,0.0489,8.15,0
SME-007,6,20585.22,20705.77,3,1,0.1033,9.0,0
SME-007,7,25936.08,22296.4,0,0,0.0942,7.33,0
SME-007,8,24008.07,17665.88,3,1,0.0941,8.32,0
SME-007,9,24411.99,16841.51,0,0,0.0335,7.6,0
SME-007,10,23559.17,18355.63,2,2,0.0145,7.72,0
SME-007,11,23232.12,16709.75,1,2,0.021,8.86,0
SME-007,12,27521.68,24485.06,1,1,0.0787,8.52,0
SME-008,1,54496.46,46616.15,0,1,0.1778,11.31,0
SME-008,2,52189.5,45150.4,2,1,0.0216,12.37,0
SME-008,3,48430.0,31307.71,3,1,0.0484,11.8,0
SME-008,4,70910.03,51615.49,3,0,0.172,12.59,0
SME-008,5,54368.18,56947.5,3,0,0.1643,13.33,0
SME-008,6,64199.19,49149.29,3,0,0.1076,11.74,0
SME-008,7,57097.97,49546.02,2,0,0.0708,10.79,0
SME-008,8,56522.17,47581.99,1,0,0.0589,11.36,0
SME-008,9,52506.04,43513.94,0,0,0.0369,11.98,0
SME-008,10,57491.15,38181.11,0,0,0.0389,11.46,0
SME-008,11,56167.13,46652.08,4,0,0.0381,12.27,0
SME-008,12,53646.87,33114.21,3,0,0.0286,11.41,0
SME-009,1,42288.86,37083.46,2,1,0.0885,11.23,0
SME-009,2,43848.1,37003.26,1,0,0.0181,11.66,0
SME-009,3,48058.07,45276.27,3,0,0.0545,10.32,0
SME-009,4,50149.41,37820.46,3,0,0.0553,11.58,0
SME-009,5,50754.28,42861.15,0,1,0.0233,12.26,0
SME-009,6,54754.55,49180.16,0,0,0.0394,11.87,0
SME-009,7,59189.8,50806.62,1,0,0.0628,11.51,0
SME-009,8,49884.77,43462.61,4,1,0.0696,10.96,0
SME-009,9,63522.19,50158.6,3,1,0.0989,11.29,0
SME-009,10,52171.07,37063.9,1,0,0.108,11.37,0
SME-009,11,50396.52,41640.14,2,1,0.105,11.12,0
SME-009,12,42998.09,37951.06,2,2,0.0819,10.58,0
SME-010,1,38111.58,36805.05,3,1,0.1191,13.98,0
SME-010,2,41529.99,39881.65,1,0,0.0429,14.27,0
SME-010,3,40793.71,36966.17,3,0,0.0366,14.71,0
SME-010,4,38015.9,27113.81,1,0,0.0377,13.77,0
SME-010,5,38898.37,36450.92,2,0,0.0295,12.76,0
SME-010,6,38748.32,25948.47,1,0,0.01,14.57,0
SME-010,7,41950.79,34367.25,0,0,0.037,13.92,0
SME-010,8,46813.32,38087.48,3,0,0.078,13.97,0
SME-010,9,36648.9,28758.37,7,0,0.0993,14.73,0
SME-010,10,41641.06,38056.72,1,0,0.0995,14.72,0
SME-010,11,38252.27,38119.32,0,0,0.0536,13.33,0
SME-010,12,43458.74,44964.69,0,1,0.0525,13.79,0
SME-011,1,30816.68,21786.22,1,0,0.105,5.78,0
SME-011,2,20977.18,16123.76,1,1,0.19,5.39,0
SME-011,3,19131.08,14526.09,5,2,0.217,6.16,0
SME-011,4,22663.16,18470.11,2,2,0.0689,6.0,0
SME-011,5,25610.5,18802.94,2,1,0.1179,5.34,0
SME-011,6,21846.74,14717.36,0,0,0.0692,5.13,0
SME-011,7,20120.73,14928.33,2,0,0.1018,4.39,0
SME-011,8,18349.05,13485.57,1,0,0.071,6.25,0
SME-011,9,20976.55,15982.34,2,0,0.0552,4.44,0
SME-011,10,19273.34,14644.69,0,0,0.0557,5.33,0
SME-011,11,23985.1,20587.16,2,1,0.091,5.6,0
SME-011,12,20800.03,18827.53,1,0,0.0919,5.34,0
SME-012,1,46860.32,50430.72,0,0,0.1216,9.03,0
SME-012,2,25431.63,21740.75,3,0,0.2964,9.87,0
SME-012,3,35218.73,26058.38,2,0,0.2444,8.91,0
SME-012,4,31780.86,28787.12,0,1,0.1316,10.22,0
SME-012,5,32046.89,30399.77,0,1,0.0473,9.15,0
SME-012,6,40895.52,31225.87,0,0,0.1213,9.9,0
SME-012,7,32746.51,26257.43,1,0,0.114,10.92,0
SME-012,8,34632.18,33395.29,0,2,0.0965,8.91,0
SME-012,9,25781.19,17062.64,0,2,0.1226,9.89,0
SME-012,10,37065.63,28841.14,1,1,0.1492,9.98,0
SME-012,11,30759.36,23305.34,3,0,0.148,9.23,0
SME-012,12,33343.2,30955.12,0,0,0.0768,10.37,0
SME-013,1,25824.17,19459.28,2,0,0.1061,8.92,0
SME-013,2,22879.13,18782.63,1,0,0.0605,8.07,0
SME-013,3,32633.63,24384.47,2,1,0.1507,8.02,0
SME-013,4,22754.09,19504.89,2,1,0.1774,8.29,0
SME-013,5,23441.05,18611.17,0,1,0.1714,7.97,0
SME-013,6,30231.95,18446.9,2,1,0.1325,8.07,0
SME-013,7,33861.68,29596.58,1,1,0.148,8.23,0
SME-013,8,28793.81,18869.69,1,1,0.0689,6.94,0
SME-013,9,27876.68,24160.62,3,0,0.0872,7.9,0
SME-013,10,21684.39,18908.51,2,1,0.1209,8.29,0
SME-013,11,20777.8,18976.58,0,1,0.1345,7.23,0
SME-013,12,26412.05,23485.6,1,0,0.1076,8.49,0
SME-014,1,19937.94,18426.62,0,2,0.1026,13.03,0
SME-014,2,19982.17,15573.2,3,1,0.0011,13.41,0
SME-014,3,18165.88,14368.67,1,0,0.0437,14.53,0
SME-014,4,20089.83,14197.99,2,0,0.0455,13.98,0
SME-014,5,14765.59,12106.85,0,0,0.1246,12.85,0
SME-014,6,22668.06,19462.03,5,1,0.1716,13.57,0
SME-014,7,19603.75,17297.93,2,0,0.1711,12.51,0
SME-014,8,19070.34,16379.29,0,1,0.0775,13.1,0
SME-014,9,23145.12,16033.96,0,0,0.0878,14.5,0
SME-014,10,20477.36,14812.22,2,0,0.0809,13.36,0
SME-014,11,17568.66,12115.32,3,0,0.1116,13.24,0
SME-014,12,25715.94,15752.39,2,0,0.1586,14.02,0
SME-015,1,53883.14,50722.98,2,0,0.1203,12.07,0
SME-015,2,56628.55,43615.87,0,0,0.0248,10.81,0
SME-015,3,52736.94,41542.69,2,0,0.03,11.34,0
SME-015,4,53657.77,36131.43,1,0,0.0306,12.99,0
SME-015,5,63082.6,48379.5,1,1,0.0828,11.49,0
SME-015,6,62649.06,49168.97,2,1,0.0727,11.31,0
SME-015,7,45268.76,38061.41,3,0,0.1456,10.74,0
SME-015,8,51804.21,47176.49,3,0,0.1346,10.91,0
SME-015,9,48300.82,47161.13,1,2,0.0551,11.26,0
SME-015,10,57689.29,38928.65,0,0,0.0736,11.37,0
SME-015,11,50854.44,37550.31,1,0,0.0758,11.89,0
SME-015,12,43429.17,37637.01,2,0,0.115,11.89,0
SME-016,1,44602.5,36181.25,0,0,0.1477,6.9,0
SME-016,2,25495.26,16634.57,4,2,0.2726,6.31,0
SME-016,3,31776.06,28877.08,0,0,0.2342,5.24,0
SME-016,4,36765.4,31376.84,3,0,0.1471,6.82,0
SME-016,5,26626.56,19013.46,3,0,0.1305,7.16,0
SME-016,6,32622.61,21034.98,1,0,0.13,5.55,0
SME-016,7,30469.61,22687.02,3,0,0.0829,6.85,0
SME-016,8,33040.18,25167.39,0,2,0.0351,6.06,0
SME-016,9,28652.81,23325.99,1,0,0.0586,6.29,0
SME-016,10,35373.01,28198.42,1,0,0.0861,6.98,0
SME-016,11,24733.33,20583.88,0,0,0.1485,6.71,0
SME-016,12,30560.5,24052.86,2,0,0.1439,6.16,0
SME-017,1,23568.38,22205.24,2,2,0.1398,11.12,0
SME-017,2,18319.08,15745.87,1,3,0.1253,10.28,0
SME-017,3,22220.8,20016.93,2,1,0.1042,10.0,0
SME-017,4,24235.69,21748.2,1,3,0.1137,10.63,0
SME-017,5,25994.58,20037.8,2,2,0.0638,10.96,0
SME-017,6,22379.59,19488.28,3,0,0.061,9.6,0
SME-017,7,22521.58,19812.07,2,1,0.0707,10.72,0
SME-017,8,21178.82,18370.49,0,3,0.0273,11.74,0
SME-017,9,19162.8,16890.8,2,0,0.0659,10.42,0
SME-017,10,23253.69,19081.89,3,1,0.0788,10.97,0
SME-017,11,23524.05,19240.53,0,0,0.0908,9.86,0
SME-017,12,20732.37,21439.27,0,0,0.0559,10.13,0
SME-018,1,31781.12,21520.45,2,0,0.0566,13.2,0
SME-018,2,55228.07,35834.48,0,2,0.2695,12.17,0
SME-018,3,40943.05,41120.06,2,2,0.2262,13.8,0
SME-018,4,38985.23,27594.76,3,0,0.1607,14.03,0
SME-018,5,32568.65,24041.73,1,0,0.0954,12.93,0
SME-018,6,36779.04,29656.65,3,1,0.0737,13.95,0
SME-018,7,32702.76,25551.04,1,0,0.0574,14.26,0
SME-018,8,42518.87,29034.85,2,1,0.1079,13.94,0
SME-018,9,35537.73,26371.57,1,0,0.1117,13.8,0
SME-018,10,50320.8,52799.46,1,1,0.1411,13.1,0
SME-018,11,34158.95,24065.12,1,0,0.1829,12.95,0
SME-018,12,58695.67,44441.11,2,2,0.2134,13.57,0
SME-019,1,17437.99,13443.63,2,0,0.117,4.88,0
SME-019,2,28273.25,20101.2,0,0,0.237,4.55,0
SME-019,3,18924.19,15787.54,1,1,0.2226,4.7,0
SME-019,4,26093.53,21824.21,2,1,0.1635,4.74,0
SME-019,5,28057.24,19255.03,1,0,0.1611,4.81,0
SME-019,6,22989.69,21598.68,5,0,0.0811,4.23,0
SME-019,7,26952.47,25924.86,4,0,0.0837,4.95,0
SME-019,8,26595.88,23316.84,2,0,0.0702,4.4,0
SME-019,9,24564.0,23679.74,2,1,0.0404,4.51,0
SME-019,10,26905.66,21611.28,1,0,0.0399,4.98,0
SME-019,11,22261.82,18925.28,1,1,0.0771,4.12,0
SME-019,12,29889.15,29319.45,1,0,0.1191,5.09,0
SME-020,1,17746.8,13993.31,4,0,0.348,2.47,1
SME-020,2,23607.57,20337.13,0,1,0.1417,1.49,1
SME-020,3,19894.06,15010.87,2,1,0.1186,1.93,1
SME-020,4,17832.97,13472.15,2,1,0.1169,2.4,1
SME-020,5,18996.77,18620.43,1,5,0.0446,0.47,1
SME-020,6,22853.75,14426.94,2,1,0.1079,2.64,1
SME-020,7,22024.85,20318.56,4,0,0.1012,1.74,1
SME-020,8,21831.12,17618.53,6,2,0.0687,0.84,1
SME-020,9,15725.49,13615.06,7,2,0.2113,1.85,1
SME-020,10,16904.39,15965.8,3,2,0.2227,1.53,1
SME-020,11,22455.41,18477.67,2,1,0.2304,1.82,1
SME-020,12,16231.16,16058.8,4,3,0.2877,1.94,1
SME-021,1,34767.51,35234.2,0,0,0.1322,12.11,0
SME-021,2,38793.71,25465.35,1,0,0.0547,12.53,0
SME-021,3,40878.04,27288.99,2,0,0.0665,12.75,0
SME-021,4,38294.26,29653.07,0,0,0.0285,12.14,0
SME-021,5,37526.74,26519.78,1,1,0.0369,12.19,0
SME-021,6,26016.58,20718.33,2,0,0.1654,11.66,0
SME-021,7,38050.84,32297.15,1,1,0.164,12.38,0
SME-021,8,41075.16,40165.67,1,1,0.1856,12.15,0
SME-021,9,37989.67,25795.37,0,0,0.0369,12.51,0
SME-021,10,55870.68,45360.85,6,0,0.1735,12.08,0
SME-021,11,35864.05,27292.89,1,1,0.2075,11.69,0
SME-021,12,30754.32,18846.67,1,0,0.2654,11.17,0
SME-022,1,37985.16,31714.82,0,3,0.0926,7.13,0
SME-022,2,32853.89,27697.72,4,1,0.0724,6.95,0
SME-022,3,27855.72,26719.64,1,1,0.1257,7.24,0
SME-022,4,33397.8,31492.12,1,0,0.0795,7.6,0
SME-022,5,38461.84,34197.64,1,0,0.1303,7.42,0
SME-022,6,36424.2,29790.41,1,0,0.0576,6.95,0
SME-022,7,36221.49,28772.84,0,0,0.0273,7.1,0
SME-022,8,38065.14,34489.53,2,2,0.0224,7.53,0
SME-022,9,40393.19,33451.41,1,1,0.0447,7.61,0
SME-022,10,32441.91,23790.37,2,0,0.0903,7.36,0
SME-022,11,39749.11,28620.4,2,0,0.0961,6.94,0
SME-022,12,39449.7,28757.67,0,0,0.0907,8.11,0
SME-023,1,35682.15,29536.92,1,0,0.0648,4.71,0
SME-023,2,38229.89,35996.38,1,0,0.0345,5.21,0
SME-023,3,43020.0,50189.09,1,3,0.078,4.62,0
SME-023,4,60067.68,58029.15,1,0,0.1989,4.9,0
SME-023,5,46440.1,33615.98,1,0,0.1477,4.43,0
SME-023,6,42031.0,37217.53,1,1,0.1551,4.63,0
SME-023,7,48193.01,46904.38,3,0,0.0569,4.4,0
SME-023,8,45417.07,41134.08,3,1,0.0557,4.44,0
SME-023,9,38860.96,36150.89,1,2,0.0886,4.28,0
SME-023,10,37855.46,41401.22,0,0,0.0824,4.86,0
SME-023,11,44760.02,36328.77,2,1,0.0752,5.15,0
SME-023,12,41557.15,31087.48,0,0,0.0682,5.52,0
SME-024,1,29200.07,22076.39,2,2,0.1132,8.79,0
SME-024,2,24585.18,22684.66,1,1,0.0858,8.47,0
SME-024,3,26782.07,20473.08,1,0,0.0702,7.03,0
SME-024,4,21126.09,23082.69,2,0,0.0963,9.32,0
SME-024,5,26264.42,24178.75,2,1,0.1033,8.96,0
SME-024,6,29643.66,29838.64,1,0,0.1364,10.13,0
SME-024,7,22747.17,18648.85,0,0,0.1074,8.23,0
SME-024,8,17161.46,14192.79,2,0,0.2202,9.43,0
SME-024,9,26207.35,25215.04,0,0,0.1691,8.75,0
SME-024,10,27082.78,24657.71,1,0,0.191,8.57,0
SME-024,11,26793.68,27148.76,1,0,0.0136,9.0,0
SME-024,12,18517.47,19246.69,0,2,0.1646,8.86,0
SME-025,1,40338.93,33374.51,0,1,0.1783,10.49,0
SME-025,2,34955.7,28107.19,2,0,0.0715,12.03,0
SME-025,3,39318.66,30902.19,3,1,0.0611,12.29,0
SME-025,4,44722.22,39385.83,2,0,0.1007,12.44,0
SME-025,5,41980.24,29230.14,0,1,0.0525,11.49,0
SME-025,6,35318.77,31190.07,2,1,0.0971,11.57,0
SME-025,7,34541.62,27703.02,1,2,0.0896,11.99,0
SME-025,8,42001.98,30473.36,1,0,0.0898,11.79,0
SME-025,9,31697.52,20117.57,0,0,0.1204,11.27,0
SME-025,10,38974.28,26948.01,4,1,0.1151,11.78,0
SME-025,11,34152.69,18741.0,1,1,0.0865,10.83,0
SME-025,12,41924.87,35989.47,1,0,0.0835,10.34,0
SME-026,1,19200.92,18126.38,2,0,0.0565,6.85,0
SME-026,2,21860.65,15940.23,3,2,0.0648,8.23,0
SME-026,3,18590.74,15447.28,2,1,0.0714,7.48,0
SME-026,4,17755.5,16043.87,2,2,0.0913,7.73,0
SME-026,5,21764.02,16677.52,0,0,0.0891,6.99,0
SME-026,6,15752.25,12740.5,1,0,0.1357,7.44,0
SME-026,7,22782.15,20323.27,2,3,0.1543,6.56,0
SME-026,8,19501.02,17606.71,0,2,0.1485,7.66,0
SME-026,9,18667.52,15171.55,1,0,0.0874,7.68,0
SME-026,10,21220.57,16072.58,1,0,0.0537,8.9,0
SME-026,11,18610.67,11786.86,1,0,0.0624,7.82,0
SME-026,12,21802.85,19039.78,3,1,0.0676,7.35,0
SME-027,1,60794.61,51804.4,3,1,0.0521,14.25,0
SME-027,2,64051.14,43916.07,0,0,0.0261,13.92,0
SME-027,3,62653.21,60712.71,0,0,0.0213,14.25,0
SME-027,4,68297.21,59144.67,1,0,0.0369,13.48,0
SME-027,5,52590.94,48179.45,4,1,0.1062,13.78,0
SME-027,6,87575.65,60519.26,2,1,0.2059,14.17,0
SME-027,7,62577.64,41394.96,0,4,0.2177,14.88,0
SME-027,8,77347.87,58790.74,2,0,0.1353,15.21,0
SME-027,9,72182.99,73308.01,3,0,0.0866,14.65,0
SME-027,10,79977.18,60428.72,4,2,0.0423,14.3,0
SME-027,11,58730.35,64757.63,3,1,0.1248,12.9,0
SME-027,12,76322.97,60847.82,2,0,0.1294,13.46,0
SME-028,1,12319.99,14402.85,3,1,0.3224,1.08,1
SME-028,2,19624.54,19144.02,3,0,0.2287,2.25,1
SME-028,3,19106.27,18345.01,3,3,0.1956,2.17,1
SME-028,4,14859.79,15338.11,6,1,0.1195,1.22,1
SME-028,5,16208.2,22873.85,1,0,0.1059,2.21,1
SME-028,6,13859.83,14641.59,1,1,0.0643,1.75,1
SME-028,7,13807.48,14213.57,3,1,0.0943,1.08,1
SME-028,8,18112.63,18690.22,4,0,0.1722,1.61,1
SME-028,9,14231.73,17589.61,3,0,0.1731,2.04,1
SME-028,10,11641.53,11613.33,9,0,0.269,1.85,1
SME-028,11,13472.75,16030.92,6,3,0.1767,1.74,1
SME-028,12,14235.86,18789.82,7,5,0.1725,0.67,1
SME-029,1,36620.29,30479.45,1,1,0.058,8.67,0
SME-029,2,32674.45,32877.83,0,0,0.0569,8.03,0
SME-029,3,33983.82,35573.43,2,1,0.0477,8.54,0
SME-029,4,26670.76,23006.54,1,2,0.1023,9.38,0
SME-029,5,37252.81,38478.04,3,0,0.1356,9.23,0
SME-029,6,31343.59,30480.98,1,0,0.1364,9.2,0
SME-029,7,38829.45,37396.77,2,0,0.09,8.68,0
SME-029,8,41144.27,37348.53,3,0,0.1127,9.23,0
SME-029,9,32261.97,31782.81,0,0,0.1006,9.46,0
SME-029,10,37801.2,30899.65,1,1,0.0988,9.08,0
SME-029,11,27585.66,23509.61,1,0,0.1283,8.93,0
SME-029,12,31031.61,23944.64,1,0,0.132,8.08,0
SME-030,1,24060.92,32062.61,3,1,0.1881,1.12,1
SME-030,2,26204.3,27634.45,3,2,0.0426,2.07,1
SME-030,3,22283.0,20998.19,2,1,0.0663,2.45,1
SME-030,4,29620.06,32580.15,2,0,0.1151,1.48,1
SME-030,5,21591.41,19338.59,4,0,0.1483,2.51,1
SME-030,6,24677.91,28236.67,2,0,0.1307,1.73,1
SME-030,7,19717.09,20115.77,2,3,0.1178,1.74,1
SME-030,8,23599.28,24846.65,3,4,0.139,2.03,1
SME-030,9,20374.61,24880.07,3,1,0.1298,2.1,1
SME-030,10,18747.04,22622.46,6,0,0.1742,0.8,1
SME-030,11,20190.41,23354.71,8,1,0.109,1.97,1
SME-030,12,14213.51,13410.54,4,5,0.2663,1.59,1
SME-031,1,52224.54,28509.36,2,0,0.0805,7.36,0
SME-031,2,71852.93,45555.97,2,0,0.1582,6.38,0
SME-031,3,66611.43,45317.51,1,0,0.1305,7.23,0
SME-031,4,54444.68,37476.45,4,2,0.1134,7.21,0
SME-031,5,67885.45,48957.78,3,0,0.0962,8.13,0
SME-031,6,56405.51,49167.09,1,1,0.0995,6.99,0
SME-031,7,49115.99,31361.76,2,3,0.1337,7.12,0
SME-031,8,51251.06,29859.57,1,0,0.0586,8.56,0
SME-031,9,52041.17,36529.05,2,0,0.0243,7.84,0
SME-031,10,57656.26,33306.17,2,0,0.0532,7.17,0
SME-031,11,54780.94,44178.65,0,2,0.0418,7.58,0
SME-031,12,46032.99,35474.88,0,1,0.0936,7.21,0
SME-032,1,23938.17,19209.44,1,0,0.1322,8.8,0
SME-032,2,30707.42,31010.59,0,0,0.1239,8.02,0
SME-032,3,26827.8,21634.62,3,0,0.1021,9.16,0
SME-032,4,27880.85,31930.27,0,1,0.0575,8.65,0
SME-032,5,28817.49,31474.73,0,1,0.0292,7.65,0
SME-032,6,30203.1,29935.85,0,0,0.0329,7.56,0
SME-032,7,22732.92,21945.78,0,0,0.1191,8.64,0
SME-032,8,25201.64,20275.39,3,1,0.1193,8.15,0
SME-032,9,30916.18,23955.06,0,2,0.1304,9.62,0
SME-032,10,29454.06,22195.89,0,1,0.085,8.47,0
SME-032,11,27283.96,25439.39,1,0,0.0511,8.64,0
SME-032,12,32143.63,33219.25,1,0,0.0671,8.15,0
SME-033,1,35324.82,31867.96,0,0,0.1342,11.31,0
SME-033,2,34214.11,29864.85,4,0,0.016,10.71,0
SME-033,3,29403.8,28431.95,3,1,0.0779,10.87,0
SME-033,4,35671.1,28250.31,1,1,0.0809,11.13,0
SME-033,5,35747.55,26626.29,0,1,0.0885,10.57,0
SME-033,6,50031.9,40267.33,0,0,0.1668,10.97,0
SME-033,7,37156.82,32990.5,1,1,0.1568,10.66,0
SME-033,8,30269.32,21802.51,1,2,0.2092,10.03,0
SME-033,9,38839.82,32956.79,1,1,0.1047,10.61,0
SME-033,10,37251.88,33616.27,0,1,0.105,10.8,0
SME-033,11,28443.7,19921.06,0,2,0.1312,11.58,0
SME-033,12,28684.72,23244.96,3,0,0.1302,11.61,0
SME-034,1,48681.85,38877.85,2,0,0.0858,4.9,0
SME-034,2,45045.3,32804.23,2,2,0.0388,3.32,0
SME-034,3,43732.61,34742.95,1,2,0.0457,3.54,0
SME-034,4,39628.15,40513.86,0,2,0.0539,4.94,0
SME-034,5,46813.05,44530.8,1,0,0.0678,4.48,0
SME-034,6,43751.99,39554.19,4,1,0.0678,3.56,0
SME-034,7,48310.11,39413.81,0,0,0.041,5.24,0
SME-034,8,37325.01,30572.22,2,0,0.1045,4.07,0
SME-034,9,44598.61,27349.28,3,1,0.1051,4.13,0
SME-034,10,32266.46,24025.36,1,0,0.133,4.12,0
SME-034,11,53865.47,50382.41,1,0,0.203,4.89,0
SME-034,12,34887.89,33847.01,2,0,0.2386,4.06,0
SME-035,1,26512.05,22309.61,0,3,0.199,6.58,1
SME-035,2,28742.09,27028.83,4,0,0.0404,4.95,1
SME-035,3,31136.23,30640.85,0,2,0.0656,3.99,1
SME-035,4,25592.18,23162.46,1,4,0.0797,4.89,1
SME-035,5,26609.63,18828.82,2,0,0.0867,5.15,1
SME-035,6,22990.35,16778.42,1,2,0.0608,4.75,1
SME-035,7,26810.99,25797.04,4,2,0.0872,5.36,1
SME-035,8,22065.5,20693.69,0,1,0.1259,3.91,1
SME-035,9,21203.75,19606.6,6,0,0.1482,4.06,1
SME-035,10,22641.05,19498.47,5,4,0.1265,3.15,1
SME-035,11,20386.04,17722.99,13,3,0.1667,2.63,1
SME-035,12,17713.55,13248.84,7,0,0.1821,3.87,1
SME-036,1,33719.29,35676.13,7,2,0.393,4.39,1
SME-036,2,42193.68,42150.74,2,0,0.1116,3.1,1
SME-036,3,36662.59,34143.12,0,1,0.0936,4.4,1
SME-036,4,35365.1,41868.83,2,3,0.0778,2.61,1
SME-036,5,26347.96,27764.7,4,1,0.1399,3.94,1
SME-036,6,34529.52,29315.71,6,3,0.1268,3.74,1
SME-036,7,31703.52,31034.94,3,1,0.1271,3.75,1
SME-036,8,29866.41,32612.88,7,2,0.089,2.34,1
SME-036,9,35258.07,37816.72,2,1,0.1121,2.6,1
SME-036,10,28574.83,24511.23,3,4,0.1479,3.1,1
SME-036,11,23754.75,28254.07,8,2,0.2483,2.97,1
SME-036,12,23109.45,28548.47,4,2,0.2192,2.45,1
SME-037,1,25869.23,17892.82,1,0,0.1617,6.9,0
SME-037,2,24618.11,19472.03,0,0,0.0248,6.66,0
SME-037,3,24014.86,20486.55,1,0,0.0311,6.51,0
SME-037,4,23196.29,19206.7,1,0,0.0243,6.03,0
SME-037,5,21672.52,17189.19,1,0,0.0423,6.26,0
SME-037,6,33168.78,25140.72,1,0,0.196,7.0,0
SME-037,7,32822.63,22166.05,2,1,0.1827,6.9,0
SME-037,8,23270.31,20061.01,1,0,0.1542,5.45,0
SME-037,9,26397.56,24299.34,0,0,0.1446,6.32,0
SME-037,10,24497.81,18128.06,7,2,0.052,6.4,0
SME-037,11,22842.49,15610.12,4,1,0.0591,6.11,0
SME-037,12,22516.91,15046.96,1,1,0.0372,7.26,0
SME-038,1,41712.41,32784.77,0,1,0.0746,6.12,0
SME-038,2,42031.93,32265.56,0,0,0.0038,5.24,0
SME-038,3,39782.42,28175.84,1,0,0.0241,6.4,0
SME-038,4,43012.54,27568.91,1,0,0.0325,6.45,0
SME-038,5,36086.42,29446.79,1,3,0.0714,5.44,0
SME-038,6,42179.53,46722.27,1,2,0.0764,6.82,0
SME-038,7,35570.69,26435.8,3,0,0.0791,5.7,0
SME-038,8,35613.37,30646.3,0,0,0.0822,6.44,0
SME-038,9,38947.02,30444.93,2,0,0.0431,5.68,0
SME-038,10,35219.23,31218.08,0,0,0.0457,6.27,0
SME-038,11,39987.07,35136.25,2,1,0.0538,6.46,0
SME-038,12,41329.65,34409.36,1,2,0.0675,5.87,0
SME-039,1,14867.67,13909.4,4,0,0.2312,3.14,1
SME-039,2,22272.36,22060.58,4,2,0.1994,2.84,1
SME-039,3,19629.28,16230.7,2,1,0.1619,4.19,1
SME-039,4,21134.26,22844.76,2,1,0.0515,3.84,1
SME-039,5,21630.49,19806.99,2,1,0.0409,2.52,1
SME-039,6,16266.4,19601.24,2,0,0.123,4.52,1
SME-039,7,17077.5,21300.94,4,3,0.1428,3.25,1
SME-039,8,17086.6,18752.11,4,1,0.0653,3.02,1
SME-039,9,16540.4,20439.72,9,3,0.0801,2.39,1
SME-039,10,22238.49,23941.37,6,2,0.2319,3.78,1
SME-039,11,12048.87,13003.21,2,1,0.3297,2.11,1
SME-039,12,16674.6,14653.95,7,3,0.3397,2.94,1
SME-040,1,22636.82,17590.46,2,0,0.2322,3.47,0
SME-040,2,27958.99,23886.67,1,0,0.1052,3.77,0
SME-040,3,27034.26,21771.43,1,1,0.0897,3.41,0
SME-040,4,19330.42,15427.36,5,0,0.1561,4.55,0
SME-040,5,21674.17,19098.65,1,1,0.1422,3.62,0
SME-040,6,21752.15,23179.03,2,1,0.0537,4.01,0
SME-040,7,26981.75,26098.18,2,1,0.1265,4.47,0
SME-040,8,21203.98,16593.32,5,3,0.1412,4.71,0
SME-040,9,23764.79,20551.12,6,2,0.1614,3.35,0
SME-040,10,28328.66,21374.13,11,1,0.1875,2.67,0
SME-040,11,23954.96,29274.63,6,3,0.1963,2.74,0
SME-040,12,24848.68,28453.3,6,2,0.1808,2.45,0
SME-041,1,48474.43,36657.01,1,1,0.1308,10.11,0
SME-041,2,41131.35,35046.53,3,2,0.0819,10.02,0
SME-041,3,41742.51,27832.37,2,3,0.076,9.24,0
SME-041,4,37197.31,31317.56,4,0,0.0503,9.82,0
SME-041,5,40196.14,30972.59,4,0,0.0475,9.81,0
SME-041,6,40021.16,34939.21,1,1,0.0351,10.12,0
SME-041,7,44794.29,38289.19,1,1,0.053,9.55,0
SME-041,8,36338.92,29140.61,2,1,0.0857,9.79,0
SME-041,9,38816.36,29876.68,4,1,0.0888,10.52,0
SME-041,10,44761.7,35451.56,2,1,0.0884,9.67,0
SME-041,11,44102.5,45475.45,0,0,0.0625,9.26,0
SME-041,12,42868.62,27217.43,2,0,0.0179,10.22,0
SME-042,1,42977.58,24274.07,3,0,0.0767,4.67,0
SME-042,2,41623.72,28519.79,1,0,0.016,4.64,0
SME-042,3,34791.48,24309.44,0,2,0.09,4.98,0
SME-042,4,44410.77,32327.84,0,1,0.1003,4.6,0
SME-042,5,40489.44,30309.07,1,2,0.099,5.19,0
SME-042,6,37773.85,43166.58,3,0,0.0666,6.12,0
SME-042,7,37932.39,23260.88,0,0,0.0321,5.23,0
SME-042,8,34282.44,23840.07,0,0,0.0459,5.76,0
SME-042,9,44674.92,35626.78,2,2,0.1105,4.4,0
SME-042,10,33404.03,24936.83,3,1,0.1367,4.61,0
SME-042,11,33186.6,23565.99,0,0,0.1447,3.87,0
SME-042,12,34538.63,30131.86,0,0,0.0176,6.32,0
SME-043,1,32467.99,37665.37,1,0,0.1683,5.01,0
SME-043,2,42990.08,34941.62,1,1,0.1394,5.12,0
SME-043,3,27211.28,26111.87,2,0,0.1917,6.05,0
SME-043,4,42064.87,36302.04,3,1,0.1932,6.32,0
SME-043,5,42582.7,40553.52,3,1,0.1911,5.18,0
SME-043,6,38120.29,35956.15,3,1,0.0487,6.34,0
SME-043,7,42700.93,41266.7,0,0,0.0518,5.52,0
SME-043,8,39323.61,35496.94,0,1,0.0484,4.99,0
SME-043,9,32356.99,29885.43,3,0,0.113,5.42,0
SME-043,10,33832.96,32239.97,2,0,0.0852,6.18,0
SME-043,11,44419.31,38214.87,3,0,0.1457,5.19,0
SME-043,12,33624.36,27473.33,1,0,0.1352,4.86,0
SME-044,1,23550.14,19465.25,1,0,0.0754,12.01,0
SME-044,2,17423.3,14455.98,1,1,0.1495,10.86,0
SME-044,3,24411.2,19341.64,2,0,0.1427,11.28,0
SME-044,4,26481.58,19348.9,2,0,0.1702,11.84,0
SME-044,5,22469.68,15773.89,2,0,0.067,11.42,0
SME-044,6,17820.86,13972.38,1,0,0.159,11.37,0
SME-044,7,24761.31,18551.04,1,1,0.1332,10.84,0
SME-044,8,25211.93,15885.31,0,0,0.1497,10.99,0
SME-044,9,28777.86,22961.16,2,1,0.0684,11.8,0
SME-044,10,26953.79,18339.96,0,0,0.054,11.25,0
SME-044,11,24006.27,14171.58,1,0,0.074,10.93,0
SME-044,12,26140.39,17703.95,3,0,0.0484,11.28,0
SME-045,1,20674.33,14282.73,1,0,0.1047,12.04,0
SME-045,2,20008.68,11220.02,1,0,0.0164,12.17,0
SME-045,3,24112.22,14585.91,2,2,0.0833,12.17,0
SME-045,4,20358.87,12660.58,2,0,0.0864,12.64,0
SME-045,5,20622.81,14531.21,2,0,0.0788,12.95,0
SME-045,6,18710.78,12209.6,2,0,0.0425,11.69,0
SME-045,7,18216.63,13202.67,1,0,0.0541,12.2,0
SME-045,8,25983.57,17767.6,2,0,0.1693,12.17,0
SME-045,9,24146.92,16083.85,1,0,0.1455,12.42,0
SME-045,10,22897.92,19647.11,3,0,0.0521,12.65,0
SME-045,11,22276.89,13743.84,2,0,0.0337,12.54,0
SME-045,12,22932.91,21019.05,0,0,0.0133,12.69,0
SME-046,1,22150.5,15504.06,1,1,0.1774,7.52,0
SME-046,2,22287.04,16077.84,2,2,0.0031,6.6,0
SME-046,3,20541.68,16669.55,2,1,0.0366,7.04,0
SME-046,4,22228.57,16932.92,2,1,0.0373,7.24,0
SME-046,5,20248.76,17035.15,5,2,0.0415,6.4,0
SME-046,6,28224.48,19684.14,0,0,0.1439,7.72,0
SME-046,7,19620.5,14211.01,1,3,0.1725,6.47,0
SME-046,8,18078.7,16292.12,0,0,0.2031,6.36,0
SME-046,9,27862.52,24116.65,2,0,0.1965,6.66,0
SME-046,10,26607.04,19240.3,1,2,0.1797,5.79,0
SME-046,11,19205.33,15785.08,1,0,0.1555,6.1,0
SME-046,12,21541.84,17432.15,0,0,0.1376,7.25,0
SME-047,1,42312.33,28973.67,3,0,0.0501,4.99,0
SME-047,2,35108.4,28710.44,0,0,0.093,5.84,0
SME-047,3,47836.44,37160.33,0,1,0.1248,5.63,0
SME-047,4,42265.06,39994.45,0,1,0.1248,6.44,0
SME-047,5,33710.65,27831.45,1,0,0.1408,6.28,0
SME-047,6,40867.12,21598.36,0,0,0.0962,6.25,0
SME-047,7,39623.78,36875.38,2,0,0.082,6.58,0
SME-047,8,42290.16,29016.01,1,1,0.0266,6.45,0
SME-047,9,41042.71,36606.9,3,0,0.0266,5.75,0
SME-047,10,45267.24,41643.55,1,0,0.0413,6.21,0
SME-047,11,44691.71,37905.18,2,0,0.0428,6.42,0
SME-047,12,40446.12,30708.43,2,1,0.0495,5.38,0
SME-048,1,17249.16,15045.66,3,1,0.273,3.78,1
SME-048,2,19114.54,19715.56,2,0,0.0513,3.42,1
SME-048,3,16384.54,12361.33,2,1,0.0648,2.07,1
SME-048,4,16360.3,14406.2,2,2,0.0748,3.34,1
SME-048,5,18779.69,15964.84,3,2,0.0661,3.76,1
SME-048,6,16769.18,15759.23,1,0,0.0611,3.61,1
SME-048,7,16744.63,21497.98,6,2,0.0758,3.77,1
SME-048,8,18800.79,20093.48,5,0,0.1043,2.98,1
SME-048,9,14081.27,13574.78,8,1,0.1855,3.63,1
SME-048,10,13283.29,13659.61,5,4,0.2381,3.99,1
SME-048,11,16119.62,16715.36,1,2,0.1698,3.16,1
SME-048,12,15680.27,14101.67,4,3,0.1944,3.31,1
SME-049,1,47570.59,39870.22,1,1,0.0862,3.65,0
SME-049,2,37791.81,35476.83,2,1,0.1146,4.33,0
SME-049,3,54407.32,40889.81,2,0,0.1464,5.12,0
SME-049,4,57149.99,50534.69,2,1,0.1718,2.77,0
SME-049,5,46026.35,42119.36,1,0,0.0901,3.51,0
SME-049,6,47793.16,40588.72,2,0,0.097,4.27,0
SME-049,7,38820.35,28035.76,1,1,0.0878,2.52,0
SME-049,8,53490.95,44736.36,3,2,0.1293,4.25,0
SME-049,9,52084.09,43989.87,1,0,0.1373,5.32,0
SME-049,10,44355.48,35052.36,3,1,0.0804,2.94,0
SME-049,11,62815.86,52214.11,0,1,0.1426,3.86,0
SME-049,12,59302.19,46766.56,4,0,0.1442,3.51,0
SME-050,1,16575.19,11923.87,2,0,0.0808,5.73,0
SME-050,2,14814.94,11838.28,0,0,0.0561,6.77,0
SME-050,3,20064.93,16825.03,1,0,0.1272,7.4,0
SME-050,4,14353.7,12784.68,1,3,0.1578,6.61,0
SME-050,5,20165.4,19636.19,1,0,0.1493,6.09,0
SME-050,6,24833.0,23012.96,2,1,0.2167,6.03,0
SME-050,7,20944.24,20566.68,1,1,0.0929,5.93,0
SME-050,8,17667.32,17065.87,3,0,0.1385,6.59,0
SME-050,9,14958.42,12006.14,0,0,0.1371,6.23,0
SME-050,10,20020.13,21322.4,4,1,0.1179,6.96,0
SME-050,11,20503.52,16735.77,0,0,0.1356,5.85,0
SME-050,12,19702.65,18840.01,1,1,0.0164,6.25,0
SME-051,1,41135.31,26985.19,2,0,0.0911,6.33,0
SME-051,2,46460.03,38739.34,1,1,0.0608,5.14,0
SME-051,3,41538.33,26109.98,0,0,0.0562,5.71,0
SME-051,4,37249.56,27719.55,3,0,0.0901,5.49,0
SME-051,5,45098.78,39673.34,3,0,0.0777,5.55,0
SME-051,6,29760.01,24592.96,0,1,0.1676,5.65,0
SME-051,7,37424.73,26591.91,3,0,0.1673,5.41,0
SME-051,8,32877.08,28437.01,4,1,0.0944,5.83,0
SME-051,9,41185.31,25762.62,2,0,0.0914,5.66,0
SME-051,10,37390.86,31719.27,3,2,0.0914,5.94,0
SME-051,11,40351.58,27847.15,1,1,0.0411,5.64,0
SME-051,12,32071.76,20206.83,3,0,0.0936,4.73,0
SME-052,1,60754.07,38502.8,1,1,0.0796,3.83,0
SME-052,2,61473.95,32801.66,2,0,0.0059,5.04,0
SME-052,3,73198.85,62189.76,0,0,0.0876,3.59,0
SME-052,4,72104.93,48055.11,2,0,0.0767,4.61,0
SME-052,5,50660.3,28693.09,1,0,0.1589,3.82,0
SME-052,6,65227.15,53892.01,0,0,0.1427,5.0,0
SME-052,7,58909.13,43228.63,2,0,0.1024,4.42,0
SME-052,8,56346.26,45353.93,1,0,0.062,4.6,0
SME-052,9,48502.79,39460.33,1,3,0.0811,5.08,0
SME-052,10,65612.23,50419.49,1,0,0.1231,3.86,0
SME-052,11,59673.92,44151.45,0,1,0.1224,3.86,0
SME-052,12,58882.44,36232.62,3,0,0.0489,4.68,0
SME-053,1,28808.98,19304.93,1,0,0.1229,5.04,0
SME-053,2,29650.04,24563.73,3,1,0.0144,5.46,0
SME-053,3,41858.24,33433.26,1,0,0.1783,5.38,0
SME-053,4,34047.39,21371.15,2,0,0.1435,5.29,0
SME-053,5,40286.81,30958.24,1,2,0.0871,4.73,0
SME-053,6,31769.92,24857.06,2,1,0.1018,4.76,0
SME-053,7,38661.26,23524.1,6,1,0.1,5.39,0
SME-053,8,29405.79,20257.44,3,0,0.118,5.91,0
SME-053,9,34073.84,22757.91,1,0,0.111,5.58,0
SME-053,10,45432.59,36907.0,3,0,0.1854,6.19,0
SME-053,11,40401.72,24409.71,2,2,0.1163,4.43,0
SME-053,12,34323.67,27517.45,1,1,0.1134,5.08,0
SME-054,1,30036.39,32220.85,1,0,0.2484,3.09,1
SME-054,2,24637.45,23420.89,4,0,0.0987,2.21,1
SME-054,3,27782.32,32293.79,3,0,0.0806,3.61,1
SME-054,4,29815.27,34084.93,1,2,0.0777,3.16,1
SME-054,5,26524.9,27294.78,5,2,0.0483,3.13,1
SME-054,6,23763.65,24718.02,5,1,0.0926,3.53,1
SME-054,7,22714.47,24257.45,3,2,0.0871,1.99,1
SME-054,8,26814.2,32861.27,7,1,0.1162,2.3,1
SME-054,9,22786.4,20042.75,4,0,0.1221,2.11,1
SME-054,10,24441.46,29085.25,4,2,0.1588,2.37,1
SME-054,11,21006.13,23839.16,11,3,0.158,2.27,1
SME-054,12,24470.32,33682.44,6,4,0.2071,2.22,1
SME-055,1,35998.1,30035.74,1,2,0.1391,4.7,0
SME-055,2,31479.4,23644.27,0,1,0.067,4.91,0
SME-055,3,41583.82,29469.92,3,0,0.1137,5.11,0
SME-055,4,31843.95,23983.7,2,0,0.1338,5.69,0
SME-055,5,39906.47,31342.63,1,1,0.1125,5.62,0
SME-055,6,46382.2,36496.05,1,0,0.151,5.13,0
SME-055,7,41681.28,30431.93,2,0,0.0641,4.27,0
SME-055,8,44035.58,40114.46,0,1,0.0436,4.12,0
SME-055,9,40222.87,36980.85,1,0,0.0374,4.18,0
SME-055,10,43471.74,35517.91,1,2,0.0395,5.29,0
SME-055,11,39972.6,33095.88,2,1,0.0387,4.65,0
SME-055,12,35871.91,28906.01,2,0,0.0781,5.38,0
SME-056,1,17246.34,16496.47,0,2,0.0874,8.2,1
SME-056,2,18564.79,16047.1,2,0,0.0368,7.95,1
SME-056,3,23564.51,17984.46,0,0,0.1375,8.51,1
SME-056,4,21377.86,19351.92,2,0,0.0967,9.19,1
SME-056,5,18504.7,13041.59,2,0,0.098,8.07,1
SME-056,6,26132.91,19727.92,1,0,0.1429,9.25,1
SME-056,7,22297.96,21216.83,1,1,0.1396,8.01,1
SME-056,8,21871.19,20581.14,2,2,0.0818,8.34,1
SME-056,9,21216.82,15956.13,2,1,0.0204,8.25,1
SME-056,10,20479.39,20735.43,2,0,0.0268,8.01,1
SME-056,11,18467.48,15300.15,1,1,0.0579,8.74,1
SME-056,12,18784.1,17222.17,1,0,0.0459,7.32,1
SME-057,1,23072.25,17004.21,3,1,0.1425,5.78,0
SME-057,2,22730.79,18480.45,0,1,0.0075,7.07,0
SME-057,3,21590.67,19996.15,0,2,0.0282,5.85,0
SME-057,4,26423.19,23153.54,1,0,0.0875,6.96,0
SME-057,5,24641.47,21461.8,4,1,0.0824,6.83,0
SME-057,6,26973.18,19930.1,3,0,0.0383,6.07,0
SME-057,7,27415.83,22966.31,0,0,0.0462,6.53,0
SME-057,8,25368.15,22307.39,0,0,0.0331,5.89,0
SME-057,9,31124.14,35822.08,2,1,0.0852,5.96,0
SME-057,10,24364.01,21295.36,3,1,0.1105,6.85,0
SME-057,11,23198.44,17893.95,0,0,0.1332,6.9,0
SME-057,12,30594.18,23013.91,0,1,0.1246,7.06,0
SME-058,1,38764.72,35764.52,1,2,0.1346,12.63,0
SME-058,2,43087.38,44547.72,3,1,0.0528,12.94,0
SME-058,3,36320.78,35702.42,0,3,0.071,12.76,0
SME-058,4,33524.45,29616.53,0,1,0.1066,13.18,0
SME-058,5,26857.58,22300.95,0,3,0.1231,13.19,0
SME-058,6,44487.04,30813.66,2,1,0.2079,13.06,0
SME-058,7,39955.75,36734.19,3,2,0.2015,11.98,0
SME-058,8,30211.41,21962.39,4,1,0.1558,11.74,0
SME-058,9,32464.21,28596.76,3,0,0.1218,13.37,0
SME-058,10,33558.33,30681.67,3,0,0.0434,12.83,0
SME-058,11,32593.22,27577.38,3,0,0.0149,12.52,0
SME-058,12,44345.39,37289.41,3,0,0.1446,13.15,0
SME-059,1,32454.2,27033.03,1,1,0.1529,8.24,0
SME-059,2,25523.77,22536.17,0,0,0.1195,8.71,0
SME-059,3,27395.42,23809.24,3,0,0.1029,9.46,0
SME-059,4,38033.17,24425.17,0,0,0.1817,9.0,0
SME-059,5,30682.92,24992.12,2,1,0.1388,9.36,0
SME-059,6,20887.44,15060.79,2,0,0.2351,10.01,0
SME-059,7,26696.89,19734.58,0,0,0.1542,9.62,0
SME-059,8,20680.08,18237.42,0,1,0.1226,9.61,0
SME-059,9,28545.94,24383.13,2,0,0.1327,9.47,0
SME-059,10,27773.13,24441.49,4,1,0.1379,10.58,0
SME-059,11,28729.11,20585.5,1,0,0.0146,8.99,0
SME-059,12,33444.67,25417.92,2,0,0.0827,9.86,0
SME-060,1,106077.93,81521.77,2,0,0.0843,6.69,0
SME-060,2,113112.8,99614.18,1,3,0.0321,7.34,0
SME-060,3,76834.06,66505.96,1,1,0.1592,6.95,0
SME-060,4,82674.62,57755.5,2,1,0.175,6.64,0
SME-060,5,81612.49,59695.6,2,0,0.0316,7.15,0
SME-060,6,83335.82,71106.92,2,1,0.0086,6.81,0
SME-060,7,85808.33,56479.14,1,0,0.0206,6.51,0
SME-060,8,81883.23,59190.65,2,0,0.0194,5.64,0
SME-060,9,100525.01,75680.84,2,1,0.0898,6.99,0
SME-060,10,108005.74,97388.64,2,0,0.1135,7.28,0
SME-060,11,102609.98,91593.74,4,1,0.0304,7.39,0
SME-060,12,104531.61,76222.0,0,1,0.0213,6.39,0
SME-061,1,27046.7,23513.55,1,1,0.1518,13.15,0
SME-061,2,19006.37,14967.38,4,3,0.1746,13.63,0
SME-061,3,23119.55,19129.8,1,0,0.1424,12.4,0
SME-061,4,24076.5,20554.13,2,0,0.0997,12.79,0
SME-061,5,20537.8,16804.81,2,0,0.0662,13.49,0
SME-061,6,19717.6,16887.43,2,0,0.0882,12.65,0
SME-061,7,22097.87,18463.57,4,0,0.0475,12.41,0
SME-061,8,25896.35,30511.77,1,0,0.1127,12.48,0
SME-061,9,23114.98,21119.06,0,0,0.0677,12.16,0
SME-061,10,19705.43,16730.4,1,1,0.1105,12.68,0
SME-061,11,22211.72,15159.18,0,1,0.0665,13.22,0
SME-061,12,15796.8,14876.06,0,0,0.1372,14.31,0
SME-062,1,10552.68,11060.9,2,2,0.1695,2.04,1
SME-062,2,12427.65,13245.94,2,1,0.0816,3.65,1
SME-062,3,10568.58,11598.65,1,1,0.0787,2.59,1
SME-062,4,9185.27,9234.98,1,0,0.1238,2.7,1
SME-062,5,10970.94,8755.2,3,0,0.0747,1.64,1
SME-062,6,11310.68,12512.87,2,0,0.0889,3.7,1
SME-062,7,7985.14,8952.42,6,1,0.169,1.77,1
SME-062,8,10562.0,11732.9,8,3,0.1808,2.61,1
SME-062,9,10455.31,8982.88,4,3,0.1788,2.86,1
SME-062,10,8821.61,8591.31,5,2,0.1675,1.58,1
SME-062,11,8343.08,10582.67,4,1,0.2226,2.27,1
SME-062,12,9201.71,11470.61,5,1,0.1392,0.73,1
SME-063,1,66548.13,39968.51,1,0,0.1064,7.77,0
SME-063,2,83137.12,70836.56,3,0,0.1108,8.24,0
SME-063,3,79573.78,70332.61,3,1,0.0933,8.21,0
SME-063,4,95162.46,77245.08,2,0,0.0776,8.13,0
SME-063,5,71762.03,54715.91,0,1,0.1184,9.32,0
SME-063,6,62038.41,42388.81,0,0,0.1821,9.62,0
SME-063,7,85789.87,75168.18,0,0,0.1332,7.72,0
SME-063,8,83188.18,69029.93,1,1,0.1381,8.62,0
SME-063,9,84481.05,55401.67,3,3,0.0126,9.6,0
SME-063,10,74117.37,65010.88,2,1,0.0572,8.17,0
SME-063,11,66650.34,45257.66,2,1,0.0974,7.95,0
SME-063,12,85629.42,69333.52,2,1,0.1034,8.89,0
SME-064,1,11025.72,8449.34,2,0,0.0643,12.84,0
SME-064,2,12824.18,10246.13,2,0,0.0754,11.58,0
SME-064,3,13537.48,12159.28,4,2,0.0848,12.53,0
SME-064,4,13396.88,10483.7,1,0,0.0233,12.11,0
SME-064,5,12858.54,10400.78,1,1,0.0221,12.62,0
SME-064,6,11364.92,10711.22,1,1,0.0685,12.59,0
SME-064,7,13082.21,12040.75,1,0,0.0613,12.49,0
SME-064,8,14262.76,10482.7,3,1,0.0922,12.67,0
SME-064,9,13696.17,10858.87,1,0,0.0352,12.66,0
SME-064,10,16116.85,12671.47,3,1,0.0704,12.36,0
SME-064,11,16740.65,13267.71,1,2,0.0846,12.38,0
SME-064,12,18407.29,15076.72,3,0,0.0566,13.16,0
SME-065,1,22360.82,21206.54,1,0,0.0944,10.28,0
SME-065,2,25691.92,26355.8,0,0,0.0693,11.11,0
SME-065,3,18213.42,17397.42,2,0,0.1385,11.81,0
SME-065,4,27733.46,19177.01,3,0,0.1714,10.2,0
SME-065,5,28752.85,22960.51,2,0,0.1906,10.97,0
SME-065,6,22373.02,17464.56,2,1,0.1065,11.77,0
SME-065,7,21882.65,19046.4,2,3,0.1286,11.6,0
SME-065,8,19758.26,18940.81,0,0,0.0532,11.07,0
SME-065,9,26132.53,28911.36,2,4,0.1173,10.63,0
SME-065,10,25161.6,30655.31,1,1,0.1184,11.7,0
SME-065,11,24759.28,21523.27,1,1,0.0227,10.16,0
SME-065,12,28844.66,25927.39,1,1,0.07,10.37,0
SME-066,1,55114.77,50625.12,3,0,0.0733,5.93,0
SME-066,2,61005.16,61414.71,0,0,0.0507,6.5,0
SME-066,3,53087.96,46767.27,0,0,0.0595,6.43,0
SME-066,4,47826.24,37471.81,1,0,0.1004,5.24,0
SME-066,5,56027.72,45405.54,1,1,0.0649,5.45,0
SME-066,6,52118.3,41067.39,2,1,0.0644,4.66,0
SME-066,7,51061.15,47118.54,2,1,0.0403,5.35,0
SME-066,8,64824.76,48847.63,3,0,0.1117,4.72,0
SME-066,9,53666.9,52054.74,2,0,0.1056,6.45,0
SME-066,10,55610.76,43257.41,4,0,0.0839,5.43,0
SME-066,11,54769.32,51888.97,2,1,0.0146,4.86,0
SME-066,12,65501.08,55682.03,0,0,0.0831,5.37,0
SME-067,1,72508.92,61682.29,0,0,0.1452,5.69,0
SME-067,2,74009.37,56686.65,1,1,0.0102,5.35,0
SME-067,3,76367.09,65095.59,1,0,0.0214,5.59,0
SME-067,4,56695.81,44586.9,3,1,0.1271,6.01,0
SME-067,5,62904.78,41996.54,1,0,0.1257,6.4,0
SME-067,6,68735.69,54840.21,0,1,0.0783,5.12,0
SME-067,7,61807.65,37174.28,0,0,0.0472,5.48,0
SME-067,8,56716.56,42154.41,3,0,0.0789,5.18,0
SME-067,9,55870.1,48839.87,1,1,0.0451,4.51,0
SME-067,10,61868.0,53165.8,2,1,0.0456,6.02,0
SME-067,11,63658.79,55403.4,1,0,0.0551,5.82,0
SME-067,12,56794.55,40498.44,4,0,0.0478,5.83,0
SME-068,1,42693.59,36408.25,2,0,0.1086,7.46,0
SME-068,2,37645.31,30177.56,1,1,0.0628,8.11,0
SME-068,3,33418.28,27019.91,2,0,0.1,9.33,0
SME-068,4,36899.19,30539.61,4,0,0.0512,8.61,0
SME-068,5,38521.74,29603.29,0,0,0.0587,8.62,0
SME-068,6,36797.36,29997.66,3,2,0.0211,8.2,0
SME-068,7,37221.23,26665.46,2,0,0.0196,8.5,0
SME-068,8,38791.69,34607.26,0,1,0.0228,7.68,0
SME-068,9,36830.33,31229.33,1,1,0.0225,8.91,0
SME-068,10,35812.28,29916.28,1,0,0.0333,9.42,0
SME-068,11,35995.3,28108.48,1,1,0.0122,9.24,0
SME-068,12,37565.21,33739.48,3,0,0.0216,9.1,0
SME-069,1,29407.08,28468.71,0,1,0.0995,11.84,0
SME-069,2,26834.17,20871.04,2,1,0.0457,11.17,0
SME-069,3,31300.77,24024.56,0,1,0.0627,11.03,0
SME-069,4,27351.34,18429.61,3,1,0.07,11.53,0
SME-069,5,28179.58,20823.42,1,0,0.0588,10.8,0
SME-069,6,29539.83,20809.41,0,3,0.0318,11.46,0
SME-069,7,35331.63,26627.12,0,1,0.1,12.31,0
SME-069,8,41036.65,23458.33,2,0,0.133,11.68,0
SME-069,9,28689.52,20343.13,4,1,0.1441,12.57,0
SME-069,10,27566.47,23286.9,4,0,0.1882,10.28,0
SME-069,11,32687.71,22695.38,0,0,0.0741,11.09,0
SME-069,12,30992.58,21145.66,1,0,0.07,11.07,0
SME-070,1,39335.84,28510.53,1,0,0.1385,9.37,0
SME-070,2,29403.42,27506.39,0,0,0.1445,9.41,0
SME-070,3,31659.2,24491.44,3,1,0.127,10.47,0
SME-070,4,36100.27,28594.74,0,0,0.0859,8.36,0
SME-070,5,36040.9,29849.51,2,0,0.0601,9.45,0
SME-070,6,25468.82,23244.98,4,1,0.1536,9.21,0
SME-070,7,37957.42,34350.56,1,1,0.1656,9.43,0
SME-070,8,34010.65,28404.32,1,0,0.1605,9.9,0
SME-070,9,28953.54,21279.46,1,1,0.1095,9.47,0
SME-070,10,37440.72,30491.37,1,0,0.1042,10.61,0
SME-070,11,25367.23,22937.77,2,1,0.1655,9.21,0
SME-070,12,30446.16,22308.41,1,1,0.1592,10.48,0
SME-071,1,26063.07,20074.7,2,1,0.1682,7.37,0
SME-071,2,41808.29,33279.97,2,1,0.232,7.58,0
SME-071,3,34806.0,31311.66,4,1,0.1882,7.67,0
SME-071,4,27486.95,23502.29,0,0,0.1685,7.62,0
SME-071,5,32554.94,25094.43,4,2,0.0968,7.43,0
SME-071,6,26342.13,21252.12,3,0,0.0938,7.84,0
SME-071,7,29707.53,29109.26,0,1,0.086,8.06,0
SME-071,8,31684.1,25283.84,0,1,0.0754,5.96,0
SME-071,9,38179.84,36730.89,0,0,0.109,8.69,0
SME-071,10,31871.58,22652.67,1,0,0.089,8.55,0
SME-071,11,43715.34,38427.45,1,3,0.1276,7.33,0
SME-071,12,32613.66,22767.06,2,0,0.1502,7.57,0
SME-072,1,14412.27,13515.65,3,0,0.2788,2.88,1
SME-072,2,14158.27,11563.56,5,1,0.0089,2.84,1
SME-072,3,12175.55,9940.64,2,4,0.0736,2.81,1
SME-072,4,14517.18,17741.22,1,0,0.0756,3.96,1
SME-072,5,11470.57,9582.21,3,1,0.1024,2.68,1
SME-072,6,16682.33,15362.8,1,0,0.1503,2.37,1
SME-072,7,11544.97,11977.38,4,3,0.2053,1.54,1
SME-072,8,14387.85,14010.46,7,2,0.1901,2.33,1
SME-072,9,12219.66,11531.78,3,2,0.1471,1.77,1
SME-072,10,15015.63,15309.71,11,5,0.1739,1.55,1
SME-072,11,13658.82,13054.49,5,3,0.1636,2.15,1
SME-072,12,13772.1,11516.09,3,2,0.1554,2.14,1
SME-073,1,29192.85,24253.83,2,0,0.1743,11.98,0
SME-073,2,35499.24,33926.19,1,0,0.0975,11.86,0
SME-073,3,36449.77,30117.92,4,1,0.0955,12.03,0
SME-073,4,33842.7,21396.4,0,0,0.0305,12.04,0
SME-073,5,31208.64,27871.35,0,0,0.0632,12.25,0
SME-073,6,36863.26,32125.94,0,0,0.068,10.97,0
SME-073,7,41522.96,31724.65,2,1,0.1154,11.82,0
SME-073,8,35936.47,31005.41,3,1,0.0641,11.76,0
SME-073,9,29006.57,27358.81,2,0,0.1443,12.14,0
SME-073,10,34210.59,31721.71,3,1,0.0891,12.42,0
SME-073,11,28639.63,20676.93,3,0,0.0831,11.24,0
SME-073,12,28627.65,22957.82,3,0,0.0862,11.86,0
SME-074,1,22708.01,21525.95,2,1,0.3892,5.24,1
SME-074,2,17883.78,18266.27,2,1,0.1188,5.1,1
SME-074,3,22565.82,22961.78,1,1,0.1065,5.21,1
SME-074,4,20438.85,20718.31,3,3,0.0943,4.63,1
SME-074,5,23841.0,24790.73,5,1,0.063,5.2,1
SME-074,6,27014.35,31906.36,4,2,0.113,5.14,1
SME-074,7,22637.07,24896.86,2,0,0.0897,4.77,1
SME-074,8,25086.71,32332.21,3,1,0.1029,4.51,1
SME-074,9,19857.84,23915.75,2,5,0.1621,5.01,1
SME-074,10,18491.33,18509.53,6,1,0.2141,3.79,1
SME-074,11,18292.99,18010.24,1,4,0.1128,3.74,1
SME-074,12,17516.01,22470.47,4,6,0.1732,2.96,1
SME-075,1,53670.12,45984.96,0,0,0.1641,6.29,1
SME-075,2,29896.31,23181.67,0,1,0.2845,6.56,1
SME-075,3,38682.49,30548.96,2,0,0.2409,5.89,1
SME-075,4,52456.39,42686.03,1,2,0.2301,5.83,1
SME-075,5,44848.12,41847.87,2,0,0.1243,7.09,1
SME-075,6,44327.71,42089.18,4,0,0.0787,5.92,1
SME-075,7,37410.36,38109.95,0,2,0.0803,5.2,1
SME-075,8,44778.61,37878.07,1,1,0.08,5.59,1
SME-075,9,40387.57,37538.8,1,0,0.0741,5.93,1
SME-075,10,41780.23,37382.13,2,0,0.0433,6.04,1
SME-075,11,39022.29,35989.37,3,2,0.0279,6.07,1
SME-075,12,42534.68,35607.27,2,0,0.0367,5.91,1
SME-076,1,17831.02,19227.22,1,1,0.1308,12.52,0
SME-076,2,21019.22,18365.73,1,0,0.0821,13.42,0
SME-076,3,12846.37,11064.28,0,0,0.1952,12.85,0
SME-076,4,14421.87,13248.59,0,0,0.22,13.19,0
SME-076,5,14117.3,13737.78,2,1,0.0495,12.59,0
SME-076,6,12826.04,11917.85,3,0,0.0502,12.23,0
SME-076,7,17623.64,16009.65,2,0,0.1364,12.84,0
SME-076,8,16320.72,16023.3,4,0,0.1299,11.74,0
SME-076,9,14301.44,12947.34,0,3,0.085,12.87,0
SME-076,10,15252.2,11767.44,0,2,0.0539,12.69,0
SME-076,11,12284.57,11234.28,0,1,0.0887,12.49,0
SME-076,12,15211.54,16719.41,2,3,0.0975,12.62,0
SME-077,1,37736.93,27718.2,4,0,0.128,8.35,0
SME-077,2,49586.83,43753.29,2,0,0.1357,8.62,0
SME-077,3,43595.26,44129.53,2,1,0.1109,8.11,0
SME-077,4,43438.31,43043.35,2,1,0.0628,8.64,0
SME-077,5,49661.25,49647.83,0,0,0.0636,6.76,0
SME-077,6,41299.95,38958.62,1,1,0.0792,7.73,0
SME-077,7,44061.27,37687.42,0,0,0.0773,8.62,0
SME-077,8,43111.48,37646.77,1,0,0.0267,8.13,0
SME-077,9,53844.91,47438.73,0,1,0.1032,8.72,0
SME-077,10,52701.34,40121.95,0,0,0.0965,7.73,0
SME-077,11,55158.63,46769.65,2,1,0.0186,8.57,0
SME-077,12,46816.39,39503.66,6,0,0.0679,7.76,0
SME-078,1,19257.6,16919.96,1,1,0.0979,7.32,0
SME-078,2,22228.16,16422.58,0,0,0.0716,8.27,0
SME-078,3,19047.07,17899.61,1,0,0.072,6.29,0
SME-078,4,20458.7,18413.43,2,0,0.0632,7.97,0
SME-078,5,21090.04,22153.15,2,1,0.0423,7.99,0
SME-078,6,30020.8,26677.63,0,0,0.183,7.2,0
SME-078,7,18359.19,14950.57,1,0,0.2151,7.9,0
SME-078,8,18802.42,17598.82,1,0,0.241,7.81,0
SME-078,9,21314.4,19939.17,4,0,0.0668,7.41,0
SME-078,10,17330.31,14195.49,4,0,0.0859,6.31,0
SME-078,11,21228.28,16967.27,2,1,0.0931,8.48,0
SME-078,12,19352.07,18840.21,1,0,0.0825,8.35,0
SME-079,1,24746.24,22432.4,4,2,0.2101,3.55,1
SME-079,2,19444.53,16549.83,2,1,0.12,2.4,1
SME-079,3,24304.77,24662.13,2,1,0.1052,2.67,1
SME-079,4,22594.98,25387.43,3,0,0.091,3.22,1
SME-079,5,16701.78,16991.72,3,2,0.1536,2.77,1
SME-079,6,21464.26,21711.33,3,1,0.1261,2.31,1
SME-079,7,19485.63,23340.44,4,2,0.1231,3.23,1
SME-079,8,15277.88,15260.26,4,3,0.1786,2.37,1
SME-079,9,23873.6,25831.51,3,3,0.2274,2.35,1
SME-079,10,15242.42,15933.87,2,1,0.3054,2.6,1
SME-079,11,16825.8,16943.51,3,0,0.3137,2.76,1
SME-079,12,19407.92,20100.9,5,2,0.2027,2.0,1
SME-080,1,23984.99,17412.95,0,1,0.1729,10.18,0
SME-080,2,21760.26,14729.21,0,0,0.0486,9.1,0
SME-080,3,25293.71,24319.98,1,1,0.0616,10.08,0
SME-080,4,25985.07,18352.53,2,0,0.076,10.0,0
SME-080,5,26362.69,22329.7,1,0,0.0171,10.48,0
SME-080,6,18726.6,14429.43,0,0,0.1483,9.52,0
SME-080,7,22461.13,16373.96,2,1,0.1385,10.41,0
SME-080,8,25429.61,21445.17,4,2,0.1235,10.22,0
SME-080,9,28591.47,19035.73,0,0,0.0982,10.91,0
SME-080,10,24529.47,18867.21,3,0,0.0665,10.2,0
SME-080,11,27773.31,22708.43,0,4,0.0651,10.56,0
SME-080,12,25246.51,19156.9,3,3,0.0538,10.58,0
SME-081,1,30374.8,22050.45,1,1,0.0572,12.86,0
SME-081,2,26945.05,20828.25,4,2,0.0598,12.9,0
SME-081,3,32226.39,23856.38,1,1,0.0733,12.64,0
SME-081,4,29137.71,21040.28,2,0,0.0736,12.79,0
SME-081,5,28650.04,24420.19,2,1,0.0528,12.65,0
SME-081,6,18986.81,13710.09,1,1,0.1827,12.86,0
SME-081,7,21502.35,17052.45,1,2,0.1776,12.23,0
SME-081,8,27165.33,20101.7,4,0,0.1517,11.96,0
SME-081,9,26337.41,19075.15,1,2,0.0999,12.63,0
SME-081,10,24508.03,18090.92,2,0,0.0427,13.06,0
SME-081,11,24449.35,20006.56,0,0,0.0349,12.0,0
SME-081,12,21566.17,14797.15,1,1,0.0584,12.38,0
SME-082,1,26356.35,21882.0,2,1,0.0633,8.34,0
SME-082,2,28582.62,23575.12,0,0,0.0405,8.01,0
SME-082,3,22235.89,18021.82,0,0,0.1022,7.7,0
SME-082,4,27196.1,19378.18,1,2,0.1048,9.24,0
SME-082,5,28236.39,17427.46,2,1,0.1011,9.58,0
SME-082,6,29416.31,18237.21,2,0,0.0321,8.33,0
SME-082,7,33284.25,26969.31,1,0,0.0711,9.04,0
SME-082,8,32618.76,24196.25,1,0,0.0531,8.4,0
SME-082,9,37928.21,24113.8,1,0,0.0682,8.41,0
SME-082,10,25113.8,18635.97,3,2,0.1649,9.41,0
SME-082,11,27827.8,20544.02,1,0,0.182,8.67,0
SME-082,12,33829.29,24720.75,1,0,0.1259,9.58,0
SME-083,1,30208.39,25350.79,2,0,0.0598,9.36,0
SME-083,2,28950.42,23225.88,2,0,0.0213,8.62,0
SME-083,3,27013.13,21315.63,1,2,0.0458,10.08,0
SME-083,4,34757.74,27607.68,0,1,0.1088,8.96,0
SME-083,5,28562.44,19563.28,1,2,0.1111,10.03,0
SME-083,6,31832.72,30636.91,1,1,0.0798,9.81,0
SME-083,7,27361.01,20517.73,3,0,0.0646,9.69,0
SME-083,8,30591.22,27370.95,1,0,0.063,9.32,0
SME-083,9,24153.94,20935.75,0,1,0.096,9.81,0
SME-083,10,21948.64,17285.33,4,0,0.1434,9.88,0
SME-083,11,30213.86,27078.9,1,2,0.1374,10.16,0
SME-083,12,27689.44,20705.61,1,2,0.1299,8.8,0
SME-084,1,22661.86,21323.48,4,2,0.2548,5.02,1
SME-084,2,23260.2,20875.52,1,0,0.013,4.6,1
SME-084,3,25992.97,27634.7,4,1,0.0605,4.23,1
SME-084,4,25516.43,23402.4,3,2,0.0478,4.74,1
SME-084,5,31745.87,21804.13,3,0,0.102,4.74,1
SME-084,6,25754.3,25256.75,3,1,0.1042,3.91,1
SME-084,7,21592.44,23528.66,4,0,0.1816,3.58,1
SME-084,8,28949.76,24113.66,3,2,0.1507,3.31,1
SME-084,9,25430.34,23850.39,1,3,0.1771,3.94,1
SME-084,10,23846.81,19182.54,5,2,0.1726,3.41,1
SME-084,11,20337.6,19144.02,7,3,0.1793,3.69,1
SME-084,12,23970.52,20602.33,7,6,0.1682,2.45,1
SME-085,1,36928.67,33781.1,3,0,0.0746,11.7,0
SME-085,2,36082.71,34351.06,2,0,0.0116,11.56,0
SME-085,3,39631.18,32232.82,1,1,0.0403,11.51,0
SME-085,4,39335.4,36108.39,0,2,0.0419,12.16,0
SME-085,5,41464.39,35712.47,1,1,0.0235,11.7,0
SME-085,6,45701.85,49429.94,0,0,0.0628,12.38,0
SME-085,7,36860.49,39096.4,0,1,0.0873,11.96,0
SME-085,8,51931.68,45946.47,3,2,0.1379,12.23,0
SME-085,9,44013.24,40068.2,1,0,0.139,12.06,0
SME-085,10,47447.41,45565.45,1,1,0.0678,12.08,0
SME-085,11,37610.66,32831.43,0,1,0.0947,12.14,0
SME-085,12,41016.03,36386.46,0,2,0.0971,11.9,0
SME-086,1,43876.24,42353.31,1,0,0.1185,9.77,0
SME-086,2,40237.77,41269.77,1,1,0.0433,10.34,0
SME-086,3,35109.63,33978.53,3,1,0.0905,9.72,0
SME-086,4,45604.86,43356.25,2,0,0.1063,9.97,0
SME-086,5,33003.64,32119.62,2,1,0.1454,9.62,0
SME-086,6,48297.59,37587.02,1,1,0.1576,10.0,0
SME-086,7,50384.51,44702.31,2,0,0.1765,9.38,0
SME-086,8,39421.02,28435.67,3,2,0.1033,10.51,0
SME-086,9,35834.19,29368.05,2,1,0.1478,10.1,0
SME-086,10,38131.14,33019.55,3,2,0.0392,9.51,0
SME-086,11,45586.4,38663.75,1,0,0.1045,10.56,0
SME-086,12,33297.51,28245.15,0,1,0.1296,10.0,0
SME-087,1,62048.54,61189.86,1,1,0.1182,10.25,0
SME-087,2,51408.9,44522.95,1,0,0.0938,9.74,0
SME-087,3,67353.58,51973.17,0,1,0.11,10.72,0
SME-087,4,62005.59,55404.72,1,0,0.11,10.33,0
SME-087,5,67533.11,59956.52,0,2,0.0391,10.89,0
SME-087,6,58976.42,54495.54,0,0,0.0564,10.17,0
SME-087,7,62466.2,58905.83,2,1,0.0558,11.03,0
SME-087,8,61142.2,51270.16,1,0,0.0236,10.84,0
SME-087,9,67153.21,48040.17,1,1,0.0406,11.18,0
SME-087,10,62740.7,55825.88,2,0,0.0399,11.48,0
SME-087,11,70195.05,53963.44,2,0,0.0459,10.78,0
SME-087,12,55856.39,39925.81,2,1,0.093,10.77,0
SME-088,1,48563.18,46756.19,3,1,0.0666,6.95,0
SME-088,2,37490.46,34505.31,1,0,0.1287,6.45,0
SME-088,3,45430.82,48565.91,0,0,0.1063,5.45,0
SME-088,4,34810.84,32999.18,1,0,0.1149,5.6,0
SME-088,5,43385.03,44778.65,1,0,0.1116,5.84,0
SME-088,6,46232.44,38734.12,2,2,0.117,5.65,0
SME-088,7,38096.49,33420.21,1,1,0.0792,4.73,0
SME-088,8,44915.42,41669.79,3,0,0.0828,6.68,0
SME-088,9,42902.47,39095.49,2,0,0.0682,6.23,0
SME-088,10,46751.64,43884.89,0,1,0.035,6.94,0
SME-088,11,53187.14,50589.63,4,0,0.0891,5.56,0
SME-088,12,60929.27,56527.37,1,0,0.1081,5.65,0
SME-089,1,34822.02,34254.28,4,0,0.231,1.14,1
SME-089,2,31172.06,31261.85,2,2,0.0553,0.61,1
SME-089,3,32485.76,26143.0,2,2,0.046,0.98,1
SME-089,4,30152.06,34909.38,4,1,0.0305,1.53,1
SME-089,5,30034.09,29384.7,1,2,0.0365,2.09,1
SME-089,6,28340.6,28114.19,9,1,0.028,1.56,1
SME-089,7,30063.89,30632.79,4,1,0.0494,0.9,1
SME-089,8,35648.11,37455.68,3,0,0.1358,1.62,1
SME-089,9,29388.93,28192.88,6,2,0.15,1.35,1
SME-089,10,27144.27,25218.45,4,1,0.2152,1.42,1
SME-089,11,29673.03,34212.23,3,3,0.1308,0.57,1
SME-089,12,30221.88,32896.31,3,2,0.1774,1.52,1
SME-090,1,49286.44,40100.75,1,0,0.1012,6.28,0
SME-090,2,57889.37,47748.8,2,0,0.0803,7.11,0
SME-090,3,48916.75,36042.84,1,1,0.0797,6.19,0
SME-090,4,57445.51,53558.3,0,2,0.0754,7.09,0
SME-090,5,59967.88,47761.56,1,2,0.0853,5.62,0
SME-090,6,81582.07,74386.7,0,3,0.1633,6.62,0
SME-090,7,50151.96,47285.91,0,0,0.2055,6.6,0
SME-090,8,58008.55,48992.46,1,1,0.2112,6.75,0
SME-090,9,62902.45,54803.36,2,0,0.0921,7.22,0
SME-090,10,62337.17,54063.38,1,0,0.0358,7.53,0
SME-090,11,53692.28,51837.8,0,0,0.0707,7.12,0
SME-090,12,56409.98,45196.88,3,0,0.0628,6.6,0
SME-091,1,24105.93,28772.64,4,1,0.3375,4.36,1
SME-091,2,25415.55,28496.79,1,3,0.0264,3.53,1
SME-091,3,24421.38,21527.83,2,0,0.0226,5.04,1
SME-091,4,30386.73,37143.65,1,1,0.0976,4.18,1
SME-091,5,24416.17,29757.01,5,3,0.1065,4.04,1
SME-091,6,25331.28,23184.01,0,0,0.0983,4.69,1
SME-091,7,23958.36,25636.83,4,0,0.0473,3.12,1
SME-091,8,20990.95,27124.56,1,1,0.108,3.15,1
SME-091,9,18137.05,17736.2,6,5,0.1675,2.96,1
SME-091,10,26766.35,28484.08,6,2,0.2346,3.29,1
SME-091,11,27886.18,25374.17,2,3,0.2745,3.06,1
SME-091,12,22543.08,23129.99,8,4,0.2085,3.81,1
SME-092,1,28613.69,28075.3,1,1,0.1147,7.37,0
SME-092,2,26876.29,27060.72,4,1,0.0313,7.53,0
SME-092,3,29974.24,29409.42,2,1,0.0445,7.65,0
SME-092,4,32655.52,28900.16,2,1,0.0791,8.54,0
SME-092,5,40495.72,30492.63,1,0,0.1299,6.26,0
SME-092,6,34587.28,36283.63,2,0,0.0929,7.45,0
SME-092,7,32956.47,34697.16,3,0,0.0899,6.73,0
SME-092,8,26159.57,27165.93,0,1,0.1168,7.85,0
SME-092,9,34535.85,26283.71,2,0,0.1164,7.85,0
SME-092,10,29828.07,28427.61,6,0,0.1136,7.32,0
SME-092,11,37269.18,34975.68,1,1,0.0907,7.29,0
SME-092,12,25526.25,20765.33,2,0,0.1571,8.43,0
SME-093,1,44521.98,36200.69,0,0,0.1469,6.51,0
SME-093,2,31010.87,28723.39,2,1,0.1789,7.31,0
SME-093,3,31521.89,24218.85,4,0,0.1752,6.14,0
SME-093,4,38568.36,31677.82,0,0,0.1023,7.09,0
SME-093,5,31336.68,26809.53,2,0,0.0996,6.48,0
SME-093,6,50998.42,48623.24,1,1,0.2015,7.21,0
SME-093,7,31689.8,23789.01,2,0,0.2417,6.51,0
SME-093,8,35469.67,31566.96,1,2,0.2121,5.94,0
SME-093,9,38870.13,32964.06,2,2,0.083,7.16,0
SME-093,10,38658.19,35227.16,0,0,0.0413,6.95,0
SME-093,11,44995.98,29586.27,1,0,0.072,6.73,0
SME-093,12,42230.46,31655.95,1,0,0.0618,6.18,0
SME-094,1,37174.71,26113.92,1,1,0.101,4.73,0
SME-094,2,24149.67,18182.43,3,1,0.2124,5.35,0
SME-094,3,28405.93,24912.44,0,2,0.1813,5.83,0
SME-094,4,30734.87,19210.95,1,1,0.0982,5.86,0
SME-094,5,27407.13,22577.29,0,1,0.0483,5.83,0
SME-094,6,28316.1,18896.69,3,1,0.0487,5.29,0
SME-094,7,28464.48,22515.81,0,1,0.0167,5.35,0
SME-094,8,31262.65,20369.03,0,1,0.0462,5.04,0
SME-094,9,22064.68,17298.31,2,1,0.1412,5.37,0
SME-094,10,25057.19,18634.6,2,2,0.1466,5.71,0
SME-094,11,29043.35,26165.49,3,1,0.1126,6.51,0
SME-094,12,30536.27,20242.5,1,1,0.082,5.52,0
SME-095,1,38660.72,39406.1,1,1,0.0517,6.97,0
SME-095,2,48584.54,39122.76,3,0,0.1137,6.1,0
SME-095,3,29616.1,22384.81,0,1,0.1989,5.63,0
SME-095,4,49061.24,56209.22,3,1,0.2135,7.39,0
SME-095,5,36530.27,31187.31,1,1,0.2096,6.37,0
SME-095,6,35549.53,34839.33,2,1,0.1523,6.48,0
SME-095,7,36341.47,30570.33,2,1,0.0118,5.73,0
SME-095,8,34780.4,26769.19,1,0,0.0179,7.48,0
SME-095,9,28617.38,26749.87,1,1,0.1003,6.49,0
SME-095,10,35138.88,33419.65,3,0,0.0911,6.31,0
SME-095,11,46763.37,60904.92,0,1,0.2037,6.77,0
SME-095,12,34259.2,26019.7,0,0,0.1472,5.51,0
SME-096,1,23157.97,25472.66,3,0,0.0918,11.51,1
SME-096,2,27454.28,20582.47,4,0,0.0849,11.45,1
SME-096,3,23623.5,16664.04,1,1,0.0778,11.52,1
SME-096,4,24411.72,22193.4,2,1,0.0656,10.93,1
SME-096,5,29632.28,24568.87,1,2,0.103,11.76,1
SME-096,6,27957.59,21503.19,1,0,0.0796,11.32,1
SME-096,7,23505.58,19672.39,0,1,0.0956,11.95,1
SME-096,8,28960.02,22537.62,2,1,0.0884,10.77,1
SME-096,9,26257.02,28257.39,2,1,0.0849,11.25,1
SME-096,10,25168.59,21267.5,0,1,0.0595,11.59,1
SME-096,11,24949.58,19701.75,0,0,0.0225,11.64,1
SME-096,12,27390.69,20987.76,1,0,0.0427,11.55,1
SME-097,1,31227.63,26419.2,0,1,0.1554,5.77,0
SME-097,2,34782.43,27213.78,0,1,0.0539,6.09,0
SME-097,3,24662.11,16921.09,1,2,0.1387,6.35,0
SME-097,4,31766.76,26988.46,1,2,0.1395,6.6,0
SME-097,5,37210.41,33005.0,2,1,0.1646,6.08,0
SME-097,6,34773.69,28677.27,2,2,0.0644,7.87,0
SME-097,7,28793.55,21945.7,0,0,0.1053,5.99,0
SME-097,8,37287.23,29072.47,5,0,0.106,5.89,0
SME-097,9,34910.57,27050.64,2,1,0.1063,6.85,0
SME-097,10,35149.57,26461.23,0,1,0.0299,5.82,0
SME-097,11,43703.07,33168.51,1,0,0.1078,5.98,0
SME-097,12,28760.69,22750.41,3,0,0.1707,5.97,0
SME-098,1,25895.76,17885.8,5,2,0.0843,11.44,0
SME-098,2,42354.26,38984.53,2,1,0.2412,12.49,0
SME-098,3,33491.94,27380.76,0,2,0.1983,11.49,0
SME-098,4,25993.45,18814.58,1,1,0.197,12.22,0
SME-098,5,28807.14,22098.36,0,0,0.1051,13.01,0
SME-098,6,35290.59,27082.87,1,3,0.1296,11.07,0
SME-098,7,33332.5,22950.71,1,0,0.0836,11.66,0
SME-098,8,24997.73,21521.26,0,2,0.143,10.48,0
SME-098,9,28474.0,19482.04,1,2,0.1181,11.58,0
SME-098,10,36952.05,30388.64,0,1,0.1666,11.34,0
SME-098,11,21297.18,18206.08,1,1,0.2213,11.39,0
SME-098,12,33769.17,28884.21,2,2,0.2203,11.72,0
SME-099,1,20655.15,20237.47,1,1,0.1182,11.07,0
SME-099,2,19387.36,15660.09,2,0,0.0317,10.59,0
SME-099,3,18876.87,14420.8,1,0,0.0381,11.24,0
SME-099,4,19970.95,17310.66,0,0,0.023,11.27,0
SME-099,5,14664.79,12020.97,1,0,0.1282,10.81,0
SME-099,6,20416.58,12830.59,0,0,0.1424,11.36,0
SME-099,7,24086.03,15363.89,0,0,0.1966,12.02,0
SME-099,8,23258.43,20290.51,3,2,0.0696,11.81,0
SME-099,9,21470.18,19721.36,2,1,0.0476,11.76,0
SME-099,10,21081.18,16214.7,4,0,0.0432,11.86,0
SME-099,11,23796.74,19471.46,1,1,0.0542,12.36,0
SME-099,12,20670.84,14237.68,4,0,0.0635,11.62,0
SME-100,1,13669.03,14329.4,2,0,0.2669,5.45,1
SME-100,2,17624.81,19062.36,3,1,0.1264,4.51,1
SME-100,3,11609.22,12253.08,0,1,0.1745,4.48,1
SME-100,4,12530.49,13188.49,2,1,0.19,4.03,1
SME-100,5,14645.73,17615.0,1,1,0.0983,5.18,1
SME-100,6,18592.67,13918.42,1,2,0.1647,4.86,1
SME-100,7,12247.39,11580.35,5,2,0.1964,5.22,1
SME-100,8,13707.9,15294.69,4,1,0.2225,3.41,1
SME-100,9,9515.03,9496.42,3,0,0.2022,3.85,1
SME-100,10,11458.23,13604.69,4,2,0.2331,4.04,1
SME-100,11,10644.65,11044.71,4,4,0.1875,4.28,1
SME-100,12,8502.48,10313.41,7,1,0.2597,3.18,1
SME-101,1,24694.66,25914.01,2,0,0.1193,6.29,0
SME-101,2,17149.95,13145.74,0,0,0.1803,5.65,0
SME-101,3,26671.45,24553.85,4,0,0.1796,6.08,0
SME-101,4,24913.35,14525.99,0,0,0.1806,6.31,0
SME-101,5,18177.06,14811.45,1,1,0.1574,6.45,0
SME-101,6,20176.34,18129.67,0,0,0.1339,5.17,0
SME-101,7,23525.17,16307.33,2,0,0.107,5.44,0
SME-101,8,28076.1,24159.5,1,1,0.1353,6.04,0
SME-101,9,23901.94,16207.79,0,0,0.0819,5.69,0
SME-101,10,23385.01,19786.18,3,0,0.0836,4.76,0
SME-101,11,22639.25,16020.86,2,0,0.0222,4.97,0
SME-101,12,17007.52,14559.76,3,0,0.1355,5.21,0
SME-102,1,30622.16,39275.02,4,1,0.0518,5.62,0
SME-102,2,29311.28,21997.82,0,0,0.0219,5.77,0
SME-102,3,33665.36,29061.53,0,1,0.0585,5.35,0
SME-102,4,34564.05,35941.2,1,0,0.0706,5.92,0
SME-102,5,29786.17,24716.15,2,0,0.0635,5.98,0
SME-102,6,27960.45,25472.75,3,1,0.0905,4.64,0
SME-102,7,37226.03,34723.9,3,0,0.1266,6.18,0
SME-102,8,24221.23,18977.08,1,0,0.1834,6.86,0
SME-102,9,32170.81,26457.65,3,0,0.1715,5.16,0
SME-102,10,28032.19,24929.05,0,0,0.1154,5.77,0
SME-102,11,33897.06,38084.21,2,0,0.0785,5.0,0
SME-102,12,32241.41,32573.2,2,0,0.0786,5.7,0
SME-103,1,50712.39,40975.41,0,0,0.1174,4.84,1
SME-103,2,44407.63,35943.52,0,0,0.0663,6.41,1
SME-103,3,73887.64,51768.57,2,0,0.225,6.08,1
SME-103,4,55919.63,44537.84,0,4,0.2089,5.35,1
SME-103,5,62425.44,47806.27,0,0,0.1159,4.93,1
SME-103,6,46453.52,32227.95,1,1,0.1194,6.02,1
SME-103,7,52492.36,40360.89,0,1,0.1224,3.85,1
SME-103,8,71274.75,60337.94,0,0,0.1863,4.41,1
SME-103,9,55972.45,42472.88,0,1,0.1362,5.25,1
SME-103,10,60161.33,45755.92,1,1,0.1034,5.29,1
SME-103,11,41441.32,31929.96,1,0,0.1527,5.37,1
SME-103,12,48344.4,32515.45,2,0,0.1546,5.88,1
SME-104,1,50904.17,35260.59,1,0,0.142,11.52,0
SME-104,2,47541.19,41475.86,1,1,0.0342,10.07,0
SME-104,3,54397.54,39367.15,1,0,0.0549,11.44,0
SME-104,4,38467.45,27120.7,1,0,0.1394,10.85,0
SME-104,5,53237.9,41695.46,3,0,0.1489,10.5,0
SME-104,6,50853.85,43868.54,3,0,0.1362,10.24,0
SME-104,7,51557.22,46267.96,2,2,0.0193,10.24,0
SME-104,8,41847.66,36545.59,2,3,0.0919,9.62,0
SME-104,9,43152.54,39663.84,3,0,0.0945,10.64,0
SME-104,10,42700.47,31746.76,0,1,0.0127,10.91,0
SME-104,11,42878.5,28399.31,1,1,0.0043,10.21,0
SME-104,12,41768.21,36737.63,0,1,0.0115,10.83,0
SME-105,1,24365.99,21314.57,2,1,0.1426,13.68,0
SME-105,2,15382.4,15148.86,0,0,0.226,13.48,0
SME-105,3,16452.85,13514.38,2,0,0.2139,14.57,0
SME-105,4,18715.41,22507.54,2,2,0.0825,12.94,0
SME-105,5,20125.51,14280.6,2,1,0.0821,13.59,0
SME-105,6,17419.19,13340.97,2,1,0.0589,13.79,0
SME-105,7,17585.87,16154.01,0,0,0.0674,13.67,0
SME-105,8,21649.16,20947.06,2,0,0.1036,13.36,0
SME-105,9,15197.06,13363.98,1,0,0.1468,14.13,0
SME-105,10,22435.51,20688.09,0,2,0.1641,13.88,0
SME-105,11,28386.07,24211.45,0,2,0.2451,14.41,0
SME-105,12,20276.02,19155.81,0,0,0.1447,13.93,0
SME-106,1,38921.8,38922.84,0,1,0.1158,5.27,0
SME-106,2,48206.09,43856.15,0,0,0.1066,5.5,0
SME-106,3,46654.07,38501.3,1,0,0.0911,5.27,0
SME-106,4,52666.28,40051.87,1,1,0.0518,4.88,0
SME-106,5,46390.65,46718.45,1,1,0.0597,7.01,0
SME-106,6,46878.64,44801.84,3,0,0.0586,5.04,0
SME-106,7,42314.42,43391.28,0,1,0.0453,5.09,0
SME-106,8,47983.27,52903.86,2,0,0.0537,5.44,0
SME-106,9,52255.12,49083.16,3,0,0.0857,6.61,0
SME-106,10,49719.23,40204.8,1,0,0.0351,5.54,0
SME-106,11,41635.45,30981.12,3,0,0.0946,5.68,0
SME-106,12,44314.67,41077.8,1,1,0.0743,5.42,0
SME-107,1,34986.61,25842.81,2,2,0.1792,5.01,0
SME-107,2,36744.88,26865.52,1,0,0.0245,3.92,0
SME-107,3,37714.61,27936.94,1,0,0.0309,4.99,0
SME-107,4,37059.84,25691.2,0,0,0.0109,4.46,0
SME-107,5,32335.71,27618.77,5,0,0.0671,4.51,0
SME-107,6,30858.86,21442.7,1,0,0.0791,5.4,0
SME-107,7,37333.12,26826.22,1,0,0.0827,5.24,0
SME-107,8,33584.84,25577.32,3,1,0.0782,5.39,0
SME-107,9,28813.49,20000.73,3,1,0.1049,4.61,0
SME-107,10,31789.11,22979.18,0,2,0.0627,4.74,0
SME-107,11,38261.94,29942.31,2,1,0.1197,4.04,0
SME-107,12,41820.13,29875.3,1,2,0.1114,5.15,0
SME-108,1,37699.37,23568.75,2,1,0.104,11.38,1
SME-108,2,33269.36,23139.95,2,0,0.0624,10.82,1
SME-108,3,35378.03,24176.65,5,0,0.051,10.72,1
SME-108,4,34089.89,22687.9,1,0,0.0253,11.79,1
SME-108,5,37485.55,33462.31,1,2,0.0393,12.97,1
SME-108,6,41671.56,31756.64,2,0,0.0821,11.46,1
SME-108,7,50140.28,46428.37,0,0,0.1221,10.86,1
SME-108,8,38556.33,28988.53,0,2,0.1126,11.38,1
SME-108,9,41115.36,28527.05,3,0,0.1148,11.18,1
SME-108,10,36722.42,22772.07,3,0,0.0464,11.93,1
SME-108,11,35381.97,26511.73,1,0,0.0649,10.86,1
SME-108,12,29985.19,21260.96,0,1,0.0856,11.42,1
SME-109,1,22123.39,16608.62,3,0,0.1534,5.59,0
SME-109,2,19085.84,13039.81,4,1,0.0737,5.25,0
SME-109,3,22044.55,17895.52,1,0,0.067,6.49,0
SME-109,4,24563.01,16492.26,2,1,0.1022,6.1,0
SME-109,5,28470.44,24749.89,3,0,0.1056,6.13,0
SME-109,6,27154.54,20821.6,2,1,0.0607,6.13,0
SME-109,7,23082.24,16435.39,6,0,0.0874,5.43,0
SME-109,8,31370.04,23549.96,1,0,0.1244,6.19,0
SME-109,9,24783.29,15973.0,1,2,0.1353,7.12,0
SME-109,10,19050.65,14982.67,0,0,0.2008,5.81,0
SME-109,11,27039.55,21842.1,3,2,0.1423,5.51,0
SME-109,12,19769.62,11484.62,1,0,0.1644,6.53,0
SME-110,1,24771.17,27898.59,1,2,0.2407,1.12,1
SME-110,2,29576.06,23820.55,1,3,0.0884,1.12,1
SME-110,3,21110.99,22592.79,3,1,0.1378,1.75,1
SME-110,4,20080.61,17866.8,1,1,0.1803,1.5,1
SME-110,5,25948.99,25931.98,1,2,0.1143,1.03,1
SME-110,6,26758.08,25517.54,1,1,0.1226,2.3,1
SME-110,7,24769.07,29773.2,4,2,0.0561,1.33,1
SME-110,8,24811.99,24761.28,2,0,0.071,0.67,1
SME-110,9,21534.61,19039.65,4,3,0.1322,1.73,1
SME-110,10,21444.62,22773.59,7,2,0.1569,1.44,1
SME-110,11,17772.72,24083.85,6,2,0.1944,1.59,1
SME-110,12,15694.3,17607.11,6,4,0.2728,1.66,1
SME-111,1,29338.6,25365.32,1,2,0.112,9.09,0
SME-111,2,43563.35,35346.51,4,0,0.1951,7.6,0
SME-111,3,38114.47,37189.88,1,0,0.1584,7.33,0
SME-111,4,44814.82,34031.53,1,2,0.069,7.82,0
SME-111,5,53619.72,41989.73,4,4,0.1395,8.86,0
SME-111,6,40446.45,35657.12,5,0,0.1183,8.58,0
SME-111,7,47558.06,34890.85,3,0,0.114,7.74,0
SME-111,8,46796.68,38157.15,3,1,0.071,8.47,0
SME-111,9,47729.97,39260.16,1,0,0.0086,8.13,0
SME-111,10,39913.98,27292.08,0,0,0.0778,6.31,0
SME-111,11,39860.68,41204.02,2,2,0.087,7.91,0
SME-111,12,39578.87,31923.34,1,3,0.0037,8.39,0
SME-112,1,40708.22,29916.68,2,0,0.1235,13.14,1
SME-112,2,32790.98,26975.54,4,1,0.1077,13.19,1
SME-112,3,35529.19,33490.42,1,1,0.0903,12.11,1
SME-112,4,34571.48,26569.16,2,1,0.0331,11.44,1
SME-112,5,30506.41,29971.4,3,0,0.0649,12.88,1
SME-112,6,41875.54,28441.74,1,1,0.1319,12.85,1
SME-112,7,29850.38,22098.31,2,0,0.162,12.64,1
SME-112,8,29017.1,23287.95,1,0,0.1749,14.03,1
SME-112,9,43416.42,30138.15,2,0,0.1936,12.97,1
SME-112,10,42672.4,33573.65,2,1,0.1725,13.58,1
SME-112,11,29717.43,22105.41,3,1,0.1629,13.2,1
SME-112,12,36038.17,29867.8,1,0,0.1463,13.66,1
SME-113,1,28429.25,24860.38,1,0,0.1628,10.09,0
SME-113,2,26257.82,19171.89,2,0,0.0397,9.5,0
SME-113,3,28607.32,25022.99,3,1,0.0385,8.54,0
SME-113,4,29905.53,20391.81,1,0,0.0534,10.59,0
SME-113,5,20997.73,17163.5,4,0,0.1482,10.52,0
SME-113,6,23948.01,19793.34,0,1,0.1485,9.75,0
SME-113,7,33079.9,26969.24,0,0,0.1978,11.35,0
SME-113,8,27267.09,26534.94,0,2,0.1343,10.01,0
SME-113,9,30838.54,23908.4,2,1,0.0788,10.04,0
SME-113,10,20558.97,16776.39,0,2,0.1625,9.46,0
SME-113,11,26753.97,26434.79,3,0,0.1622,9.58,0
SME-113,12,34917.61,32147.13,2,0,0.2145,10.89,0
SME-114,1,42266.74,25479.94,0,0,0.127,10.88,0
SME-114,2,55133.9,32458.77,0,1,0.1321,9.83,0
SME-114,3,48026.99,35884.19,2,1,0.1086,11.25,0
SME-114,4,48950.35,33697.78,0,1,0.0622,10.66,0
SME-114,5,42178.28,22870.46,1,0,0.0646,11.48,0
SME-114,6,47062.32,34001.8,3,1,0.0619,11.43,0
SME-114,7,52693.46,44373.84,3,1,0.0908,10.6,0
SME-114,8,40726.71,26970.59,1,0,0.1044,10.61,0
SME-114,9,43450.16,28716.4,1,0,0.1123,10.86,0
SME-114,10,45045.11,35677.99,1,0,0.0414,10.98,0
SME-114,11,42266.46,29127.91,1,0,0.0261,10.12,0
SME-114,12,39146.18,27554.08,0,0,0.0572,10.84,0
SME-115,1,50001.17,38176.38,1,0,0.0959,5.24,0
SME-115,2,51356.7,35186.34,3,0,0.0134,5.4,0
SME-115,3,62930.8,42863.16,0,1,0.1059,4.22,0
SME-115,4,62529.09,47668.38,5,1,0.091,4.54,0
SME-115,5,51133.5,39927.82,1,1,0.0929,4.72,0
SME-115,6,59886.63,53236.8,1,1,0.0842,4.86,0
SME-115,7,44015.37,33234.52,1,0,0.1256,4.85,0
SME-115,8,47592.98,32263.97,4,0,0.1346,4.79,0
SME-115,9,33231.0,33803.04,1,1,0.1467,5.04,0
SME-115,10,48219.07,31649.87,2,0,0.1609,5.3,0
SME-115,11,47993.31,34755.9,0,0,0.1625,3.76,0
SME-115,12,47444.86,37105.58,1,0,0.0068,5.46,0
SME-116,1,54290.76,53718.34,3,0,0.1316,7.04,0
SME-116,2,44506.46,35999.1,0,1,0.099,6.28,0
SME-116,3,46609.94,43024.76,0,0,0.0868,6.89,0
SME-116,4,45199.87,40782.24,0,1,0.0193,7.32,0
SME-116,5,44955.83,33033.34,3,2,0.016,8.23,0
SME-116,6,52958.64,45429.07,0,0,0.0779,7.99,0
SME-116,7,46435.0,38012.24,1,0,0.0723,6.81,0
SME-116,8,44042.6,44917.16,4,3,0.0788,6.99,0
SME-116,9,78274.74,62876.45,2,0,0.2774,7.2,0
SME-116,10,50410.97,43556.41,3,0,0.2582,6.65,0
SME-116,11,50396.09,48730.24,1,0,0.2201,6.58,0
SME-116,12,52382.41,45317.1,1,1,0.0183,6.64,0
SME-117,1,40824.49,37424.25,0,1,0.1475,4.56,0
SME-117,2,39923.99,32049.33,2,0,0.0112,4.33,0
SME-117,3,35938.83,28724.22,1,0,0.0546,5.3,0
SME-117,4,48414.76,39822.7,0,3,0.1256,5.85,0
SME-117,5,54107.8,38423.61,1,2,0.1644,6.08,0
SME-117,6,44127.38,36975.51,0,0,0.0836,4.05,0
SME-117,7,37547.97,30171.08,2,0,0.1504,4.58,0
SME-117,8,36742.1,23427.84,2,0,0.0838,4.72,0
SME-117,9,39599.04,24255.01,1,0,0.0317,4.44,0
SME-117,10,40001.88,36446.57,1,0,0.0374,5.1,0
SME-117,11,32916.98,25141.79,2,2,0.0866,4.81,0
SME-117,12,47429.21,30670.47,0,0,0.1477,5.32,0
SME-118,1,45199.29,47378.45,2,0,0.0564,12.28,0
SME-118,2,43523.3,37775.31,2,1,0.0189,13.21,0
SME-118,3,36595.62,40527.24,3,0,0.0892,12.29,0
SME-118,4,41143.27,30746.93,2,2,0.0711,12.68,0
SME-118,5,43652.81,35983.08,1,1,0.0722,12.07,0
SME-118,6,47120.51,35375.47,4,0,0.0557,11.74,0
SME-118,7,47388.36,51653.06,3,0,0.0369,12.06,0
SME-118,8,50877.76,36985.11,1,0,0.0353,11.52,0
SME-118,9,40079.21,40794.12,2,0,0.0976,11.67,0
SME-118,10,46619.16,42962.63,2,0,0.0968,12.31,0
SME-118,11,44159.38,48914.0,2,2,0.0618,11.75,0
SME-118,12,34888.86,28565.39,3,0,0.1206,11.79,0
SME-119,1,31005.65,23163.87,0,0,0.1686,9.89,0
SME-119,2,32384.9,31612.51,1,0,0.0218,11.38,0
SME-119,3,40857.11,37720.34,2,1,0.1253,10.86,0
SME-119,4,36044.45,26696.04,2,0,0.0952,11.35,0
SME-119,5,32992.44,25809.59,3,1,0.0884,11.35,0
SME-119,6,34961.96,25062.92,2,0,0.0364,11.29,0
SME-119,7,32676.47,25733.93,3,0,0.0301,11.97,0
SME-119,8,38186.87,30176.51,1,0,0.0641,11.37,0
SME-119,9,31236.75,29707.57,3,1,0.088,11.07,0
SME-119,10,42091.41,39128.55,1,0,0.1208,11.36,0
SME-119,11,25636.81,19929.82,0,0,0.2071,11.58,0
SME-119,12,39011.44,31276.28,3,0,0.2007,10.55,0
SME-120,1,60252.76,39357.55,0,1,0.109,3.67,0
SME-120,2,43284.0,27613.72,2,1,0.1639,5.45,0
SME-120,3,53520.31,38260.06,2,0,0.1333,4.59,0
SME-120,4,81836.6,66587.3,3,1,0.2738,4.71,0
SME-120,5,63885.53,49494.64,1,0,0.1761,4.24,0
SME-120,6,62255.04,51350.73,1,0,0.128,4.51,0
SME-120,7,56149.36,43405.08,1,0,0.0548,4.5,0
SME-120,8,71904.17,57650.69,1,0,0.1022,5.24,0
SME-120,9,51624.47,38516.67,0,1,0.1451,4.84,0
SME-120,10,58905.49,50129.78,2,1,0.1379,5.12,0
SME-120,11,66250.19,50556.29,1,0,0.1013,4.21,0
SME-120,12,66957.33,52358.79,2,0,0.0568,4.06,0
SME-121,1,72478.88,63020.87,1,0,0.1797,12.92,0
SME-121,2,67724.17,65615.9,3,0,0.0339,13.96,0
SME-121,3,57388.03,46776.95,0,1,0.0956,13.2,0
SME-121,4,51820.37,40426.79,2,2,0.1117,13.58,0
SME-121,5,53239.48,58827.14,2,0,0.0436,13.34,0
SME-121,6,61090.94,44523.62,1,0,0.0736,13.77,0
SME-121,7,66849.65,44141.04,5,1,0.0924,12.87,0
SME-121,8,70266.37,50073.37,0,1,0.0573,13.3,0
SME-121,9,61997.19,50329.0,1,0,0.0511,12.56,0
SME-121,10,56961.73,40689.24,2,0,0.087,14.35,0
SME-121,11,53285.39,45613.31,0,0,0.0622,13.49,0
SME-121,12,57546.17,47178.59,1,1,0.0337,13.92,0
SME-122,1,19402.99,13893.78,2,2,0.1429,5.77,0
SME-122,2,27854.01,21999.71,3,1,0.1788,6.8,0
SME-122,3,21254.94,13911.4,2,2,0.1588,6.93,0
SME-122,4,25349.12,20155.24,3,1,0.1096,6.57,0
SME-122,5,33646.39,22209.74,0,1,0.1927,7.38,0
SME-122,6,24133.21,18209.24,2,3,0.1526,6.81,0
SME-122,7,25722.3,18032.26,1,1,0.1495,6.82,0
SME-122,8,19331.36,13991.03,1,0,0.1178,7.1,0
SME-122,9,30862.9,25879.88,1,0,0.1864,6.35,0
SME-122,10,27671.75,21465.69,2,0,0.1873,6.18,0
SME-122,11,27739.95,22925.88,0,0,0.0518,6.42,0
SME-122,12,27270.9,20252.16,1,0,0.0075,6.82,0
SME-123,1,33067.6,25026.15,1,1,0.1565,8.07,0
SME-123,2,30185.78,21273.07,3,1,0.0456,8.0,0
SME-123,3,51937.2,51148.17,2,0,0.2512,8.91,0
SME-123,4,48319.31,35982.74,3,0,0.2189,8.15,0
SME-123,5,37000.23,27058.47,1,0,0.1391,8.54,0
SME-123,6,42708.68,32958.88,2,2,0.1083,7.5,0
SME-123,7,39448.55,24411.12,1,1,0.0589,7.93,0
SME-123,8,50129.6,34094.98,2,1,0.1014,8.08,0
SME-123,9,51694.16,44394.88,2,0,0.1156,8.23,0
SME-123,10,33960.61,29625.87,2,0,0.1771,7.88,0
SME-123,11,40419.51,25234.93,2,0,0.1744,8.29,0
SME-123,12,43126.84,27721.65,4,0,0.0982,8.41,0
SME-124,1,32770.57,31114.54,1,2,0.2676,2.2,1
SME-124,2,21475.94,16792.2,3,0,0.2082,2.64,1
SME-124,3,24809.8,24360.82,3,1,0.1798,2.56,1
SME-124,4,18218.28,16329.58,5,1,0.1252,1.66,1
SME-124,5,22907.99,19450.35,4,3,0.126,2.57,1
SME-124,6,17398.89,16916.34,1,1,0.1244,3.03,1
SME-124,7,22285.55,20255.48,3,2,0.1379,1.56,1
SME-124,8,21435.03,19884.93,2,2,0.1326,1.83,1
SME-124,9,27525.44,25717.04,6,4,0.1722,2.3,1
SME-124,10,22306.98,20823.89,2,0,0.1688,2.1,1
SME-124,11,18919.08,19359.76,9,2,0.2372,1.83,1
SME-124,12,17257.88,18674.67,5,4,0.194,3.0,1
SME-125,1,35113.86,26702.06,0,0,0.1292,13.05,0
SME-125,2,37195.27,29886.04,2,1,0.0288,12.84,0
SME-125,3,32289.72,22494.95,2,0,0.0577,13.12,0
SME-125,4,38359.31,31604.69,1,0,0.0732,12.99,0
SME-125,5,40913.79,33858.0,2,0,0.0973,11.78,0
SME-125,6,39917.0,39375.96,0,0,0.0265,12.54,0
SME-125,7,33842.84,28856.33,1,0,0.0818,12.68,0
SME-125,8,29982.39,27093.83,3,0,0.1183,12.24,0
SME-125,9,28864.42,22859.65,1,0,0.069,12.86,0
SME-125,10,31568.33,21797.41,2,1,0.0368,12.64,0
SME-125,11,24204.08,17357.85,0,0,0.1078,11.77,0
SME-125,12,34839.07,25028.27,2,1,0.1473,13.23,0
SME-126,1,29836.7,27250.94,2,1,0.1128,5.77,0
SME-126,2,38246.42,24562.3,1,1,0.1235,6.08,0
SME-126,3,27698.35,22549.72,2,0,0.1426,4.87,0
SME-126,4,26868.66,22310.47,2,1,0.1674,5.92,0
SME-126,5,36602.68,29353.98,0,0,0.145,6.19,0
SME-126,6,27353.35,25859.23,2,0,0.1479,5.58,0
SME-126,7,29653.8,31439.01,2,0,0.126,6.31,0
SME-126,8,44183.01,42877.79,2,0,0.2209,5.52,0
SME-126,9,30302.63,21373.37,0,0,0.1931,6.28,0
SME-126,10,30425.85,21421.25,2,1,0.1863,6.1,0
SME-126,11,39028.86,29132.95,1,1,0.1228,5.86,0
SME-126,12,26736.87,22363.93,1,0,0.1606,5.89,0
SME-127,1,49951.95,41916.76,3,0,0.127,5.33,0
SME-127,2,61324.02,51163.33,7,1,0.1022,4.7,0
SME-127,3,60646.79,45371.25,0,0,0.0909,5.0,0
SME-127,4,63920.42,49536.36,2,1,0.0228,4.17,0
SME-127,5,68183.92,53829.55,0,0,0.048,4.71,0
SME-127,6,54483.22,39640.98,2,0,0.092,4.8,0
SME-127,7,53163.96,36909.45,2,2,0.1159,4.6,0
SME-127,8,58973.33,48222.25,1,1,0.0448,4.93,0
SME-127,9,51559.78,36122.56,2,0,0.0584,5.44,0
SME-127,10,44940.02,29931.01,0,0,0.1106,5.76,0
SME-127,11,64208.7,52908.94,4,0,0.1492,5.38,0
SME-127,12,80613.42,62430.18,0,0,0.2305,4.98,0
SME-128,1,16666.69,11602.69,2,0,0.1134,6.06,0
SME-128,2,16594.86,11079.74,1,1,0.0022,6.33,0
SME-128,3,21284.3,14383.44,1,0,0.1207,6.65,0
SME-128,4,19674.78,13958.53,2,0,0.1014,6.16,0
SME-128,5,20232.29,16410.24,2,0,0.0327,7.02,0
SME-128,6,21869.29,15922.75,0,0,0.0452,7.33,0
SME-128,7,21423.07,13919.48,2,0,0.0326,6.23,0
SME-128,8,19250.17,15002.28,1,0,0.0549,6.09,0
SME-128,9,21215.05,14301.84,0,0,0.0475,6.37,0
SME-128,10,23090.96,16674.9,3,0,0.074,6.08,0
SME-128,11,24697.37,17995.26,1,2,0.0619,6.69,0
SME-128,12,19734.8,12719.73,4,0,0.0919,5.41,0
SME-129,1,53675.93,39911.61,0,1,0.0862,13.86,0
SME-129,2,32588.39,24057.45,2,2,0.2445,14.68,0
SME-129,3,42221.45,41623.32,3,3,0.2013,13.34,0
SME-129,4,41533.18,33257.58,3,0,0.1131,13.8,0
SME-129,5,45377.57,39031.6,2,0,0.0389,14.29,0
SME-129,6,45663.35,38113.57,4,0,0.0426,13.58,0
SME-129,7,49683.5,36602.76,3,1,0.0419,14.05,0
SME-129,8,38950.75,26538.53,2,0,0.0989,13.54,0
SME-129,9,42527.16,34854.74,1,0,0.1021,13.89,0
SME-129,10,42831.72,25745.0,1,0,0.0425,13.09,0
SME-129,11,39647.57,27979.57,0,1,0.0344,14.09,0
SME-129,12,37944.54,27307.11,1,1,0.0505,13.67,0
SME-130,1,31817.23,30934.33,0,1,0.1289,5.02,0
SME-130,2,26136.18,25763.19,0,0,0.098,4.44,0
SME-130,3,29807.13,22518.81,1,1,0.0804,5.78,0
SME-130,4,26937.88,26215.89,3,1,0.057,5.31,0
SME-130,5,39900.49,33174.8,2,0,0.1726,5.22,0
SME-130,6,41406.76,37288.4,1,1,0.18,5.04,0
SME-130,7,34668.94,32012.59,2,0,0.0747,4.93,0
SME-130,8,32975.87,33055.9,0,0,0.1002,6.41,0
SME-130,9,36658.13,30573.82,2,0,0.0433,4.64,0
SME-130,10,36182.97,40294.62,2,2,0.0464,4.71,0
SME-130,11,29917.73,24555.69,0,1,0.0897,4.87,0
SME-130,12,28846.76,28166.5,0,1,0.1022,4.98,0
SME-131,1,36697.55,23948.98,2,0,0.0996,6.99,0
SME-131,2,44892.61,35667.52,1,1,0.1004,7.44,0
SME-131,3,37512.26,30321.6,0,0,0.0928,7.15,0
SME-131,4,34039.14,25407.72,0,1,0.1166,6.94,0
SME-131,5,54297.22,38404.98,3,1,0.2109,6.06,0
SME-131,6,40140.49,34284.74,2,1,0.1981,6.63,0
SME-131,7,37627.3,24184.02,0,1,0.1667,7.27,0
SME-131,8,35684.88,23021.45,1,1,0.0482,6.88,0
SME-131,9,44531.05,28189.21,3,0,0.0966,6.68,0
SME-131,10,38941.18,30788.72,3,1,0.092,7.57,0
SME-131,11,42769.59,30702.57,0,0,0.0555,6.96,0
SME-131,12,42674.71,36302.03,3,1,0.043,6.79,0
SME-132,1,39627.92,35221.66,1,0,0.0555,11.9,0
SME-132,2,30263.31,25655.88,0,1,0.134,12.57,0
SME-132,3,30105.88,21009.2,0,1,0.1336,12.11,0
SME-132,4,28713.96,23808.62,0,1,0.0234,11.83,0
SME-132,5,31584.33,30746.16,2,1,0.0389,12.63,0
SME-132,6,36181.1,30790.54,3,0,0.0956,11.79,0
SME-132,7,33565.86,32085.53,2,1,0.0557,11.87,0
SME-132,8,26603.47,20875.34,1,2,0.1259,11.78,0
SME-132,9,30576.94,25457.81,1,0,0.0943,12.02,0
SME-132,10,27006.68,19774.99,1,1,0.0636,12.86,0
SME-132,11,27054.9,22302.53,2,0,0.0593,11.04,0
SME-132,12,37918.92,30873.79,0,0,0.1674,12.44,0
SME-133,1,37838.05,33075.84,1,1,0.1465,8.51,0
SME-133,2,27110.62,19889.65,2,0,0.1652,8.93,0
SME-133,3,28416.96,21803.55,1,0,0.1536,8.58,0
SME-133,4,30503.54,27267.7,1,2,0.0487,9.56,0
SME-133,5,28777.41,23237.1,2,0,0.0312,8.46,0
SME-133,6,24412.45,19972.04,3,0,0.0919,8.48,0
SME-133,7,25941.96,24486.75,0,1,0.0686,8.6,0
SME-133,8,33983.73,27116.53,0,1,0.1493,7.86,0
SME-133,9,31179.79,25409.06,0,1,0.1097,8.68,0
SME-133,10,24444.23,17495.58,1,2,0.134,8.53,0
SME-133,11,32460.94,29484.44,2,0,0.1198,9.63,0
SME-133,12,37570.61,31983.0,1,1,0.1716,8.62,0
SME-134,1,95685.92,96874.43,0,0,0.129,7.81,0
SME-134,2,103797.53,101267.69,0,0,0.0407,9.51,0
SME-134,3,81161.13,72747.62,3,2,0.1001,9.5,0
SME-134,4,73641.97,81480.64,4,0,0.1487,7.93,0
SME-134,5,80205.68,72981.21,1,0,0.0427,8.82,0
SME-134,6,79219.47,68415.37,2,1,0.0372,8.46,0
SME-134,7,84414.7,69444.44,0,1,0.0277,8.61,0
SME-134,8,86965.33,101382.71,0,1,0.0386,8.32,0
SME-134,9,108108.74,115852.38,1,0,0.114,8.43,0
SME-134,10,89667.28,92050.21,1,2,0.099,7.65,0
SME-134,11,100266.24,89237.29,1,0,0.0761,8.0,0
SME-134,12,87132.43,77355.51,0,0,0.0616,8.2,0
SME-135,1,26293.31,19221.85,0,0,0.1615,10.73,0
SME-135,2,20070.69,18654.52,0,1,0.1342,11.86,0
SME-135,3,20120.78,16102.74,0,0,0.1318,11.59,0
SME-135,4,19889.09,14757.33,0,1,0.005,11.9,0
SME-135,5,17965.43,14715.36,2,0,0.05,11.76,0
SME-135,6,16773.92,14389.68,2,0,0.0705,11.16,0
SME-135,7,21804.82,16147.14,0,1,0.1139,11.55,0
SME-135,8,17380.95,15521.25,2,2,0.1202,12.02,0
SME-135,9,22173.51,18680.87,0,0,0.1065,11.85,0
SME-135,10,20484.67,15035.44,1,0,0.0992,10.28,0
SME-135,11,17545.41,17649.84,0,1,0.0953,11.42,0
SME-135,12,17665.34,14011.11,1,1,0.0732,10.93,0
SME-136,1,25826.63,23534.19,0,1,0.0851,9.49,0
SME-136,2,24650.81,17121.99,1,2,0.0233,9.81,0
SME-136,3,24775.61,18751.47,1,0,0.021,9.74,0
SME-136,4,26240.27,19418.83,3,0,0.0286,10.03,0
SME-136,5,29348.46,24226.62,3,1,0.0712,10.29,0
SME-136,6,19342.96,13974.9,2,0,0.1674,8.29,0
SME-136,7,23387.12,20090.7,3,0,0.171,10.3,0
SME-136,8,22470.34,15764.02,0,0,0.0797,8.86,0
SME-136,9,26352.1,21358.8,2,1,0.0688,9.91,0
SME-136,10,26158.87,18286.02,1,0,0.0715,9.14,0
SME-136,11,28791.38,20647.66,2,0,0.0442,9.36,0
SME-136,12,31572.35,23383.22,2,1,0.0766,9.11,0
SME-137,1,41581.95,26207.35,1,0,0.1732,10.18,0
SME-137,2,28374.48,18025.71,7,1,0.1888,10.1,0
SME-137,3,39561.26,25596.07,1,1,0.1591,10.38,0
SME-137,4,48506.83,37724.5,1,1,0.2122,10.09,0
SME-137,5,38139.14,31124.75,1,1,0.1091,10.69,0
SME-137,6,45233.71,37500.38,1,0,0.0984,10.31,0
SME-137,7,40923.35,26665.43,3,0,0.0704,10.24,0
SME-137,8,39604.68,27432.66,1,0,0.0573,10.14,0
SME-137,9,33303.02,22617.77,0,0,0.0876,9.45,0
SME-137,10,44218.76,32152.47,5,2,0.1146,10.91,0
SME-137,11,35108.81,24738.46,0,0,0.1272,11.02,0
SME-137,12,37920.88,28597.84,2,0,0.0975,10.04,0
SME-138,1,28680.65,25630.63,3,2,0.0536,10.31,0
SME-138,2,25198.41,24049.7,0,1,0.0646,11.05,0
SME-138,3,27229.23,27525.63,4,0,0.0528,10.54,0
SME-138,4,28483.3,25109.5,1,0,0.0502,11.1,0
SME-138,5,23516.74,18271.36,0,0,0.0798,10.67,0
SME-138,6,31840.42,34658.63,0,1,0.1223,10.64,0
SME-138,7,27732.02,20662.46,2,0,0.1227,10.22,0
SME-138,8,29695.6,27106.86,3,1,0.0564,10.82,0
SME-138,9,35968.24,25544.72,1,2,0.1128,9.64,0
SME-138,10,31826.0,28587.41,0,1,0.0801,10.43,0
SME-138,11,30188.92,24698.91,1,1,0.0745,10.73,0
SME-138,12,29934.69,29180.2,1,1,0.0273,10.62,0
SME-139,1,26761.3,21105.42,1,0,0.115,5.79,0
SME-139,2,21409.57,21486.64,2,0,0.1111,4.99,0
SME-139,3,25594.5,23845.64,3,0,0.0934,4.43,0
SME-139,4,24010.93,19802.09,2,0,0.0729,5.41,0
SME-139,5,26871.88,22714.66,2,0,0.0459,4.61,0
SME-139,6,24537.92,19297.84,2,1,0.0495,4.54,0
SME-139,7,21679.23,17927.25,1,1,0.0872,5.19,0
SME-139,8,23299.54,18912.15,0,1,0.0505,4.13,0
SME-139,9,25329.28,18425.58,3,0,0.0637,5.11,0
SME-139,10,27787.39,28857.51,3,0,0.072,4.66,0
SME-139,11,29101.08,26924.42,2,1,0.057,5.36,0
SME-139,12,25894.77,20282.74,0,2,0.0477,3.84,0
SME-140,1,36783.25,29507.2,0,0,0.0579,11.05,0
SME-140,2,42200.1,26781.72,0,0,0.0686,11.47,0
SME-140,3,33974.26,23944.94,2,0,0.0907,12.55,0
SME-140,4,38511.82,25227.06,4,2,0.088,11.25,0
SME-140,5,31489.45,22146.55,3,1,0.0839,11.93,0
SME-140,6,35220.41,24556.09,1,1,0.0818,12.52,0
SME-140,7,32568.52,22969.01,2,0,0.0474,11.09,0
SME-140,8,28846.42,22849.25,0,1,0.0812,12.41,0
SME-140,9,35711.18,29622.19,3,0,0.0867,12.91,0
SME-140,10,33139.64,23125.72,4,1,0.087,11.31,0
SME-140,11,35030.65,28858.19,0,2,0.0314,11.87,0
SME-140,12,28767.08,21404.95,1,0,0.0812,11.82,0
SME-141,1,23789.45,21585.3,1,0,0.0799,5.12,0
SME-141,2,22008.78,15541.75,1,0,0.0389,6.36,0
SME-141,3,29380.76,18417.11,0,1,0.1253,5.1,0
SME-141,4,21540.62,16817.06,1,2,0.1477,5.47,0
SME-141,5,20647.48,12784.75,0,1,0.1645,4.54,0
SME-141,6,18858.27,13464.42,0,0,0.0548,5.59,0
SME-141,7,22285.2,23312.91,1,0,0.0679,4.92,0
SME-141,8,23377.19,20543.76,0,1,0.0895,5.02,0
SME-141,9,28358.69,25351.09,0,0,0.1071,4.43,0
SME-141,10,25785.47,23476.05,1,0,0.0787,4.28,0
SME-141,11,24332.28,17883.27,2,0,0.0636,6.0,0
SME-141,12,20542.93,16162.87,1,1,0.0938,4.9,0
SME-142,1,12971.51,8780.76,1,2,0.1386,6.58,0
SME-142,2,16502.05,15026.66,2,2,0.1198,5.79,0
SME-142,3,16785.95,18537.56,3,0,0.1125,6.82,0
SME-142,4,20108.61,15760.2,1,0,0.092,5.15,0
SME-142,5,17715.71,13629.94,0,0,0.0769,5.42,0
SME-142,6,17260.37,14604.2,1,1,0.068,6.39,0
SME-142,7,19521.03,21078.25,3,1,0.0537,5.96,0
SME-142,8,19540.0,15878.75,3,0,0.057,5.81,0
SME-142,9,20424.15,19204.69,1,1,0.0212,6.06,0
SME-142,10,16928.27,13674.39,1,0,0.0783,6.24,0
SME-142,11,17491.35,16810.96,2,1,0.0838,6.27,0
SME-142,12,18043.74,15469.54,2,1,0.026,6.55,0
SME-143,1,35293.88,30956.99,4,1,0.159,9.13,0
SME-143,2,35177.1,31601.44,1,0,0.0017,8.34,0
SME-143,3,38062.43,32419.18,2,0,0.0369,8.33,0
SME-143,4,25114.14,24233.5,2,1,0.1693,9.0,0
SME-143,5,43007.7,37189.02,1,0,0.2132,9.31,0
SME-143,6,31987.34,30392.28,1,1,0.2209,9.57,0
SME-143,7,38250.5,32122.53,0,0,0.1196,8.37,0
SME-143,8,39647.15,36847.0,2,2,0.0909,8.79,0
SME-143,9,31646.23,28077.63,2,0,0.0956,10.14,0
SME-143,10,32358.78,29660.04,4,3,0.1046,9.18,0
SME-143,11,34580.32,32149.92,1,1,0.038,8.23,0
SME-143,12,32204.36,29034.28,0,1,0.0328,8.51,0
SME-144,1,34465.86,22899.15,2,1,0.0518,10.3,0
SME-144,2,45228.27,36026.23,3,0,0.135,10.99,0
SME-144,3,53493.71,51794.23,3,1,0.1755,11.26,0
SME-144,4,51435.42,49219.43,3,0,0.0702,10.14,0
SME-144,5,50433.13,34175.9,0,1,0.0246,10.41,0
SME-144,6,47942.76,38922.31,3,0,0.0294,10.73,0
SME-144,7,46838.77,33997.25,0,1,0.0311,10.49,0
SME-144,8,58948.61,50626.06,1,2,0.1067,10.65,0
SME-144,9,42019.8,31897.5,1,3,0.1445,10.65,0
SME-144,10,41788.76,37025.62,2,2,0.1689,10.05,0
SME-144,11,44926.88,40727.96,1,0,0.0333,10.97,0
SME-144,12,42650.29,26846.51,2,1,0.0307,10.92,0
SME-145,1,77695.14,68128.72,4,0,0.1748,13.93,0
SME-145,2,90611.91,91139.25,1,1,0.0767,13.54,0
SME-145,3,60540.05,53444.75,3,1,0.1615,13.01,0
SME-145,4,63165.6,66283.42,3,1,0.1904,14.35,0
SME-145,5,63582.79,52206.57,3,0,0.0216,14.13,0
SME-145,6,84267.74,68095.03,2,0,0.14,13.78,0
SME-145,7,66362.6,74231.5,0,0,0.1284,13.81,0
SME-145,8,77532.79,57923.99,4,1,0.0971,14.75,0
SME-145,9,70230.68,68090.04,1,0,0.0649,13.54,0
SME-145,10,91146.07,85345.01,2,0,0.1088,14.55,0
SME-145,11,91255.23,94288.92,3,0,0.1174,13.77,0
SME-145,12,83440.41,77004.77,2,0,0.0413,14.09,0
SME-146,1,49584.83,45193.72,3,0,0.1499,7.56,0
SME-146,2,39156.52,43807.95,0,1,0.1175,6.81,0
SME-146,3,41356.63,35487.55,3,1,0.1035,7.5,0
SME-146,4,47811.77,45595.07,3,2,0.0859,7.48,0
SME-146,5,42709.34,41480.94,4,2,0.0632,7.1,0
SME-146,6,50470.1,40343.37,0,0,0.0685,7.43,0
SME-146,7,38242.49,40107.59,3,2,0.1153,7.74,0
SME-146,8,37730.28,33402.52,3,1,0.1397,8.03,0
SME-146,9,34378.95,29649.65,2,0,0.0466,6.49,0
SME-146,10,37459.82,37402.66,1,0,0.0416,7.6,0
SME-146,11,36851.94,34751.25,4,0,0.0368,7.54,0
SME-146,12,49837.4,46231.75,4,2,0.1446,6.31,0
SME-147,1,36303.61,31810.89,3,0,0.0848,5.65,0
SME-147,2,48776.21,43087.96,2,0,0.1466,5.06,0
SME-147,3,24753.72,22642.08,0,1,0.2679,5.21,0
SME-147,4,36424.68,34960.87,2,0,0.2676,5.03,0
SME-147,5,48166.77,46100.56,1,1,0.2622,4.85,0
SME-147,6,37393.11,38727.58,0,2,0.1309,6.29,0
SME-147,7,35147.92,26930.61,2,0,0.1412,4.39,0
SME-147,8,48671.92,41885.16,4,2,0.1465,5.28,0
SME-147,9,46055.18,41110.04,2,0,0.1353,5.66,0
SME-147,10,39394.79,34008.34,1,0,0.0874,4.15,0
SME-147,11,39491.43,31265.41,2,1,0.0748,5.52,0
SME-147,12,53145.57,46258.05,3,1,0.1468,4.77,0
SME-148,1,51064.0,39604.9,2,1,0.0545,8.6,0
SME-148,2,50667.39,38967.21,2,0,0.0039,7.65,0
SME-148,3,37547.24,28747.41,1,0,0.1353,9.02,0
SME-148,4,40372.35,31551.31,0,0,0.1315,7.47,0
SME-148,5,52601.23,49413.52,2,0,0.1502,7.85,0
SME-148,6,50012.95,39701.73,0,3,0.1104,7.71,0
SME-148,7,49873.96,37083.39,2,1,0.0247,7.18,0
SME-148,8,50546.97,41844.61,2,4,0.0058,7.67,0
SME-148,9,55325.44,41056.02,0,0,0.0467,7.09,0
SME-148,10,49383.21,43595.48,3,1,0.0497,8.01,0
SME-148,11,46642.94,34523.79,1,0,0.0718,7.27,0
SME-148,12,44641.91,37446.31,2,1,0.0414,7.43,0
SME-149,1,31768.79,25762.63,2,0,0.1667,7.51,0
SME-149,2,22274.15,16644.7,0,1,0.1757,5.86,0
SME-149,3,18380.8,17572.17,1,1,0.2329,6.62,0
SME-149,4,22140.83,13925.18,1,0,0.0862,6.66,0
SME-149,5,29140.69,19289.82,3,1,0.192,7.46,0
SME-149,6,32847.31,29128.44,0,1,0.1583,7.06,0
SME-149,7,19832.68,11988.95,3,2,0.2007,6.26,0
SME-149,8,19785.85,17492.3,1,1,0.2544,7.13,0
SME-149,9,29657.32,20605.0,1,1,0.201,6.48,0
SME-149,10,26709.61,16984.89,1,0,0.163,7.05,0
SME-149,11,24000.23,16502.56,2,0,0.0862,6.7,0
SME-149,12,23379.84,20921.06,1,1,0.0585,6.47,0
SME-150,1,28267.01,21196.63,1,1,0.1417,11.12,0
SME-150,2,30063.08,15080.27,4,1,0.0308,11.67,0
SME-150,3,28041.47,23149.34,3,1,0.0314,11.41,0
SME-150,4,34334.77,22366.97,1,0,0.0851,11.94,0
SME-150,5,26383.55,19566.85,2,0,0.1158,11.04,0
SME-150,6,24884.61,18988.38,2,0,0.1453,11.31,0
SME-150,7,26119.11,18772.9,4,1,0.0253,11.88,0
SME-150,8,31405.07,24595.57,1,0,0.103,11.27,0
SME-150,9,23512.9,18835.58,0,1,0.1215,11.56,0
SME-150,10,29643.87,19230.72,4,0,0.12,11.8,0
SME-150,11,36146.61,22037.12,1,0,0.1733,10.53,0
SME-150,12,40645.11,28651.07,0,0,0.1273,11.42,0
SME-151,1,28550.51,23894.31,1,1,0.1354,8.44,0
SME-151,2,39695.19,30393.07,1,1,0.1633,8.94,0
SME-151,3,33186.64,21010.06,6,0,0.1352,9.6,0
SME-151,4,28528.85,22086.01,1,0,0.1355,9.31,0
SME-151,5,29621.07,19976.76,2,1,0.0653,7.92,0
SME-151,6,23033.44,25497.88,0,1,0.1065,7.92,0
SME-151,7,28647.05,27708.59,0,2,0.1071,8.53,0
SME-151,8,42657.92,32724.15,2,1,0.2624,9.37,0
SME-151,9,32646.79,23279.92,2,1,0.1701,9.78,0
SME-151,10,35775.08,22637.57,0,0,0.1129,9.57,0
SME-151,11,36272.56,34584.29,1,0,0.046,8.9,0
SME-151,12,31151.7,23764.69,1,1,0.067,10.19,0
SME-152,1,35739.78,30116.69,2,2,0.1099,10.16,0
SME-152,2,35162.27,26464.86,1,1,0.0081,10.01,0
SME-152,3,32771.78,29631.9,1,1,0.0372,9.15,0
SME-152,4,39487.36,26238.52,3,0,0.0776,9.84,0
SME-152,5,29714.09,19838.92,1,1,0.1201,10.59,0
SME-152,6,37251.65,25922.25,1,0,0.1178,8.62,0
SME-152,7,30616.66,24809.91,1,1,0.1033,9.57,0
SME-152,8,28395.49,22781.29,0,1,0.1172,10.85,0
SME-152,9,24598.99,18215.61,2,1,0.0891,10.02,0
SME-152,10,28319.38,18192.46,2,2,0.0654,8.81,0
SME-152,11,27988.24,21594.93,0,0,0.0623,10.2,0
SME-152,12,31602.14,20736.3,1,1,0.0557,9.77,0
SME-153,1,43499.44,39760.78,0,0,0.0793,9.05,0
SME-153,2,43056.13,36231.44,2,1,0.0051,9.71,0
SME-153,3,36549.97,27857.65,3,0,0.0774,10.05,0
SME-153,4,36114.3,35370.08,5,1,0.0823,9.11,0
SME-153,5,42867.06,27637.4,0,1,0.0801,9.15,0
SME-153,6,47947.38,46973.34,1,1,0.1146,9.24,0
SME-153,7,36367.46,37375.72,0,0,0.1118,8.85,0
SME-153,8,37429.79,28254.9,1,0,0.1288,9.02,0
SME-153,9,37008.67,29390.25,3,0,0.0118,9.49,0
SME-153,10,38591.84,36943.34,1,1,0.0178,10.23,0
SME-153,11,44393.72,34194.4,0,0,0.0794,10.06,0
SME-153,12,32283.1,29452.06,0,0,0.1287,10.47,0
SME-154,1,27202.73,23518.69,2,1,0.1277,4.68,0
SME-154,2,22600.29,14285.26,1,0,0.0924,5.16,0
SME-154,3,21824.15,15922.5,0,0,0.0994,5.06,0
SME-154,4,19984.54,14092.86,2,2,0.0511,4.81,0
SME-154,5,21282.45,16549.27,1,0,0.0367,5.63,0
SME-154,6,24504.75,20234.83,4,0,0.0867,5.84,0
SME-154,7,24044.71,23293.24,0,0,0.0611,5.0,0
SME-154,8,23387.7,17535.96,0,0,0.0191,5.81,0
SME-154,9,22405.41,17555.69,0,0,0.0289,5.56,0
SME-154,10,22076.02,17393.03,2,0,0.0246,5.21,0
SME-154,11,17387.11,12239.16,1,1,0.1111,6.03,0
SME-154,12,23773.47,19617.92,2,0,0.1281,5.61,0
SME-155,1,13018.77,13356.59,0,1,0.4206,1.76,1
SME-155,2,16283.52,17809.26,2,0,0.1114,2.6,1
SME-155,3,18602.36,21514.72,4,1,0.1434,1.13,1
SME-155,4,14129.58,16010.67,1,0,0.1118,1.25,1
SME-155,5,14643.23,17275.68,6,1,0.1266,2.35,1
SME-155,6,12129.72,12388.69,1,4,0.0795,2.78,1
SME-155,7,11092.97,14514.15,2,2,0.1357,1.87,1
SME-155,8,15293.45,17716.26,2,2,0.1692,1.68,1
SME-155,9,12146.83,14709.29,6,1,0.2124,0.2,1
SME-155,10,13376.77,14759.74,9,2,0.1886,0.34,1
SME-155,11,13185.88,13788.67,6,5,0.1138,1.8,1
SME-155,12,15097.04,15896.38,8,2,0.2023,0.57,1
SME-156,1,36506.71,32780.1,3,0,0.1312,6.31,0
SME-156,2,35034.51,32253.28,2,1,0.0206,5.97,0
SME-156,3,39400.76,34933.31,0,1,0.049,7.06,0
SME-156,4,40836.47,44836.06,1,1,0.0642,4.55,0
SME-156,5,33915.82,26732.58,2,0,0.0784,6.99,0
SME-156,6,28077.75,30352.62,2,0,0.1521,5.45,0
SME-156,7,28506.74,21998.67,1,1,0.0881,6.38,0
SME-156,8,26344.41,22450.29,1,0,0.0338,6.25,0
SME-156,9,30078.86,24594.99,3,0,0.0541,5.52,0
SME-156,10,37795.95,34937.2,0,0,0.1518,5.4,0
SME-156,11,25721.34,20658.0,3,2,0.16,6.61,0
SME-156,12,31364.72,29800.18,1,0,0.156,5.39,0
SME-157,1,16866.65,11640.88,2,0,0.0752,5.3,0
SME-157,2,17659.58,14836.71,1,1,0.023,6.48,0
SME-157,3,17507.89,13487.33,3,1,0.0198,5.78,0
SME-157,4,19510.56,14685.85,1,1,0.05,5.25,0
SME-157,5,18505.01,14939.45,1,0,0.0442,6.72,0
SME-157,6,15008.18,11757.96,2,1,0.1092,7.22,0
SME-157,7,15331.34,12693.81,1,1,0.0969,5.95,0
SME-157,8,17794.91,15022.08,2,0,0.0776,6.51,0
SME-157,9,16633.16,13406.93,2,0,0.0607,5.65,0
SME-157,10,17695.62,16055.13,2,1,0.0303,5.15,0
SME-157,11,13851.93,11841.78,3,0,0.1009,5.92,0
SME-157,12,15077.74,13666.51,0,1,0.1031,5.62,0
SME-158,1,40155.13,29683.52,0,0,0.1133,14.21,0
SME-158,2,41212.87,28386.29,2,1,0.013,13.36,0
SME-158,3,34629.74,25574.95,3,2,0.0747,13.97,0
SME-158,4,41319.8,29990.41,3,1,0.0801,13.61,0
SME-158,5,46570.13,46000.4,0,0,0.1196,13.24,0
SME-158,6,42310.84,31148.33,1,1,0.0525,13.0,0
SME-158,7,38383.55,29183.42,2,1,0.0788,13.05,0
SME-158,8,40493.9,27787.87,0,1,0.0397,13.11,0
SME-158,9,36282.18,30785.29,1,0,0.0448,13.86,0
SME-158,10,38603.69,34207.84,1,1,0.0448,13.37,0
SME-158,11,50277.46,35453.83,2,1,0.1468,13.19,0
SME-158,12,38217.88,24496.42,1,0,0.1321,13.22,0
SME-159,1,45564.23,39790.8,0,0,0.1456,12.76,0
SME-159,2,36901.06,36363.38,3,2,0.1051,12.63,0
SME-159,3,42667.54,35634.42,0,1,0.0863,13.45,0
SME-159,4,46031.69,42095.32,0,0,0.0901,13.96,0
SME-159,5,42629.04,36835.41,2,1,0.0364,13.55,0
SME-159,6,50719.68,32676.14,1,1,0.0714,13.73,0
SME-159,7,41434.09,29403.28,2,0,0.0918,12.91,0
SME-159,8,37016.68,27157.9,2,0,0.1326,11.84,0
SME-159,9,36905.09,35610.63,3,0,0.0549,13.41,0
SME-159,10,33214.43,22983.84,0,1,0.0495,12.63,0
SME-159,11,41339.37,35216.88,3,2,0.0894,13.51,0
SME-159,12,44237.49,32625.57,1,0,0.1178,12.44,0
SME-160,1,33160.78,29700.64,4,1,0.3601,5.24,1
SME-160,2,42644.95,33420.41,3,2,0.1251,5.58,1
SME-160,3,32313.85,27789.55,1,0,0.1299,4.86,1
SME-160,4,29118.96,28127.92,4,1,0.1664,5.67,1
SME-160,5,43050.22,36782.02,2,1,0.1711,3.85,1
SME-160,6,41044.98,40277.7,1,2,0.1629,5.49,1
SME-160,7,32874.14,25992.26,5,3,0.1347,5.59,1
SME-160,8,40339.47,46469.77,2,2,0.1265,4.89,1
SME-160,9,39159.61,36129.03,5,3,0.1317,5.2,1
SME-160,10,28911.96,30167.46,4,3,0.2319,4.52,1
SME-160,11,24538.56,22190.19,8,1,0.2872,4.4,1
SME-160,12,26829.0,32761.35,4,3,0.1906,3.77,1
SME-161,1,50606.17,38161.56,0,1,0.1257,5.0,0
SME-161,2,41772.71,32751.42,1,1,0.0956,4.45,0
SME-161,3,38502.62,47349.23,1,0,0.1172,5.45,0
SME-161,4,33205.85,31834.1,1,1,0.0933,3.99,0
SME-161,5,43316.53,48945.77,1,1,0.1077,4.28,0
SME-161,6,42669.2,40676.51,3,0,0.1163,4.6,0
SME-161,7,40354.39,39928.33,2,1,0.0302,4.07,0
SME-161,8,43114.46,40783.38,0,3,0.0288,5.14,0
SME-161,9,37573.87,33795.0,0,0,0.0561,3.58,0
SME-161,10,41912.6,40763.42,0,0,0.0582,4.7,0
SME-161,11,50894.36,44436.47,3,0,0.1276,5.11,0
SME-161,12,29994.69,28931.4,5,0,0.2091,4.28,0
SME-162,1,53631.65,46869.29,2,0,0.0933,5.91,0
SME-162,2,52813.47,37070.21,2,0,0.0077,6.74,0
SME-162,3,55033.02,52790.53,2,1,0.017,6.64,0
SME-162,4,49834.85,44165.36,3,1,0.0405,6.23,0
SME-162,5,59590.18,52238.39,2,2,0.0727,6.44,0
SME-162,6,65379.59,61849.42,2,0,0.1101,5.34,0
SME-162,7,52450.21,35801.05,2,3,0.0894,5.95,0
SME-162,8,57221.21,45653.88,2,0,0.0915,6.13,0
SME-162,9,49525.81,41251.91,2,0,0.0598,6.94,0
SME-162,10,53180.75,47914.48,1,0,0.059,6.07,0
SME-162,11,59718.66,52170.62,1,1,0.0779,6.52,0
SME-162,12,61175.41,54910.53,1,1,0.0599,6.08,0
SME-163,1,54502.71,43152.96,4,1,0.1002,9.67,0
SME-163,2,59098.1,50817.7,3,1,0.0405,9.86,0
SME-163,3,45029.29,36634.64,2,2,0.1108,8.72,0
SME-163,4,47970.04,39036.4,1,1,0.1195,9.4,0
SME-163,5,63799.45,44723.02,4,0,0.1577,8.79,0
SME-163,6,46743.09,38371.16,1,1,0.147,9.3,0
SME-163,7,64953.91,53840.18,0,2,0.1423,8.99,0
SME-163,8,58646.05,39548.02,3,0,0.133,8.5,0
SME-163,9,63950.77,45265.05,1,1,0.0443,9.09,0
SME-163,10,62281.53,55166.49,2,0,0.0359,8.76,0
SME-163,11,63520.56,59199.08,0,2,0.0112,9.01,0
SME-163,12,43636.82,33772.5,3,2,0.161,9.15,0
SME-164,1,54635.42,54789.39,2,1,0.0625,10.24,1
SME-164,2,38540.51,33766.98,4,0,0.1727,10.36,1
SME-164,3,45774.36,47506.14,2,1,0.1421,11.21,1
SME-164,4,41024.96,33620.77,3,0,0.0718,9.77,1
SME-164,5,33050.98,29731.36,3,0,0.1314,10.19,1
SME-164,6,38518.01,35195.11,3,2,0.0887,11.27,1
SME-164,7,31886.61,28343.89,1,1,0.0838,10.98,1
SME-164,8,37361.29,27671.75,2,0,0.0805,10.47,1
SME-164,9,49243.97,37091.51,2,1,0.1834,11.13,1
SME-164,10,43191.01,42235.0,1,1,0.1121,9.79,1
SME-164,11,40683.15,38246.51,1,1,0.081,10.19,1
SME-164,12,35507.29,34914.5,3,0,0.0804,10.52,1
SME-165,1,77877.97,63214.75,1,1,0.0953,13.44,0
SME-165,2,61276.81,59124.97,2,1,0.1193,13.1,0
SME-165,3,68898.08,66056.87,1,0,0.0978,13.57,0
SME-165,4,78154.55,61692.24,0,0,0.0994,13.29,0
SME-165,5,63478.82,50213.0,2,1,0.0863,13.51,0
SME-165,6,94056.31,73195.0,0,0,0.1589,13.25,0
SME-165,7,63538.79,63009.35,2,0,0.1954,13.22,0
SME-165,8,58015.14,50420.96,0,0,0.2205,14.15,0
SME-165,9,79061.65,79650.36,0,2,0.1332,12.83,0
SME-165,10,57641.27,46056.44,5,0,0.1542,13.7,0
SME-165,11,93869.43,85485.0,1,0,0.1935,13.27,0
SME-165,12,57756.39,54409.16,1,1,0.2444,13.11,0
SME-166,1,43994.79,46846.9,4,0,0.108,11.16,0
SME-166,2,36212.41,27394.23,1,1,0.097,11.69,0
SME-166,3,37553.12,29867.79,0,0,0.0865,10.5,0
SME-166,4,52942.68,42104.41,1,0,0.1797,9.99,0
SME-166,5,47541.35,37267.99,4,0,0.1386,11.23,0
SME-166,6,41375.58,38139.64,2,0,0.0999,10.81,0
SME-166,7,44345.25,38928.38,3,0,0.0567,12.19,0
SME-166,8,55581.76,48901.57,0,2,0.1299,11.69,0
SME-166,9,43042.35,40075.42,1,0,0.1181,10.53,0
SME-166,10,32027.39,26620.14,3,0,0.221,10.68,0
SME-166,11,45631.85,39421.01,1,0,0.1466,10.89,0
SME-166,12,37302.94,31516.25,0,0,0.1461,12.03,0
SME-167,1,51837.39,43677.58,0,2,0.1727,5.97,0
SME-167,2,49062.92,42858.55,0,0,0.0275,6.41,0
SME-167,3,55555.2,55427.7,2,3,0.051,4.96,0
SME-167,4,38970.03,28534.47,0,0,0.1426,4.02,0
SME-167,5,49265.89,36818.35,2,0,0.1426,6.29,0
SME-167,6,64820.87,43770.75,2,3,0.2083,5.36,0
SME-167,7,59111.29,46306.99,3,0,0.1113,5.39,0
SME-167,8,42794.21,33815.04,2,0,0.1679,4.76,0
SME-167,9,48964.14,33311.86,1,1,0.1338,5.46,0
SME-167,10,48955.54,32083.97,1,1,0.062,5.06,0
SME-167,11,55590.14,49399.82,2,1,0.0611,5.98,0
SME-167,12,54732.59,42868.87,2,2,0.0555,6.01,0
SME-168,1,26112.49,35583.12,2,4,0.2777,2.09,1
SME-168,2,22651.63,24592.12,1,1,0.071,1.34,1
SME-168,3,24658.98,30013.44,1,1,0.058,2.67,1
SME-168,4,18991.3,22756.22,2,1,0.1062,1.65,1
SME-168,5,18591.53,21098.7,3,1,0.1336,1.99,1
SME-168,6,20855.17,19320.11,1,2,0.0506,1.46,1
SME-168,7,17293.98,16130.92,1,1,0.0997,2.19,1
SME-168,8,19147.88,18965.19,3,1,0.1097,2.51,1
SME-168,9,20861.12,22850.65,9,4,0.1322,1.91,1
SME-168,10,14926.94,22653.03,4,0,0.2206,1.55,1
SME-168,11,16748.71,19972.53,5,3,0.2446,2.45,1
SME-168,12,16486.29,17437.89,3,3,0.1353,1.65,1
SME-169,1,21295.64,18267.37,1,0,0.076,13.11,0
SME-169,2,24685.63,21178.6,1,2,0.0737,13.35,0
SME-169,3,27038.23,23153.15,1,0,0.0968,12.44,0
SME-169,4,19553.62,19916.15,0,0,0.1315,12.78,0
SME-169,5,29170.61,18461.73,4,1,0.1633,13.04,0
SME-169,6,24459.16,20860.81,2,1,0.161,12.36,0
SME-169,7,23271.46,20717.2,2,0,0.0994,13.26,0
SME-169,8,23101.39,21360.21,2,1,0.0256,13.27,0
SME-169,9,34343.89,31169.76,2,0,0.1955,13.43,0
SME-169,10,32785.22,26137.83,1,2,0.1654,12.32,0
SME-169,11,26678.8,20357.91,1,0,0.1058,13.02,0
SME-169,12,21933.29,19993.02,0,1,0.1637,14.12,0
SME-170,1,30605.5,22712.65,0,2,0.1448,11.74,0
SME-170,2,32846.05,25742.54,1,0,0.0353,11.23,0
SME-170,3,36694.91,32672.18,2,0,0.0753,11.42,0
SME-170,4,28104.86,18566.16,3,1,0.1079,11.4,0
SME-170,5,39827.46,34057.99,0,4,0.1421,11.66,0
SME-170,6,27214.48,20163.93,2,0,0.1812,12.25,0
SME-170,7,37181.09,25810.18,1,0,0.1563,11.6,0
SME-170,8,49639.87,44286.79,2,0,0.2413,10.47,0
SME-170,9,38255.27,29130.06,2,1,0.1352,11.92,0
SME-170,10,25820.49,18704.96,1,1,0.2566,10.92,0
SME-170,11,35478.43,26100.13,0,0,0.1606,11.22,0
SME-170,12,33090.98,26576.69,2,0,0.1305,12.0,0
SME-171,1,26524.02,22215.41,2,0,0.178,5.57,0
SME-171,2,40855.89,39789.76,4,0,0.2127,5.31,0
SME-171,3,34867.02,28671.63,2,0,0.1724,4.42,0
SME-171,4,37364.22,28401.17,2,1,0.0652,5.26,0
SME-171,5,36232.99,30819.3,1,0,0.0282,4.13,0
SME-171,6,33903.41,26242.17,1,2,0.0402,4.62,0
SME-171,7,48758.77,36005.82,3,0,0.1646,5.13,0
SME-171,8,24984.51,18672.06,0,2,0.2733,5.79,0
SME-171,9,34264.05,33180.91,1,1,0.2717,4.88,0
SME-171,10,28131.22,27340.12,1,1,0.1323,5.81,0
SME-171,11,34125.56,27091.75,3,1,0.0889,5.12,0
SME-171,12,42412.87,32729.23,1,0,0.1678,4.98,0
SME-172,1,33904.81,27933.16,1,0,0.1227,5.93,0
SME-172,2,27424.29,26795.15,2,1,0.1057,6.57,0
SME-172,3,29594.39,22337.55,3,1,0.0889,5.67,0
SME-172,4,31950.44,20280.91,0,1,0.0623,5.21,0
SME-172,5,33233.1,27777.44,3,2,0.0477,3.92,0
SME-172,6,32841.03,22737.04,3,0,0.0164,4.76,0
SME-172,7,26136.32,17417.05,2,1,0.106,5.73,0
SME-172,8,34386.64,23509.65,2,0,0.1151,5.1,0
SME-172,9,35920.76,25889.73,0,0,0.1337,5.16,0
SME-172,10,24423.25,16799.56,1,1,0.1614,5.09,0
SME-172,11,27777.82,17726.43,1,0,0.1644,5.12,0
SME-172,12,31204.76,22506.88,1,1,0.0996,5.49,0
SME-173,1,26267.14,28444.04,1,1,0.208,5.25,1
SME-173,2,22478.62,21001.42,7,1,0.0777,5.45,1
SME-173,3,27153.87,24147.58,2,2,0.0801,5.16,1
SME-173,4,24873.51,25031.76,4,2,0.0769,5.26,1
SME-173,5,28287.78,28494.39,4,2,0.053,5.33,1
SME-173,6,23345.4,26513.29,1,0,0.081,5.34,1
SME-173,7,20444.28,21010.63,4,2,0.1548,3.9,1
SME-173,8,27601.3,31635.36,4,2,0.1608,4.56,1
SME-173,9,21553.74,20026.96,8,3,0.189,4.04,1
SME-173,10,24403.72,24744.31,7,3,0.1878,3.87,1
SME-173,11,22629.13,24623.32,2,1,0.137,4.36,1
SME-173,12,25094.8,26635.92,4,3,0.1623,3.32,1
SME-174,1,56192.39,44725.78,4,0,0.1245,7.79,0
SME-174,2,66649.62,60309.5,1,0,0.0851,9.37,0
SME-174,3,63275.21,49814.4,1,1,0.0702,7.63,0
SME-174,4,61427.87,56110.18,1,0,0.0339,8.0,0
SME-174,5,64561.4,43336.31,2,0,0.0204,8.05,0
SME-174,6,51006.95,41094.16,0,0,0.0982,7.85,0
SME-174,7,77705.34,54452.54,1,0,0.1692,7.76,0
SME-174,8,61946.17,45831.31,1,0,0.1724,7.29,0
SME-174,9,64785.14,49552.48,5,0,0.1006,8.15,0
SME-174,10,58860.82,56200.76,1,1,0.0391,7.79,0
SME-174,11,67837.86,66341.13,0,1,0.0584,7.08,0
SME-174,12,50841.73,36873.58,3,0,0.1173,8.96,0
SME-175,1,17074.59,19257.1,2,2,0.3397,4.91,1
SME-175,2,24172.94,19262.42,2,4,0.1721,5.96,1
SME-175,3,15584.74,17958.63,5,0,0.1978,4.43,1
SME-175,4,20442.96,20074.42,4,2,0.1752,4.89,1
SME-175,5,13849.55,14854.81,3,0,0.1678,5.81,1
SME-175,6,15792.1,15174.61,4,0,0.1657,5.34,1
SME-175,7,17921.64,20391.43,5,0,0.1257,4.36,1
SME-175,8,15270.1,17761.76,4,2,0.1005,4.48,1
SME-175,9,14052.41,16459.27,4,2,0.1764,3.72,1
SME-175,10,14116.06,16224.64,4,5,0.111,4.61,1
SME-175,11,14123.14,15692.73,2,2,0.1029,3.99,1
SME-175,12,13515.57,16151.51,5,4,0.1218,3.87,1
SME-176,1,42462.61,39604.17,2,0,0.1696,4.15,0
SME-176,2,48358.07,38104.36,3,0,0.0649,3.76,0
SME-176,3,40585.59,33027.47,3,1,0.0756,5.2,0
SME-176,4,42980.93,40140.44,3,2,0.0739,5.3,0
SME-176,5,50086.44,46797.82,1,1,0.0906,4.19,0
SME-176,6,50267.98,45437.96,2,1,0.071,3.2,0
SME-176,7,43143.78,33217.43,3,0,0.0693,5.89,0
SME-176,8,49513.86,50559.94,3,0,0.0671,4.62,0
SME-176,9,46718.18,29835.48,2,0,0.0561,4.32,0
SME-176,10,44771.85,44422.25,1,0,0.0414,4.23,0
SME-176,11,52734.64,49338.97,1,0,0.0705,5.27,0
SME-176,12,42893.52,29082.07,2,1,0.0912,5.47,0
SME-177,1,23951.58,22281.73,1,2,0.3433,1.9,1
SME-177,2,26254.21,23354.67,1,0,0.0459,1.3,1
SME-177,3,20624.52,18036.02,2,2,0.0979,2.27,1
SME-177,4,21153.31,19212.32,2,2,0.1119,2.35,1
SME-177,5,24286.27,16505.82,2,2,0.0734,1.75,1
SME-177,6,20124.66,21044.51,1,2,0.081,1.74,1
SME-177,7,17496.53,19208.97,3,0,0.1518,1.99,1
SME-177,8,23832.74,28086.45,5,2,0.1727,0.68,1
SME-177,9,19109.72,21670.18,1,2,0.1787,1.53,1
SME-177,10,27520.18,26982.42,5,0,0.2227,1.01,1
SME-177,11,21151.27,19816.17,6,2,0.2822,1.85,1
SME-177,12,23005.98,23601.03,3,7,0.2234,1.71,1
SME-178,1,57014.39,58895.59,2,2,0.1658,8.84,0
SME-178,2,49488.77,48434.77,1,0,0.0707,9.08,0
SME-178,3,47151.99,50433.06,1,2,0.0822,9.08,0
SME-178,4,49249.47,52491.42,1,1,0.0216,8.99,0
SME-178,5,55324.88,46487.14,0,0,0.0685,9.25,0
SME-178,6,53690.31,50806.89,0,2,0.0487,9.3,0
SME-178,7,73631.01,66793.69,1,0,0.1485,8.68,0
SME-178,8,54491.85,47602.25,1,1,0.1521,9.92,0
SME-178,9,54578.87,42163.09,1,2,0.1478,10.09,0
SME-178,10,45523.04,44171.25,3,0,0.0824,8.29,0
SME-178,11,55225.48,42055.0,2,1,0.0855,8.63,0
SME-178,12,52861.38,47493.99,2,2,0.0807,8.64,0
SME-179,1,19347.04,17972.19,2,0,0.2476,2.2,1
SME-179,2,25111.88,30691.95,1,1,0.1297,2.32,1
SME-179,3,27239.67,26654.96,3,1,0.1395,2.09,1
SME-179,4,25485.73,28836.23,3,1,0.0358,2.25,1
SME-179,5,26086.16,32954.71,4,0,0.0277,2.87,1
SME-179,6,27961.43,30396.57,0,1,0.0398,2.17,1
SME-179,7,29390.41,25684.78,3,1,0.0728,2.13,1
SME-179,8,22112.42,28925.62,5,3,0.1586,1.62,1
SME-179,9,23821.79,30509.77,3,2,0.1855,2.45,1
SME-179,10,22041.72,24245.43,5,2,0.1264,2.28,1
SME-179,11,19638.74,17900.51,5,3,0.1836,1.49,1
SME-179,12,16009.15,19503.44,9,3,0.2452,1.47,1
SME-180,1,30925.41,25844.09,2,0,0.0896,5.81,0
SME-180,2,46572.46,41569.97,0,0,0.2019,5.75,0
SME-180,3,34806.74,31732.16,1,2,0.1777,6.61,0
SME-180,4,45331.37,42075.99,2,1,0.125,7.05,0
SME-180,5,32626.43,33087.01,0,1,0.1476,6.43,0
SME-180,6,36569.48,34909.79,1,2,0.1391,6.43,0
SME-180,7,35188.41,36958.06,1,1,0.047,6.43,0
SME-180,8,36388.33,35574.91,0,0,0.017,5.55,0
SME-180,9,26036.36,22058.3,0,0,0.1421,5.85,0
SME-180,10,36098.31,32703.0,2,0,0.1466,5.75,0
SME-180,11,27071.04,26780.09,2,1,0.152,4.65,0
SME-180,12,31264.37,32455.97,3,3,0.1172,5.46,0
SME-181,1,18201.11,18562.2,6,0,0.3495,5.57,1
SME-181,2,14423.33,13928.82,1,1,0.1158,6.19,1
SME-181,3,18471.54,15426.41,2,0,0.1085,6.41,1
SME-181,4,18379.35,20055.16,2,1,0.1104,5.35,1
SME-181,5,14773.12,14600.8,2,1,0.1001,5.8,1
SME-181,6,13790.36,14345.15,5,1,0.1261,5.74,1
SME-181,7,15288.6,18857.03,6,2,0.0563,5.16,1
SME-181,8,14665.7,14817.0,8,2,0.0881,5.84,1
SME-181,9,14355.93,16711.62,6,1,0.0912,4.82,1
SME-181,10,16073.88,13174.03,4,1,0.1121,4.75,1
SME-181,11,13942.95,16614.39,7,3,0.1567,4.06,1
SME-181,12,13652.84,16930.42,5,4,0.1991,4.27,1
SME-182,1,34694.78,31725.17,3,0,0.0588,6.89,0
SME-182,2,35566.05,27429.53,0,1,0.0124,7.64,0
SME-182,3,37011.07,28754.03,2,0,0.0267,6.88,0
SME-182,4,41179.32,35631.42,2,1,0.0628,7.32,0
SME-182,5,31596.63,27622.88,3,1,0.1072,8.0,0
SME-182,6,55874.56,49449.12,2,0,0.2328,7.58,0
SME-182,7,33581.74,29355.82,1,0,0.2728,6.8,0
SME-182,8,31482.77,24786.71,1,1,0.2738,6.81,0
SME-182,9,45686.91,33917.31,1,0,0.1696,6.84,0
SME-182,10,38879.61,34922.68,0,0,0.1499,7.24,0
SME-182,11,28084.42,22983.23,1,1,0.193,7.77,0
SME-182,12,39530.88,26294.35,3,0,0.1479,6.73,0
SME-183,1,67114.39,51015.01,2,0,0.139,5.54,0
SME-183,2,70628.61,53463.58,0,0,0.0255,5.7,0
SME-183,3,65676.93,47186.45,0,0,0.0307,5.33,0
SME-183,4,64585.95,54066.48,2,0,0.0393,5.67,0
SME-183,5,60260.0,38897.33,2,1,0.0368,6.63,0
SME-183,6,60185.72,48411.46,0,1,0.0334,5.98,0
SME-183,7,76587.34,59381.1,1,1,0.1175,6.16,0
SME-183,8,68852.4,51928.7,1,0,0.0977,5.62,0
SME-183,9,78460.52,50364.5,2,2,0.0557,5.83,0
SME-183,10,62315.03,42012.93,1,0,0.0949,5.34,0
SME-183,11,65282.27,52911.87,2,0,0.1022,7.27,0
SME-183,12,63680.62,60323.94,1,0,0.019,5.96,0
SME-184,1,34813.3,34876.59,4,1,0.1068,4.61,0
SME-184,2,33256.83,28586.82,2,0,0.0229,4.42,0
SME-184,3,26685.96,23113.95,6,1,0.1115,4.73,0
SME-184,4,30671.74,25949.31,1,0,0.0895,4.16,0
SME-184,5,42105.21,36748.76,0,1,0.1971,4.94,0
SME-184,6,34194.16,29067.79,2,0,0.1341,4.33,0
SME-184,7,39860.7,43321.46,4,0,0.086,5.03,0
SME-184,8,41716.47,40639.12,0,0,0.0829,5.57,0
SME-184,9,27142.15,22495.9,4,2,0.1787,5.59,0
SME-184,10,33129.44,33772.35,1,1,0.1759,4.74,0
SME-184,11,33899.2,29493.67,3,0,0.0962,4.47,0
SME-184,12,34502.58,30706.7,1,0,0.0166,5.12,0
SME-185,1,40253.36,33650.81,0,0,0.0525,14.17,0
SME-185,2,59342.12,37943.06,0,1,0.1917,14.79,0
SME-185,3,60392.38,50516.35,2,2,0.1736,13.96,0
SME-185,4,39644.17,33730.61,1,0,0.1796,14.21,0
SME-185,5,53535.54,53801.99,3,0,0.1686,14.06,0
SME-185,6,54652.72,35512.14,2,0,0.1385,14.14,0
SME-185,7,51790.2,33774.59,2,0,0.0221,13.68,0
SME-185,8,48653.17,37892.13,0,1,0.0474,14.53,0
SME-185,9,63901.66,58179.93,3,0,0.12,13.48,0
SME-185,10,56817.43,44293.03,2,0,0.1104,13.98,0
SME-185,11,71146.95,54673.89,1,0,0.0915,14.1,0
SME-185,12,54746.83,38214.4,0,0,0.1197,14.41,0
SME-186,1,52638.75,36825.31,3,1,0.1787,6.69,0
SME-186,2,49620.29,47946.87,2,0,0.0295,7.4,0
SME-186,3,75708.64,52073.86,3,3,0.1964,6.71,0
SME-186,4,58070.49,53436.96,6,0,0.1778,7.19,0
SME-186,5,62432.07,38524.75,3,0,0.1147,7.3,0
SME-186,6,58356.82,42558.64,1,0,0.0334,7.41,0
SME-186,7,51830.26,50803.91,1,0,0.0759,6.85,0
SME-186,8,53684.5,36949.26,1,1,0.0503,6.82,0
SME-186,9,61638.42,45666.45,3,0,0.0764,6.82,0
SME-186,10,55704.44,40448.11,1,2,0.0592,7.07,0
SME-186,11,73288.32,49051.96,1,1,0.1149,7.36,0
SME-186,12,59233.35,34680.72,0,1,0.1211,6.3,0
SME-187,1,43723.87,37152.75,1,0,0.1402,10.04,0
SME-187,2,33374.37,22802.9,0,2,0.1342,10.72,0
SME-187,3,44822.33,39931.2,0,0,0.1269,9.8,0
SME-187,4,39047.7,31637.02,2,1,0.1196,10.48,0
SME-187,5,51457.52,39410.67,2,0,0.1124,10.71,0
SME-187,6,39508.88,31078.7,1,0,0.1325,11.24,0
SME-187,7,40338.17,33816.22,1,0,0.1245,9.54,0
SME-187,8,37496.63,28739.14,2,0,0.0305,9.76,0
SME-187,9,43473.81,40254.89,1,1,0.0604,11.44,0
SME-187,10,39641.68,33781.18,2,1,0.0615,9.94,0
SME-187,11,42058.37,43174.63,2,0,0.0379,9.4,0
SME-187,12,43397.25,40109.65,1,0,0.0373,10.93,0
SME-188,1,44112.22,37707.23,2,1,0.0509,7.69,0
SME-188,2,45645.42,49920.36,0,1,0.0171,6.42,0
SME-188,3,43232.6,45801.3,1,1,0.0225,8.26,0
SME-188,4,36822.29,29356.11,2,1,0.0889,7.74,0
SME-188,5,39945.55,39604.5,1,0,0.0654,7.72,0
SME-188,6,33947.68,23688.22,0,1,0.0664,7.91,0
SME-188,7,39815.05,35363.79,2,0,0.0738,8.22,0
SME-188,8,39863.63,41426.16,2,0,0.0733,7.02,0
SME-188,9,38904.37,31858.75,1,0,0.0112,7.77,0
SME-188,10,37552.73,30120.95,2,2,0.0244,7.66,0
SME-188,11,50008.12,50735.83,2,1,0.1324,6.57,0
SME-188,12,39707.43,45444.47,0,0,0.1281,8.65,0
SME-189,1,106965.49,82046.73,1,1,0.1544,9.47,0
SME-189,2,109010.8,74270.39,2,0,0.0095,10.14,0
SME-189,3,121875.9,92492.46,2,0,0.0586,10.7,0
SME-189,4,119016.17,74918.47,0,1,0.0473,10.35,0
SME-189,5,92951.98,57808.29,0,1,0.1169,10.79,0
SME-189,6,89438.75,72481.83,1,0,0.1313,10.42,0
SME-189,7,105995.15,63913.48,3,1,0.0741,10.39,0
SME-189,8,105017.06,83599.85,2,0,0.0757,11.17,0
SME-189,9,85181.68,60986.48,3,1,0.0971,10.41,0
SME-189,10,116196.14,93738.82,0,1,0.1256,9.77,0
SME-189,11,127355.5,90143.93,2,1,0.1628,10.4,0
SME-189,12,101984.15,74225.68,2,0,0.0901,10.12,0
SME-190,1,24254.61,15964.3,3,0,0.1532,8.39,1
SME-190,2,35253.57,29571.15,2,1,0.1848,6.68,1
SME-190,3,30508.78,26602.17,1,1,0.1501,7.99,1
SME-190,4,30762.01,26018.72,1,0,0.0677,8.15,1
SME-190,5,34958.95,33687.07,2,0,0.0636,7.88,1
SME-190,6,34479.43,34284.31,3,1,0.0562,7.62,1
SME-190,7,34889.45,31284.85,2,0,0.0061,7.06,1
SME-190,8,35551.73,36926.98,1,0,0.0126,7.6,1
SME-190,9,28925.08,28364.51,1,1,0.09,7.6,1
SME-190,10,32221.58,29241.63,3,1,0.0839,7.53,1
SME-190,11,32638.84,33473.05,2,1,0.0531,8.59,1
SME-190,12,32252.14,29836.71,0,0,0.0059,7.02,1
SME-191,1,26936.41,18407.38,0,0,0.1059,6.51,0
SME-191,2,40095.17,28341.61,2,1,0.1963,6.69,0
SME-191,3,38331.49,33065.71,4,1,0.1661,6.66,0
SME-191,4,36676.2,24020.98,2,1,0.0364,6.4,0
SME-191,5,35877.08,33662.15,1,0,0.0277,6.22,0
SME-191,6,30973.92,26367.3,1,3,0.0731,7.57,0
SME-191,7,33676.02,25251.43,0,1,0.0598,5.66,0
SME-191,8,38480.35,24514.32,1,0,0.0903,7.38,0
SME-191,9,41073.55,29400.43,1,1,0.0812,7.85,0
SME-191,10,30074.32,22676.25,1,0,0.1285,6.84,0
SME-191,11,32144.67,25275.26,2,1,0.1386,6.92,0
SME-191,12,38420.82,29414.53,1,1,0.1058,6.82,0
SME-192,1,40497.13,38361.74,1,1,0.0522,10.2,0
SME-192,2,36817.52,28947.56,2,1,0.0476,10.53,0
SME-192,3,29671.03,25483.02,3,0,0.126,10.38,0
SME-192,4,36236.93,37242.48,3,0,0.0946,10.32,0
SME-192,5,47520.41,44204.41,1,0,0.195,11.0,0
SME-192,6,44665.62,42785.31,2,1,0.1119,9.96,0
SME-192,7,38927.83,32982.59,3,0,0.0818,9.97,0
SME-192,8,35018.62,35233.46,1,0,0.1002,10.26,0
SME-192,9,36698.67,30828.8,1,0,0.0434,10.04,0
SME-192,10,32598.03,34997.65,1,0,0.0484,10.55,0
SME-192,11,44556.61,41676.65,1,0,0.1307,10.78,0
SME-192,12,34349.65,33717.08,2,2,0.1419,10.09,0
SME-193,1,26561.73,24244.7,1,0,0.3279,2.5,1
SME-193,2,25159.09,25286.51,0,0,0.0271,3.85,1
SME-193,3,34720.34,32011.75,6,1,0.1463,3.0,1
SME-193,4,24135.0,18192.22,1,0,0.1702,3.86,1
SME-193,5,29494.95,28345.49,1,3,0.1467,3.78,1
SME-193,6,33642.67,32515.74,2,2,0.1338,3.59,1
SME-193,7,29992.73,35678.0,6,2,0.0828,2.51,1
SME-193,8,26930.82,22731.96,4,1,0.1199,3.79,1
SME-193,9,31186.48,37789.99,8,2,0.1326,3.42,1
SME-193,10,26357.0,26335.43,3,1,0.17,1.89,1
SME-193,11,21222.46,23013.97,2,3,0.2541,2.05,1
SME-193,12,22582.81,18155.39,5,2,0.199,3.44,1
SME-194,1,41553.28,36527.51,3,0,0.1416,9.75,0
SME-194,2,40433.87,42150.79,3,0,0.0137,8.98,0
SME-194,3,48077.57,45006.12,2,1,0.0777,10.47,0
SME-194,4,46133.73,45036.94,2,1,0.0723,9.32,0
SME-194,5,41435.19,39185.81,1,1,0.0617,8.45,0
SME-194,6,42638.93,42022.1,1,0,0.0459,10.2,0
SME-194,7,35373.63,36240.29,3,1,0.0799,9.96,0
SME-194,8,38230.63,31357.67,0,1,0.0771,10.16,0
SME-194,9,37466.66,35285.36,0,0,0.0326,9.51,0
SME-194,10,41410.03,40465.72,1,0,0.0437,9.63,0
SME-194,11,52498.2,38222.04,1,0,0.1453,9.6,0
SME-194,12,45370.82,42943.91,1,0,0.0988,10.25,0
SME-195,1,52937.72,44479.66,5,1,0.3019,3.11,1
SME-195,2,52858.92,38945.62,5,0,0.0007,2.35,1
SME-195,3,56696.01,53950.02,3,1,0.0331,2.3,1
SME-195,4,65419.55,68841.27,4,0,0.0901,1.92,1
SME-195,5,53774.51,55327.06,6,0,0.0844,2.36,1
SME-195,6,48139.18,37088.82,3,0,0.129,2.07,1
SME-195,7,57097.17,50955.66,2,2,0.0899,3.19,1
SME-195,8,43084.25,43519.97,7,4,0.1518,2.44,1
SME-195,9,57437.85,63228.32,4,3,0.1833,2.63,1
SME-195,10,57393.76,61073.08,3,2,0.2031,2.39,1
SME-195,11,41447.22,30794.59,2,3,0.2161,1.0,1
SME-195,12,44110.27,30906.19,3,2,0.2533,2.46,1
SME-196,1,55845.28,41518.15,1,0,0.1587,4.69,0
SME-196,2,65344.21,46094.85,1,2,0.0784,4.87,0
SME-196,3,50120.13,38641.89,1,2,0.11,4.74,0
SME-196,4,63597.12,48844.3,2,3,0.114,5.06,0
SME-196,5,42605.3,26592.99,2,0,0.1667,4.64,0
SME-196,6,64914.77,49204.07,2,2,0.1792,4.94,0
SME-196,7,53932.92,46215.67,1,1,0.1692,6.22,0
SME-196,8,63926.25,50598.11,5,1,0.0814,4.96,0
SME-196,9,56809.75,48244.23,2,1,0.0721,6.38,0
SME-196,10,74730.51,57090.19,1,0,0.1131,4.94,0
SME-196,11,54914.67,42454.91,3,1,0.1437,5.51,0
SME-196,12,51127.75,38201.95,3,0,0.1718,5.92,0
SME-197,1,17940.13,12322.25,0,1,0.0563,9.24,0
SME-197,2,24174.54,16163.82,0,1,0.148,10.0,0
SME-197,3,30254.17,30762.17,4,0,0.2084,9.53,0
SME-197,4,18087.81,12033.51,1,1,0.2055,10.32,0
SME-197,5,23768.06,17058.8,2,0,0.2068,9.29,0
SME-197,6,24818.6,20529.61,0,2,0.133,9.57,0
SME-197,7,22234.51,20187.41,0,1,0.0449,10.27,0
SME-197,8,23321.35,18818.68,1,1,0.0452,10.79,0
SME-197,9,23776.91,17125.16,1,1,0.028,10.02,0
SME-197,10,24157.75,19257.56,2,0,0.0144,9.68,0
SME-197,11,24179.5,18292.14,4,2,0.0077,10.26,0
SME-197,12,26603.86,20854.82,1,2,0.046,10.11,0
SME-198,1,25414.77,22271.52,4,1,0.3315,1.23,1
SME-198,2,40285.45,46613.82,4,4,0.2263,2.14,1
SME-198,3,27835.67,22642.18,3,2,0.209,2.1,1
SME-198,4,34444.37,35857.29,1,0,0.1488,2.01,1
SME-198,5,26435.66,27891.83,4,1,0.1181,2.01,1
SME-198,6,29664.19,28906.18,5,2,0.109,2.21,1
SME-198,7,34566.48,36181.09,1,2,0.1248,2.17,1
SME-198,8,29684.49,30252.54,5,4,0.1082,1.96,1
SME-198,9,32028.72,27164.04,4,2,0.1218,1.86,1
SME-198,10,29321.68,24488.75,9,4,0.116,1.73,1
SME-198,11,24410.48,16994.07,2,1,0.2219,1.53,1
SME-198,12,23785.14,25527.15,6,5,0.1871,2.21,1
SME-199,1,13811.61,12362.02,2,0,0.0634,4.9,0
SME-199,2,16825.61,15398.84,1,1,0.0984,6.44,0
SME-199,3,22481.79,19469.22,0,2,0.203,5.48,0
SME-199,4,19921.25,15021.0,0,1,0.1171,4.24,0
SME-199,5,19541.7,16441.82,2,1,0.0632,4.76,0
SME-199,6,19703.07,13872.11,4,1,0.0079,4.88,0
SME-199,7,15669.14,11298.09,2,0,0.1019,4.8,0
SME-199,8,19624.9,15109.49,1,1,0.1027,5.06,0
SME-199,9,21956.75,16872.78,0,1,0.136,4.63,0
SME-199,10,18330.04,13059.01,5,0,0.0751,4.28,0
SME-199,11,17747.42,16418.14,2,1,0.0963,4.56,0
SME-199,12,15589.57,14547.74,1,1,0.0684,5.4,0
SME-200,1,25951.73,17248.18,1,0,0.1546,11.79,0
SME-200,2,27959.55,18492.81,6,1,0.0372,13.16,0
SME-200,3,23811.38,15004.69,1,0,0.0654,12.72,0
SME-200,4,19875.47,14525.31,1,0,0.1382,12.76,0
SME-200,5,33286.72,23192.56,1,1,0.2194,13.47,0
SME-200,6,26459.73,12753.86,4,1,0.2063,12.77,0
SME-200,7,31656.79,23623.95,0,1,0.0955,13.25,0
SME-200,8,30090.38,22219.55,2,1,0.074,11.9,0
SME-200,9,27540.42,16751.24,0,0,0.057,12.14,0
SME-200,10,25902.8,24247.93,4,2,0.0619,13.59,0
SME-200,11,16683.45,10882.26,1,0,0.2044,12.77,0
SME-200,12,23010.14,15246.08,2,0,0.1761,13.11,0
SME-201,1,27281.91,19900.88,0,0,0.1158,12.63,0
SME-201,2,33503.8,28289.49,1,0,0.1024,13.49,0
SME-201,3,34330.66,27327.19,1,0,0.0992,12.25,0
SME-201,4,31940.3,24702.74,1,1,0.0298,13.61,0
SME-201,5,32006.16,28700.34,2,0,0.0339,13.86,0
SME-201,6,35836.7,26281.68,0,0,0.0548,13.0,0
SME-201,7,28593.8,28257.46,2,1,0.092,13.67,0
SME-201,8,37879.59,27554.32,2,0,0.1168,13.46,0
SME-201,9,25477.63,19858.8,1,1,0.1719,13.94,0
SME-201,10,31435.12,21887.2,3,1,0.1603,13.05,0
SME-201,11,23535.2,25781.89,1,0,0.1253,12.24,0
SME-201,12,37631.81,27452.1,2,1,0.1869,12.56,0
SME-202,1,64746.61,42985.68,1,1,0.1541,8.12,0
SME-202,2,48404.39,39895.53,1,1,0.1444,7.88,0
SME-202,3,33409.55,25830.54,3,1,0.262,8.01,0
SME-202,4,46117.91,27118.39,2,0,0.1547,8.3,0
SME-202,5,46499.6,35943.43,0,0,0.1448,7.14,0
SME-202,6,52154.69,37126.87,0,2,0.0572,7.82,0
SME-202,7,38271.22,34990.22,3,0,0.1249,8.11,0
SME-202,8,50775.96,37822.8,1,1,0.1327,7.18,0
SME-202,9,56210.86,42039.38,3,1,0.1551,8.02,0
SME-202,10,67681.0,59230.68,3,1,0.121,7.61,0
SME-202,11,48464.62,39133.5,2,0,0.1374,8.28,0
SME-202,12,45608.11,31533.82,1,0,0.1818,8.9,0
SME-203,1,20190.22,21276.25,4,4,0.2411,4.16,1
SME-203,2,22920.93,30084.8,5,0,0.0633,4.65,1
SME-203,3,23235.02,23392.25,1,4,0.0618,2.73,1
SME-203,4,19590.61,20040.16,4,0,0.0752,5.02,1
SME-203,5,22114.01,24102.58,2,0,0.0704,4.1,1
SME-203,6,28333.52,33888.21,1,1,0.1574,4.02,1
SME-203,7,22825.54,26196.51,5,1,0.1337,3.68,1
SME-203,8,18759.44,21072.69,5,1,0.2172,3.25,1
SME-203,9,19479.33,21016.75,3,3,0.1357,4.41,1
SME-203,10,23834.94,26802.56,5,2,0.1912,2.61,1
SME-203,11,22702.11,23408.71,2,2,0.1743,3.66,1
SME-203,12,15689.01,20554.27,6,5,0.3171,2.78,1
SME-204,1,27916.83,16954.12,2,0,0.0788,10.31,0
SME-204,2,28229.47,22345.85,1,0,0.0056,10.46,0
SME-204,3,30244.54,22179.92,2,1,0.0358,11.19,0
SME-204,4,34239.99,22638.75,0,2,0.0808,10.19,0
SME-204,5,29851.76,22096.8,2,0,0.063,12.01,0
SME-204,6,32030.61,23439.03,2,0,0.0559,11.61,0
SME-204,7,37016.32,26469.9,0,0,0.091,10.2,0
SME-204,8,33434.3,27834.25,3,0,0.0615,12.09,0
SME-204,9,26668.42,16110.48,0,1,0.1325,11.33,0
SME-204,10,30944.22,22282.5,1,0,0.0921,10.68,0
SME-204,11,27630.86,19370.09,2,1,0.0645,11.73,0
SME-204,12,33796.8,20195.89,0,0,0.0818,10.9,0
SME-205,1,36016.57,33989.22,5,0,0.06,11.97,0
SME-205,2,36100.99,33141.28,2,0,0.0012,11.7,0
SME-205,3,31297.18,21089.58,1,0,0.0651,12.5,0
SME-205,4,37124.49,31827.64,1,2,0.0729,12.35,0
SME-205,5,32115.44,31775.31,3,0,0.0769,12.64,0
SME-205,6,25808.74,21079.22,0,0,0.1461,12.89,0
SME-205,7,33792.54,31624.81,3,1,0.1124,12.24,0
SME-205,8,28381.63,19964.82,1,1,0.1135,13.73,0
SME-205,9,26153.27,23419.14,3,2,0.1089,11.74,0
SME-205,10,31117.19,21939.12,2,0,0.0711,11.18,0
SME-205,11,43033.22,37110.11,0,1,0.2119,12.09,0
SME-205,12,29336.92,25625.78,1,1,0.1763,11.75,0
SME-206,1,43760.9,50518.12,2,1,0.1019,9.76,1
SME-206,2,25974.19,25182.9,2,1,0.2551,9.39,1
SME-206,3,33140.04,29349.07,3,0,0.2131,9.01,1
SME-206,4,36383.81,30487.89,2,3,0.1366,9.14,1
SME-206,5,26003.29,27778.0,2,1,0.1362,7.69,1
SME-206,6,33993.83,24414.34,1,0,0.1382,8.28,1
SME-206,7,34677.12,30447.43,5,0,0.1248,8.66,1
SME-206,8,35039.08,35199.08,0,2,0.0125,8.23,1
SME-206,9,26195.14,28319.26,1,1,0.1278,9.56,1
SME-206,10,30633.87,26553.22,2,0,0.1179,9.69,1
SME-206,11,34248.35,29727.69,1,1,0.1085,10.0,1
SME-206,12,35717.73,34055.08,1,0,0.0637,8.74,1
SME-207,1,64832.53,43534.95,2,0,0.1198,5.96,0
SME-207,2,74764.31,54724.71,1,2,0.0711,5.85,0
SME-207,3,64759.68,49908.12,1,1,0.069,6.66,0
SME-207,4,58586.52,35726.55,0,0,0.1009,5.78,0
SME-207,5,58687.11,38464.09,0,0,0.0476,5.62,0
SME-207,6,50918.71,35107.86,1,1,0.0649,7.05,0
SME-207,7,64468.63,49712.45,2,0,0.0957,5.45,0
SME-207,8,65943.74,47998.65,3,2,0.1119,7.07,0
SME-207,9,48616.89,37694.37,0,0,0.1314,5.83,0
SME-207,10,43422.63,30503.22,1,0,0.1828,5.42,0
SME-207,11,64214.25,45550.51,2,0,0.1696,5.12,0
SME-207,12,56979.61,45569.08,2,1,0.1571,6.47,0
SME-208,1,40090.57,30772.09,1,1,0.0827,8.08,0
SME-208,2,29004.43,21584.51,1,1,0.1604,7.68,0
SME-208,3,46757.14,33842.78,2,0,0.1896,7.97,0
SME-208,4,30471.44,24822.87,2,0,0.2272,8.86,0
SME-208,5,34827.87,25514.88,2,0,0.1843,8.56,0
SME-208,6,34922.01,28484.39,0,0,0.0621,8.95,0
SME-208,7,29922.61,24068.84,3,1,0.0703,8.22,0
SME-208,8,31043.45,33316.75,2,0,0.067,8.23,0
SME-208,9,30718.81,24733.06,0,3,0.0154,8.45,0
SME-208,10,42684.71,29061.33,0,0,0.1599,8.44,0
SME-208,11,37153.2,25218.97,2,0,0.1327,9.01,0
SME-208,12,29258.14,23176.21,1,2,0.1515,7.83,0
SME-209,1,60020.63,51250.18,3,0,0.081,11.79,0
SME-209,2,62437.35,52045.43,3,0,0.0197,11.74,0
SME-209,3,62334.82,56889.27,1,0,0.0181,11.68,0
SME-209,4,71472.68,46304.5,2,0,0.0655,11.17,0
SME-209,5,69005.37,59221.57,5,1,0.0571,12.02,0
SME-209,6,86596.03,80026.87,1,0,0.1027,13.16,0
SME-209,7,54476.42,42596.74,5,1,0.1875,12.22,0
SME-209,8,81315.15,66421.76,3,1,0.1897,12.08,0
SME-209,9,77282.3,52043.42,2,2,0.1664,11.71,0
SME-209,10,55895.99,40401.41,0,3,0.156,12.19,0
SME-209,11,56510.29,40074.65,0,0,0.1572,12.43,0
SME-209,12,66887.11,84214.51,1,4,0.0844,12.59,0
SME-210,1,57739.3,48730.71,2,0,0.1598,12.63,0
SME-210,2,68177.19,61365.2,2,0,0.0829,12.47,0
SME-210,3,74955.73,61466.95,1,0,0.1058,11.67,0
SME-210,4,50634.75,48389.51,1,0,0.1587,11.97,0
SME-210,5,50246.94,42095.22,1,1,0.1972,12.53,0
SME-210,6,47535.32,32526.43,3,1,0.0279,12.02,0
SME-210,7,54400.72,37942.63,0,0,0.0557,12.17,0
SME-210,8,63370.87,55504.91,1,0,0.1177,11.92,0
SME-210,9,57019.13,43028.12,0,0,0.0646,12.54,0
SME-210,10,56231.29,48933.82,1,0,0.0543,12.29,0
SME-210,11,88324.1,67287.36,4,1,0.2224,11.8,0
SME-210,12,61908.13,50449.15,3,0,0.2032,11.64,0
SME-211,1,51839.92,37230.72,1,2,0.0878,13.3,0
SME-211,2,67708.01,49646.37,2,0,0.1327,11.84,0
SME-211,3,58323.75,55480.79,1,0,0.1099,12.31,0
SME-211,4,50728.77,37813.12,0,0,0.1179,12.4,0
SME-211,5,49341.95,38055.09,4,2,0.0748,12.5,0
SME-211,6,59693.5,35380.72,3,1,0.0862,13.73,0
SME-211,7,58055.05,45234.0,1,0,0.0816,13.03,0
SME-211,8,62814.66,72423.98,2,1,0.0328,13.56,0
SME-211,9,52359.56,46042.81,4,1,0.074,12.65,0
SME-211,10,49924.43,38336.64,2,1,0.1016,11.99,0
SME-211,11,51773.82,47270.69,3,0,0.0202,13.22,0
SME-211,12,60004.07,47599.73,3,2,0.0813,12.34,0
SME-212,1,32834.95,28599.48,0,0,0.1117,8.36,0
SME-212,2,44089.62,38299.74,1,0,0.1463,8.5,0
SME-212,3,29793.77,28673.21,1,1,0.1729,7.83,0
SME-212,4,32220.83,34764.19,1,1,0.1766,8.9,0
SME-212,5,29485.97,29763.07,2,0,0.0401,7.99,0
SME-212,6,25437.56,21994.77,0,1,0.0959,8.58,0
SME-212,7,25454.71,22264.56,2,1,0.0711,7.28,0
SME-212,8,33264.25,22166.98,2,0,0.1314,9.25,0
SME-212,9,36056.2,28846.01,0,1,0.142,8.27,0
SME-212,10,35683.4,29688.27,4,1,0.0354,8.41,0
SME-212,11,25683.87,20041.05,2,0,0.1479,7.27,0
SME-212,12,30474.05,24896.79,3,0,0.1334,7.54,0
SME-213,1,24500.71,18506.25,1,3,0.0584,6.64,0
SME-213,2,29237.55,22250.83,0,0,0.0881,6.46,0
SME-213,3,28618.57,26544.88,2,1,0.0766,7.8,0
SME-213,4,32263.49,24751.29,3,0,0.053,7.3,0
SME-213,5,38155.65,29566.22,5,0,0.119,6.08,0
SME-213,6,29614.53,23318.48,3,0,0.1071,7.15,0
SME-213,7,30072.5,26168.47,2,0,0.1203,6.62,0
SME-213,8,33006.98,22413.53,2,0,0.0486,7.8,0
SME-213,9,35993.81,28900.73,2,0,0.0732,6.49,0
SME-213,10,39477.82,27055.23,4,0,0.0731,7.7,0
SME-213,11,29663.24,24601.37,1,0,0.1159,6.52,0
SME-213,12,23759.53,20877.4,1,0,0.2093,7.95,0
SME-214,1,64851.19,56723.93,2,1,0.1305,9.06,0
SME-214,2,57582.08,42696.44,1,0,0.0594,8.43,0
SME-214,3,49929.46,44373.07,1,1,0.106,9.14,0
SME-214,4,61995.91,45355.95,0,1,0.0882,8.92,0
SME-214,5,62033.36,47040.5,2,3,0.0982,8.48,0
SME-214,6,62036.89,49447.94,2,1,0.0003,8.13,0
SME-214,7,62932.74,52995.33,2,0,0.0068,9.46,0
SME-214,8,53048.06,42521.59,1,0,0.0752,9.07,0
SME-214,9,62141.82,60002.94,2,0,0.0755,9.23,0
SME-214,10,54932.08,57494.77,2,0,0.0691,8.7,0
SME-214,11,70071.06,56626.59,1,2,0.0991,10.03,0
SME-214,12,75722.93,66872.98,4,1,0.1312,9.61,0
SME-215,1,21531.76,19768.36,5,1,0.4146,1.93,1
SME-215,2,20347.74,21620.18,1,3,0.0283,1.76,1
SME-215,3,19292.01,17581.08,4,0,0.0449,1.79,1
SME-215,4,16343.08,16680.72,5,2,0.0908,1.98,1
SME-215,5,22963.95,23392.09,3,1,0.1387,2.14,1
SME-215,6,24382.01,22262.61,3,0,0.165,2.45,1
SME-215,7,19832.43,16643.56,1,1,0.1012,1.58,1
SME-215,8,20266.37,17272.9,4,0,0.125,2.29,1
SME-215,9,20382.81,16408.21,3,1,0.0744,1.72,1
SME-215,10,21273.4,19738.02,7,5,0.0995,1.01,1
SME-215,11,20280.67,21763.3,3,1,0.116,1.37,1
SME-215,12,18488.28,17062.18,6,2,0.1705,1.45,1
SME-216,1,19990.5,19202.88,1,2,0.4031,4.01,1
SME-216,2,20083.79,18940.52,2,4,0.0023,5.53,1
SME-216,3,18228.87,14642.24,2,3,0.0439,5.05,1
SME-216,4,18691.59,17878.86,3,1,0.0415,6.14,1
SME-216,5,19137.7,20619.46,4,1,0.0199,5.21,1
SME-216,6,18794.78,19851.38,2,2,0.0101,5.21,1
SME-216,7,18777.29,15349.85,7,0,0.0237,5.78,1
SME-216,8,15134.86,13746.19,2,4,0.131,4.61,1
SME-216,9,17357.47,16644.63,2,2,0.1526,4.27,1
SME-216,10,17210.72,16239.59,4,2,0.1506,5.06,1
SME-216,11,21324.16,19220.35,7,2,0.1782,4.64,1
SME-216,12,17638.67,21807.46,7,2,0.2324,3.28,1
SME-217,1,50494.12,38337.61,3,0,0.0756,5.25,0
SME-217,2,31920.57,23058.51,2,0,0.2254,4.85,0
SME-217,3,32613.32,29361.61,2,1,0.2242,4.71,0
SME-217,4,39819.22,30921.97,3,0,0.1027,5.05,0
SME-217,5,42147.72,32019.94,1,0,0.1063,6.05,0
SME-217,6,38341.19,28409.24,2,1,0.0391,4.45,0
SME-217,7,32759.83,28151.33,2,2,0.1021,4.01,0
SME-217,8,36118.11,26572.41,2,0,0.0642,4.61,0
SME-217,9,40238.67,34872.25,2,1,0.0841,5.37,0
SME-217,10,40292.76,32119.27,3,0,0.0503,4.58,0
SME-217,11,41342.85,32661.34,3,1,0.0125,4.12,0
SME-217,12,46814.16,48840.21,2,0,0.0668,4.91,0
SME-218,1,55793.75,37346.43,3,0,0.071,4.89,1
SME-218,2,54480.7,42933.73,2,0,0.0119,4.63,1
SME-218,3,57787.79,44926.6,3,0,0.0243,5.02,1
SME-218,4,44679.4,36939.7,2,0,0.1064,4.96,1
SME-218,5,57023.83,45070.36,1,0,0.113,4.44,1
SME-218,6,50883.29,30562.66,2,0,0.0991,4.63,1
SME-218,7,48232.88,36832.82,2,3,0.0707,4.62,1
SME-218,8,59735.82,42076.86,4,0,0.0929,4.91,1
SME-218,9,60527.57,54624.81,0,2,0.1,3.92,1
SME-218,10,39670.53,25826.71,1,1,0.181,4.72,1
SME-218,11,51018.18,30274.2,0,1,0.1691,4.57,1
SME-218,12,60032.53,57682.84,0,1,0.1658,4.85,1
SME-219,1,20137.95,21800.74,3,0,0.2993,3.99,1
SME-219,2,16931.59,14006.66,1,3,0.0865,3.83,1
SME-219,3,20509.65,16736.19,2,1,0.0837,4.13,1
SME-219,4,21020.6,19179.13,4,0,0.0934,3.43,1
SME-219,5,23633.54,22486.69,3,1,0.063,4.45,1
SME-219,6,22230.69,19433.31,4,1,0.0479,3.92,1
SME-219,7,18707.47,16564.84,6,6,0.1199,3.0,1
SME-219,8,20004.75,16106.38,5,1,0.1181,4.14,1
SME-219,9,16387.09,15745.72,1,1,0.1241,4.28,1
SME-219,10,18601.15,18978.73,4,1,0.1618,3.08,1
SME-219,11,19717.91,20650.08,8,3,0.1824,3.06,1
SME-219,12,23108.6,23007.8,5,2,0.2085,2.95,1
SME-220,1,24169.84,21488.91,2,1,0.1175,4.37,1
SME-220,2,34505.48,22030.59,2,1,0.1761,3.18,1
SME-220,3,31687.99,27204.65,1,0,0.1448,4.1,1
SME-220,4,27964.06,24599.15,1,1,0.0854,3.77,1
SME-220,5,22948.15,19773.96,1,1,0.1301,3.53,1
SME-220,6,24969.29,20042.34,2,0,0.0815,4.81,1
SME-220,7,25583.15,20800.05,2,1,0.0459,5.07,1
SME-220,8,35390.21,31303.76,0,0,0.1667,3.76,1
SME-220,9,27445.82,29319.22,0,1,0.1443,4.48,1
SME-220,10,28573.34,19779.03,3,0,0.1152,4.51,1
SME-220,11,31921.29,29174.98,0,0,0.0648,4.11,1
SME-220,12,32162.39,19978.04,0,0,0.053,4.77,1
SME-221,1,29562.24,31238.87,2,4,0.2979,1.7,1
SME-221,2,24352.58,23865.67,4,1,0.0966,1.86,1
SME-221,3,28079.62,26687.13,2,2,0.0802,1.31,1
SME-221,4,26772.67,21568.11,4,1,0.0585,1.61,1
SME-221,5,26889.39,25664.36,2,0,0.0217,0.99,1
SME-221,6,30532.03,29993.73,4,2,0.0622,2.58,1
SME-221,7,25942.73,21811.79,1,3,0.0855,1.88,1
SME-221,8,27748.55,22329.74,2,4,0.1089,1.33,1
SME-221,9,23932.19,22570.97,3,4,0.1128,1.19,1
SME-221,10,24022.98,27305.13,0,3,0.135,1.61,1
SME-221,11,25934.03,27248.23,10,3,0.1359,1.65,1
SME-221,12,23226.37,21289.88,7,4,0.1784,0.8,1
SME-222,1,27878.14,24583.57,0,0,0.1219,4.55,0
SME-222,2,25863.14,29070.65,1,2,0.0375,3.71,0
SME-222,3,29797.22,31811.32,5,1,0.0577,4.33,0
SME-222,4,28270.94,26091.25,1,2,0.0579,4.57,0
SME-222,5,30743.26,34664.73,1,0,0.0344,4.68,0
SME-222,6,28343.33,30874.54,1,1,0.0395,3.08,0
SME-222,7,26065.59,21974.61,3,1,0.0673,4.21,0
SME-222,8,28607.53,25189.24,3,2,0.0412,3.46,0
SME-222,9,27065.06,21665.15,2,1,0.0384,4.06,0
SME-222,10,22440.4,21586.41,0,3,0.1006,3.69,0
SME-222,11,26329.02,23836.94,0,0,0.0803,4.11,0
SME-222,12,19869.65,17805.01,0,1,0.1161,5.15,0
SME-223,1,24191.76,22596.83,2,3,0.2987,1.1,1
SME-223,2,20476.66,18284.15,4,0,0.0832,1.56,1
SME-223,3,25262.32,22481.65,0,2,0.088,1.61,1
SME-223,4,22189.96,22789.18,5,0,0.0874,1.95,1
SME-223,5,20295.99,16706.5,3,1,0.0906,2.02,1
SME-223,6,35208.5,31030.67,3,1,0.256,1.64,1
SME-223,7,20045.05,17001.73,3,0,0.2968,0.41,1
SME-223,8,23364.22,18556.23,2,0,0.2867,1.25,1
SME-223,9,17446.12,19706.41,2,2,0.1785,2.83,1
SME-223,10,19291.97,16611.5,2,6,0.2017,0.59,1
SME-223,11,24959.07,26839.93,5,0,0.2598,0.86,1
SME-223,12,18374.45,19898.68,10,5,0.2866,0.88,1
SME-224,1,13922.45,9938.44,2,0,0.0826,6.89,0
SME-224,2,22811.3,15429.66,3,0,0.242,7.43,0
SME-224,3,24241.83,22420.77,3,0,0.2246,7.48,0
SME-224,4,26593.91,22331.11,3,2,0.0635,6.73,0
SME-224,5,29860.6,21600.98,1,0,0.0857,6.37,0
SME-224,6,17708.7,11935.98,3,1,0.2077,7.13,0
SME-224,7,18698.72,15320.92,0,1,0.2494,6.95,0
SME-224,8,26715.81,18444.69,2,2,0.1917,7.86,0
SME-224,9,18937.82,12291.68,1,0,0.1736,7.65,0
SME-224,10,16196.06,13046.09,3,0,0.2161,6.78,0
SME-224,11,23554.39,18655.14,3,0,0.1552,7.06,0
SME-224,12,24525.45,21032.2,1,1,0.1736,7.58,0
SME-225,1,36916.32,35939.81,0,2,0.4234,2.61,1
SME-225,2,32561.11,29545.39,2,0,0.0627,3.38,1
SME-225,3,39332.81,42848.3,2,0,0.0773,1.86,1
SME-225,4,36435.86,36114.79,5,0,0.0768,1.61,1
SME-225,5,31878.93,34692.92,3,1,0.0855,2.01,1
SME-225,6,44254.14,48854.3,3,0,0.1362,2.32,1
SME-225,7,36116.51,40735.4,2,3,0.1518,2.21,1
SME-225,8,37029.12,44506.87,1,1,0.1233,1.24,1
SME-225,9,34115.34,37127.46,5,1,0.0816,1.55,1
SME-225,10,32702.6,40146.32,4,3,0.12,1.94,1
SME-225,11,34712.99,36083.2,5,0,0.1015,0.88,1
SME-225,12,34963.5,48269.09,8,7,0.1753,1.83,1
SME-226,1,57199.91,52248.93,1,3,0.0783,5.8,0
SME-226,2,69491.52,60330.51,1,0,0.097,6.21,0
SME-226,3,51685.7,49478.24,1,2,0.1252,5.4,0
SME-226,4,63477.35,44336.22,0,0,0.1202,5.58,0
SME-226,5,55535.57,47802.93,6,0,0.0863,6.25,0
SME-226,6,74809.79,65813.09,1,1,0.1224,5.68,0
SME-226,7,56281.95,32415.38,3,0,0.1433,5.22,0
SME-226,8,61260.43,52854.51,1,0,0.1221,4.94,0
SME-226,9,48117.84,30664.83,1,1,0.0981,4.51,0
SME-226,10,66987.49,59047.03,2,1,0.1344,5.83,0
SME-226,11,50095.26,36101.69,2,1,0.1538,5.7,0
SME-226,12,48739.46,34259.15,1,0,0.1502,6.14,0
SME-227,1,49635.23,48211.08,1,0,0.0672,4.77,0
SME-227,2,62874.12,48008.02,1,0,0.1177,4.42,0
SME-227,3,44339.11,43545.98,2,1,0.1491,5.31,0
SME-227,4,46638.72,44458.52,3,0,0.1609,5.3,0
SME-227,5,51641.37,46963.26,3,0,0.0641,4.21,0
SME-227,6,59546.96,46823.27,2,2,0.101,5.52,0
SME-227,7,52799.62,52749.89,1,0,0.0638,4.88,0
SME-227,8,41904.49,37501.39,3,2,0.1414,5.43,0
SME-227,9,58573.36,65414.96,0,0,0.1353,5.53,0
SME-227,10,50747.42,44952.81,3,0,0.1351,5.71,0
SME-227,11,47852.14,38142.07,1,0,0.0864,6.2,0
SME-227,12,54717.04,57727.44,0,0,0.0551,5.11,0
SME-228,1,24427.36,21431.96,2,0,0.1175,10.39,0
SME-228,2,16467.55,14734.06,0,1,0.1946,10.52,0
SME-228,3,21493.98,17748.17,2,1,0.158,9.35,0
SME-228,4,19564.33,21591.46,4,1,0.108,10.14,0
SME-228,5,18208.95,17222.95,2,0,0.0682,10.03,0
SME-228,6,19603.86,13675.02,2,2,0.0339,10.73,0
SME-228,7,19916.08,16183.07,2,1,0.0386,10.4,0
SME-228,8,17511.66,15807.97,2,1,0.0562,11.48,0
SME-228,9,14889.9,14645.4,0,2,0.1177,10.54,0
SME-228,10,15914.77,12824.21,1,2,0.067,10.15,0
SME-228,11,13318.18,10832.91,1,0,0.0726,10.8,0
SME-228,12,20990.65,16513.42,3,0,0.1903,10.81,0
SME-229,1,36382.34,29619.33,1,1,0.1768,8.28,0
SME-229,2,42059.65,34300.59,1,0,0.0724,7.99,0
SME-229,3,32293.15,30115.67,2,0,0.1085,7.37,0
SME-229,4,32548.02,25866.39,2,0,0.1276,7.5,0
SME-229,5,37642.44,29486.15,1,0,0.0721,7.73,0
SME-229,6,34354.27,30593.96,0,0,0.0605,7.53,0
SME-229,7,32439.5,28798.63,2,1,0.0617,7.51,0
SME-229,8,41819.26,35867.94,1,1,0.1118,7.4,0
SME-229,9,50273.39,47076.93,2,0,0.1755,8.82,0
SME-229,10,40322.35,36826.97,0,0,0.0993,7.97,0
SME-229,11,35597.15,33866.08,1,0,0.1454,7.73,0
SME-229,12,42782.22,37355.25,1,0,0.0754,8.89,0
SME-230,1,25370.56,18836.46,4,0,0.1604,11.89,0
SME-230,2,27878.57,19563.37,4,0,0.0471,12.07,0
SME-230,3,30670.9,22061.3,2,0,0.0774,10.86,0
SME-230,4,24227.19,20336.59,2,0,0.0956,12.0,0
SME-230,5,28180.48,23516.03,1,0,0.0958,12.84,0
SME-230,6,31414.26,28408.88,1,0,0.1052,12.31,0
SME-230,7,26028.51,18120.55,1,1,0.0776,12.51,0
SME-230,8,23698.35,18136.06,2,0,0.1195,12.62,0
SME-230,9,25255.15,18758.5,1,1,0.0388,11.87,0
SME-230,10,26915.26,20370.98,0,0,0.0519,13.35,0
SME-230,11,24617.64,23575.28,2,1,0.0378,12.32,0
SME-230,12,21109.14,16640.55,1,0,0.0986,11.14,0
SME-231,1,26187.08,19199.76,2,2,0.2232,5.23,1
SME-231,2,25691.32,22757.97,6,1,0.0096,5.78,1
SME-231,3,22967.54,20352.82,2,1,0.0567,5.22,1
SME-231,4,28129.15,24580.45,5,3,0.0824,5.59,1
SME-231,5,33463.12,31172.2,0,1,0.152,5.45,1
SME-231,6,35387.68,33938.45,2,1,0.095,4.98,1
SME-231,7,33535.44,31872.45,4,1,0.047,4.85,1
SME-231,8,21746.93,23621.99,5,3,0.2494,4.25,1
SME-231,9,22265.19,20991.65,7,3,0.2815,3.1,1
SME-231,10,26260.2,22710.98,3,4,0.1661,4.29,1
SME-231,11,19601.6,19652.74,11,2,0.2191,4.51,1
SME-231,12,19682.12,22874.5,8,6,0.2764,3.46,1
SME-232,1,24381.83,16509.94,0,0,0.1736,9.0,0
SME-232,2,18554.67,13946.85,1,0,0.1357,8.62,0
SME-232,3,20996.66,19318.07,1,0,0.1121,9.25,0
SME-232,4,16321.96,12987.24,1,1,0.1025,8.2,0
SME-232,5,25049.87,21360.69,1,0,0.1715,9.03,0
SME-232,6,21519.57,16989.07,1,1,0.171,9.25,0
SME-232,7,21472.8,17857.04,0,1,0.0739,8.5,0
SME-232,8,27395.16,20212.74,2,0,0.1185,8.43,0
SME-232,9,22576.52,18779.77,1,0,0.108,8.37,0
SME-232,10,24219.46,17661.53,0,0,0.0809,9.02,0
SME-232,11,19404.36,17124.64,1,1,0.0906,7.83,0
SME-232,12,23394.64,14564.41,4,0,0.0941,7.88,0
SME-233,1,47241.25,44694.45,2,0,0.1027,4.09,0
SME-233,2,40796.75,31989.5,1,2,0.0732,4.62,0
SME-233,3,38075.47,33614.4,6,0,0.0914,4.37,0
SME-233,4,34967.14,28165.1,1,0,0.0628,4.48,0
SME-233,5,42954.82,41074.66,3,0,0.085,3.57,0
SME-233,6,37339.62,28911.15,2,1,0.0872,4.76,0
SME-233,7,37720.93,25675.62,0,0,0.0651,4.33,0
SME-233,8,36881.86,28882.03,1,0,0.0092,5.03,0
SME-233,9,44424.15,28972.58,1,1,0.0851,4.63,0
SME-233,10,34247.22,31101.08,0,0,0.112,4.93,0
SME-233,11,38884.67,37291.09,1,0,0.1062,5.31,0
SME-233,12,38145.89,42706.77,3,0,0.0548,3.92,0
SME-234,1,14235.22,14183.06,1,0,0.1619,12.37,0
SME-234,2,13837.03,15127.5,2,1,0.0142,11.58,0
SME-234,3,14688.45,13569.54,3,0,0.0244,12.94,0
SME-234,4,11075.89,10770.64,1,1,0.1168,10.9,0
SME-234,5,15075.71,13384.61,3,0,0.1323,11.46,0
SME-234,6,13008.66,10481.9,1,2,0.1251,11.45,0
SME-234,7,11843.85,11254.02,3,0,0.1004,11.61,0
SME-234,8,12196.64,10393.76,0,0,0.0395,10.97,0
SME-234,9,16049.77,13146.92,0,2,0.1426,12.33,0
SME-234,10,14411.44,15499.02,1,1,0.111,11.12,0
SME-234,11,15223.15,14742.53,1,2,0.0439,12.39,0
SME-234,12,14070.13,14752.81,1,0,0.0332,11.72,0
SME-235,1,46246.96,37239.56,2,1,0.0658,12.26,0
SME-235,2,50110.79,48505.96,0,0,0.0401,12.36,0
SME-235,3,43525.38,34886.24,1,1,0.0579,12.15,0
SME-235,4,37733.83,30088.4,0,1,0.1155,11.71,0
SME-235,5,48059.18,40224.87,2,0,0.098,12.05,0
SME-235,6,49004.72,29493.44,1,2,0.1136,12.29,0
SME-235,7,49872.87,39281.09,1,0,0.0151,12.96,0
SME-235,8,52493.09,37771.67,0,1,0.0294,11.5,0
SME-235,9,49119.36,39408.93,3,3,0.0286,11.33,0
SME-235,10,44718.3,39760.89,2,2,0.0653,10.64,0
SME-235,11,52954.91,40857.23,1,0,0.0688,12.32,0
SME-235,12,50350.83,42881.38,0,0,0.0697,11.73,0
SME-236,1,34650.57,28643.39,3,1,0.054,11.8,0
SME-236,2,32110.77,24401.69,3,1,0.038,11.15,0
SME-236,3,26141.78,24557.14,3,2,0.1152,12.23,0
SME-236,4,26634.4,18619.94,2,1,0.0956,12.27,0
SME-236,5,34900.11,28550.98,1,2,0.1375,12.7,0
SME-236,6,26449.04,22663.36,2,0,0.1344,12.02,0
SME-236,7,28029.73,19111.86,0,0,0.1231,11.44,0
SME-236,8,31225.22,22875.49,0,1,0.0695,11.74,0
SME-236,9,35468.1,24004.64,2,0,0.0965,11.55,0
SME-236,10,30365.5,22703.32,3,1,0.0689,12.15,0
SME-236,11,25427.58,15673.45,1,0,0.1348,11.44,0
SME-236,12,29402.48,23522.11,0,1,0.0753,11.8,0
SME-237,1,22557.14,15663.99,2,0,0.1639,4.32,0
SME-237,2,24571.46,17999.1,2,1,0.0427,5.61,0
SME-237,3,21767.39,16249.16,1,0,0.0514,5.01,0
SME-237,4,23125.03,19023.88,0,1,0.0494,5.48,0
SME-237,5,19595.96,14769.87,1,3,0.0676,5.89,0
SME-237,6,29165.98,23143.51,1,0,0.1649,6.22,0
SME-237,7,19345.93,15809.75,3,0,0.2014,4.74,0
SME-237,8,21461.04,17357.68,1,1,0.1809,5.82,0
SME-237,9,18451.66,12515.94,2,1,0.0639,5.72,0
SME-237,10,23626.39,16526.58,2,0,0.1002,5.33,0
SME-237,11,23451.12,18410.19,1,1,0.1098,6.92,0
SME-237,12,23691.81,15176.27,2,1,0.0043,5.35,0
SME-238,1,34543.29,27921.34,2,0,0.0632,11.43,1
SME-238,2,30244.22,17997.89,1,1,0.0664,11.15,1
SME-238,3,33981.0,22618.63,1,1,0.058,11.12,1
SME-238,4,27538.0,19649.95,0,0,0.0864,11.51,1
SME-238,5,36556.29,37212.65,2,0,0.116,11.6,1
SME-238,6,29600.35,21192.08,2,1,0.1235,11.83,1
SME-238,7,36038.87,23111.49,2,2,0.0929,10.92,1
SME-238,8,31657.16,23848.86,0,0,0.0828,11.82,1
SME-238,9,34548.67,22954.8,0,2,0.0534,11.73,1
SME-238,10,36409.75,29519.49,2,1,0.0572,11.48,1
SME-238,11,28207.59,18866.42,0,0,0.1062,10.68,1
SME-238,12,35639.38,22673.79,1,0,0.1107,11.24,1
SME-239,1,44630.28,50481.11,3,0,0.2414,4.39,0
SME-239,2,40436.85,42613.04,4,2,0.0493,3.64,0
SME-239,3,47529.19,41551.4,6,0,0.0659,4.35,0
SME-239,4,27481.67,36217.16,5,2,0.2157,4.88,0
SME-239,5,32691.86,35788.01,4,0,0.2366,4.93,0
SME-239,6,34057.05,37349.55,1,1,0.0902,4.37,0
SME-239,7,36487.47,42828.4,4,2,0.0647,4.69,0
SME-239,8,32096.0,34040.98,2,1,0.0913,3.45,0
SME-239,9,33355.89,41481.19,2,2,0.1037,3.32,0
SME-239,10,33428.35,32362.04,5,4,0.1118,3.38,0
SME-239,11,33019.26,30485.6,6,3,0.1217,3.72,0
SME-239,12,30112.76,34161.75,8,0,0.1503,4.28,0
SME-240,1,53219.59,46485.45,0,0,0.1022,9.09,0
SME-240,2,60000.06,41492.13,2,1,0.0599,7.99,0
SME-240,3,68040.28,55093.91,2,0,0.1003,8.89,0
SME-240,4,56494.47,38300.02,1,0,0.0786,8.32,0
SME-240,5,44351.01,34494.09,3,0,0.1718,9.7,0
SME-240,6,58343.33,42404.73,2,1,0.117,9.38,0
SME-240,7,38103.21,29349.49,2,1,0.1803,9.61,0
SME-240,8,46500.8,35100.64,1,0,0.1742,9.28,0
SME-240,9,48281.1,43220.72,1,0,0.1002,9.35,0
SME-240,10,47026.13,35327.54,1,1,0.0158,9.38,0
SME-240,11,48765.26,35978.67,1,0,0.0153,8.79,0
SME-240,12,56228.85,38768.72,1,1,0.0788,8.92,0
SME-241,1,32103.28,26145.58,2,0,0.1538,5.35,0
SME-241,2,35016.31,34312.59,1,0,0.0434,6.18,0
SME-241,3,26648.41,23680.96,1,1,0.111,6.3,0
SME-241,4,25302.46,22571.63,2,0,0.1482,6.21,0
SME-241,5,30605.71,25976.59,1,0,0.0818,6.83,0
SME-241,6,27716.71,21431.27,2,0,0.0778,4.87,0
SME-241,7,27382.42,24456.91,0,0,0.0507,6.22,0
SME-241,8,25163.65,19839.5,1,0,0.0423,6.76,0
SME-241,9,31768.53,22922.35,2,0,0.0976,5.59,0
SME-241,10,28585.77,24486.31,0,0,0.0946,5.91,0
SME-241,11,34211.75,29135.09,0,0,0.0731,5.41,0
SME-241,12,30079.46,26876.27,1,0,0.0769,6.52,0
SME-242,1,40849.5,31152.27,1,0,0.0669,12.72,0
SME-242,2,35582.62,27863.54,2,0,0.0689,13.55,0
SME-242,3,34138.92,26415.34,2,0,0.0782,13.3,0
SME-242,4,39433.75,36652.28,0,0,0.0614,12.74,0
SME-242,5,39026.29,27813.18,1,1,0.0641,13.72,0
SME-242,6,36081.65,28890.52,1,0,0.0391,14.16,0
SME-242,7,39955.5,29384.66,1,0,0.0431,13.57,0
SME-242,8,38939.89,33630.02,3,0,0.0428,12.96,0
SME-242,9,36882.9,29162.68,2,0,0.0331,14.0,0
SME-242,10,35317.03,26165.45,1,0,0.04,13.99,0
SME-242,11,42453.04,32838.82,2,0,0.0801,13.67,0
SME-242,12,34128.57,29654.95,2,1,0.0986,13.58,0
SME-243,1,58386.63,51351.55,2,0,0.1286,7.96,0
SME-243,2,47754.12,39433.37,1,2,0.1002,7.72,0
SME-243,3,63241.4,58267.07,2,1,0.1146,7.67,0
SME-243,4,61512.35,63012.83,0,1,0.1205,8.58,0
SME-243,5,46400.96,30806.53,4,0,0.1326,8.34,0
SME-243,6,64039.77,54929.3,2,1,0.1359,8.65,0
SME-243,7,50609.79,40136.41,1,0,0.1401,9.07,0
SME-243,8,70089.04,58280.88,1,0,0.1322,8.44,0
SME-243,9,69411.87,54080.62,1,1,0.1425,8.19,0
SME-243,10,69010.13,45075.6,3,0,0.0064,7.8,0
SME-243,11,57910.32,59001.91,2,1,0.0814,8.96,0
SME-243,12,59696.74,48388.59,0,1,0.0782,7.65,0
SME-244,1,54039.1,46855.74,3,1,0.0935,12.2,0
SME-244,2,56915.43,64452.1,2,1,0.0259,11.42,0
SME-244,3,61581.25,60125.51,1,1,0.054,11.63,0
SME-244,4,71248.37,56574.67,1,2,0.0944,12.82,0
SME-244,5,58449.56,52275.4,2,0,0.0854,13.17,0
SME-244,6,61526.65,61408.94,2,0,0.0856,12.22,0
SME-244,7,57949.65,52424.53,1,0,0.0267,12.1,0
SME-244,8,65300.84,63942.42,1,1,0.0487,12.6,0
SME-244,9,50976.27,58867.83,0,0,0.1007,11.82,0
SME-244,10,57813.71,44840.06,1,1,0.1008,12.81,0
SME-244,11,53034.47,54246.62,1,1,0.0531,12.11,0
SME-244,12,48853.63,38310.75,1,0,0.0688,12.87,0
SME-245,1,62786.73,51058.02,1,0,0.1491,6.23,0
SME-245,2,51135.47,39588.02,1,0,0.1023,6.1,0
SME-245,3,62821.69,51679.26,0,0,0.0934,5.95,0
SME-245,4,70435.13,68950.41,1,2,0.1291,6.15,0
SME-245,5,77258.55,58533.94,1,0,0.084,6.23,0
SME-245,6,67043.91,64559.01,2,0,0.0593,5.99,0
SME-245,7,61380.39,60833.97,0,1,0.0958,6.56,0
SME-245,8,70076.98,50142.84,0,0,0.0545,6.51,0
SME-245,9,68729.04,68349.66,1,0,0.0573,7.2,0
SME-245,10,78392.76,63418.01,0,1,0.059,5.38,0
SME-245,11,73665.03,55588.88,1,3,0.0536,7.3,0
SME-245,12,66343.55,58637.25,1,0,0.0681,5.71,0
SME-246,1,8943.48,8002.77,4,0,0.4032,5.55,1
SME-246,2,11909.07,10160.98,3,1,0.1422,5.34,1
SME-246,3,10681.66,12150.24,1,0,0.1157,5.58,1
SME-246,4,7493.93,6570.01,4,0,0.1856,4.59,1
SME-246,5,9737.63,7878.74,2,1,0.1437,5.48,1
SME-246,6,10579.27,9594.04,1,0,0.1405,5.84,1
SME-246,7,10180.44,9588.29,4,2,0.0539,3.75,1
SME-246,8,10076.33,9235.39,1,1,0.061,4.51,1
SME-246,9,7948.04,7075.72,3,1,0.1777,4.9,1
SME-246,10,8738.15,7175.68,6,1,0.1762,3.83,1
SME-246,11,8261.11,8702.41,8,2,0.1436,4.9,1
SME-246,12,8085.01,7773.46,8,6,0.1724,4.28,1
SME-247,1,38071.54,37464.92,2,0,0.0755,5.46,0
SME-247,2,54316.5,42821.39,2,1,0.1758,5.39,0
SME-247,3,42828.65,35201.14,1,0,0.1513,6.05,0
SME-247,4,34903.02,31586.91,4,0,0.1811,5.63,0
SME-247,5,36501.9,33890.68,0,1,0.0899,5.84,0
SME-247,6,37474.77,29546.01,0,0,0.0292,5.53,0
SME-247,7,41295.88,47330.09,2,2,0.0538,6.12,0
SME-247,8,37863.8,36218.54,4,2,0.0442,5.81,0
SME-247,9,38612.24,31227.36,2,1,0.0375,6.53,0
SME-247,10,41275.27,34713.19,2,1,0.0373,5.75,0
SME-247,11,39217.44,29613.11,0,0,0.0287,5.33,0
SME-247,12,42875.71,38123.55,0,0,0.0364,5.84,0
SME-248,1,40837.96,36449.41,1,0,0.0668,5.7,0
SME-248,2,30900.22,30648.83,0,0,0.1385,6.04,0
SME-248,3,34036.36,33664.51,1,0,0.1176,6.79,0
SME-248,4,45564.07,43213.83,1,1,0.1712,5.47,0
SME-248,5,35436.18,30474.2,2,0,0.1339,6.51,0
SME-248,6,29036.66,25905.18,2,1,0.1855,5.89,0
SME-248,7,43865.24,36404.24,4,1,0.1682,5.83,0
SME-248,8,43914.66,34584.26,3,0,0.1798,5.81,0
SME-248,9,42464.45,38881.72,1,1,0.0155,6.1,0
SME-248,10,43789.68,41573.4,2,4,0.0151,5.14,0
SME-248,11,35191.88,33958.78,5,1,0.0934,5.37,0
SME-248,12,33169.91,24464.45,1,1,0.1232,6.48,0
SME-249,1,41470.61,34501.88,3,1,0.1226,8.65,0
SME-249,2,35450.37,29436.0,2,1,0.0783,8.38,0
SME-249,3,34089.48,24808.61,2,0,0.0867,8.05,0
SME-249,4,39003.61,48477.53,4,2,0.0573,8.37,0
SME-249,5,34588.51,36349.78,4,2,0.0615,9.68,0
SME-249,6,34629.28,33586.82,4,0,0.0574,8.6,0
SME-249,7,40509.76,40453.88,1,2,0.0761,8.78,0
SME-249,8,45260.14,35929.23,1,0,0.1083,9.39,0
SME-249,9,31589.73,32054.43,1,0,0.1449,8.96,0
SME-249,10,37499.65,34571.69,0,1,0.1469,7.34,0
SME-249,11,30272.73,28815.58,0,1,0.0949,8.56,0
SME-249,12,34535.45,25234.85,2,1,0.087,8.98,0
SME-250,1,29259.55,27117.28,0,0,0.1736,3.79,0
SME-250,2,31365.52,24809.45,1,1,0.0347,4.12,0
SME-250,3,21202.01,17708.53,1,0,0.1606,4.68,0
SME-250,4,33110.5,24426.36,3,0,0.1839,4.37,0
SME-250,5,27084.28,20488.53,1,0,0.1792,4.41,0
SME-250,6,35065.97,31358.25,0,0,0.107,4.05,0
SME-250,7,36786.89,32754.0,3,0,0.1282,4.8,0
SME-250,8,33253.12,29722.15,1,0,0.0412,4.12,0
SME-250,9,30221.96,26304.57,1,2,0.0803,4.71,0
SME-250,10,37088.97,33851.11,1,1,0.0838,4.32,0
SME-250,11,33423.94,28208.98,1,1,0.0836,3.13,0
SME-250,12,31460.84,23882.3,2,0,0.0686,3.28,0
SME-251,1,41459.03,30864.93,2,1,0.0907,11.68,0
SME-251,2,44170.02,39479.9,0,2,0.0317,11.64,0
SME-251,3,38939.49,35608.43,0,1,0.0514,11.44,0
SME-251,4,50096.53,42358.58,2,0,0.1026,12.1,0
SME-251,5,41238.86,37389.59,2,0,0.1108,12.1,0
SME-251,6,36832.49,33637.16,2,1,0.1291,12.74,0
SME-251,7,30860.01,31244.01,1,0,0.1171,12.93,0
SME-251,8,39448.33,32164.14,4,1,0.1006,11.55,0
SME-251,9,36593.47,30705.68,1,0,0.1002,13.59,0
SME-251,10,38314.56,41100.65,0,1,0.0308,11.98,0
SME-251,11,41035.6,39952.96,0,1,0.0473,11.79,0
SME-251,12,31300.95,27801.4,1,0,0.1112,12.25,0
SME-252,1,26260.64,18168.74,1,0,0.1501,6.7,0
SME-252,2,23892.13,16694.6,0,0,0.0472,6.07,0
SME-252,3,30688.4,26012.24,1,1,0.1045,4.88,0
SME-252,4,32592.0,28339.09,2,0,0.1285,5.44,0
SME-252,5,27228.96,21159.92,0,1,0.0736,5.84,0
SME-252,6,25438.17,19961.62,1,0,0.1069,6.91,0
SME-252,7,30121.89,17972.53,2,0,0.0699,6.08,0
SME-252,8,28455.71,25863.77,4,1,0.0692,5.45,0
SME-252,9,26741.32,25285.54,2,1,0.0485,4.73,0
SME-252,10,27600.47,19916.05,1,1,0.0254,6.32,0
SME-252,11,27570.4,28587.45,1,2,0.0146,6.14,0
SME-252,12,27557.73,21137.04,1,0,0.0006,5.81,0
SME-253,1,23283.26,20266.87,1,1,0.1557,4.66,0
SME-253,2,22564.64,17148.16,3,1,0.0157,5.26,0
SME-253,3,23423.37,21029.19,1,0,0.0163,5.26,0
SME-253,4,30519.02,31035.17,2,1,0.1398,5.92,0
SME-253,5,30998.43,24102.78,1,0,0.1223,6.09,0
SME-253,6,27247.11,26502.31,4,0,0.0563,4.45,0
SME-253,7,27783.59,25100.9,4,0,0.0578,5.15,0
SME-253,8,28033.68,26468.34,0,0,0.0119,6.3,0
SME-253,9,24191.87,19531.88,1,0,0.0658,4.85,0
SME-253,10,28105.03,18215.85,1,0,0.0683,5.21,0
SME-253,11,24522.11,21928.88,1,0,0.0692,5.71,0
SME-253,12,30391.36,26245.21,2,1,0.0873,6.0,0
SME-254,1,28117.29,18844.83,2,1,0.0567,4.72,0
SME-254,2,18343.03,12836.75,0,2,0.2104,4.65,0
SME-254,3,25769.57,14704.99,2,0,0.173,4.1,0
SME-254,4,20652.7,12077.9,0,0,0.1437,3.27,0
SME-254,5,21315.88,16540.17,3,1,0.1006,4.29,0
SME-254,6,20174.99,15277.77,0,0,0.0226,4.47,0
SME-254,7,23523.87,19371.44,1,2,0.0641,3.15,0
SME-254,8,21580.75,15527.7,1,1,0.0631,4.01,0
SME-254,9,24085.63,16400.3,1,1,0.0465,4.98,0
SME-254,10,23688.94,17302.85,1,0,0.0476,3.37,0
SME-254,11,20180.8,15112.96,0,0,0.0775,4.14,0
SME-254,12,24827.84,16826.46,0,3,0.0864,3.74,0
SME-255,1,23040.94,22240.92,1,1,0.4063,1.45,1
SME-255,2,26534.4,24245.98,1,3,0.0705,2.56,1
SME-255,3,29360.74,26493.69,3,1,0.0982,2.14,1
SME-255,4,30399.6,33085.07,3,0,0.0568,1.9,1
SME-255,5,25375.78,24311.29,1,1,0.0763,2.36,1
SME-255,6,26523.79,25396.93,3,0,0.0784,1.12,1
SME-255,7,30174.32,31501.85,3,0,0.0917,2.9,1
SME-255,8,27517.77,29595.93,3,0,0.0943,1.58,1
SME-255,9,18843.43,16498.76,4,4,0.2424,2.57,1
SME-255,10,24263.56,25648.73,0,1,0.2165,2.43,1
SME-255,11,32361.52,36884.73,5,5,0.3322,1.54,1
SME-255,12,23798.34,21638.27,5,5,0.2508,0.68,1
SME-256,1,68659.28,67075.15,4,0,0.0903,13.12,0
SME-256,2,63015.91,43290.17,1,0,0.0429,12.41,0
SME-256,3,61094.15,45174.6,0,0,0.05,13.67,0
SME-256,4,57361.38,45014.79,1,0,0.0388,14.07,0
SME-256,5,64393.53,50007.08,1,1,0.0471,13.42,0
SME-256,6,75984.79,53527.96,1,0,0.1165,14.12,0
SME-256,7,51696.18,43728.76,2,0,0.1549,13.44,0
SME-256,8,66775.44,41265.54,0,0,0.1545,12.58,0
SME-256,9,52257.8,42958.55,2,0,0.1226,13.22,0
SME-256,10,62313.04,52461.99,2,1,0.1004,13.36,0
SME-256,11,64148.59,39368.54,3,0,0.0877,12.98,0
SME-256,12,64082.87,47862.6,0,1,0.0134,12.98,0
SME-257,1,60749.29,46763.34,2,0,0.1296,11.52,0
SME-257,2,81070.21,70628.04,2,1,0.1433,9.51,0
SME-257,3,59760.44,38269.98,2,1,0.1462,10.62,0
SME-257,4,69080.89,53491.29,1,3,0.1247,10.32,0
SME-257,5,57844.88,43745.86,2,0,0.0789,10.14,0
SME-257,6,70451.67,47070.12,1,0,0.0858,10.41,0
SME-257,7,78684.62,61141.42,6,1,0.1242,10.15,0
SME-257,8,95912.21,62630.45,5,0,0.1299,10.6,0
SME-257,9,84172.27,63108.24,1,1,0.0833,9.74,0
SME-257,10,73846.39,44561.99,2,0,0.1065,10.82,0
SME-257,11,83229.94,59659.21,2,0,0.058,10.18,0
SME-257,12,64035.14,54976.1,4,0,0.1063,10.09,0
SME-258,1,39111.5,27721.92,2,2,0.1717,6.12,0
SME-258,2,45096.41,32181.18,3,2,0.0711,6.49,0
SME-258,3,43586.76,41369.22,1,0,0.0597,5.17,0
SME-258,4,40785.51,32936.51,0,1,0.0414,6.62,0
SME-258,5,36161.58,31745.72,2,1,0.0762,5.17,0
SME-258,6,46097.75,40059.58,2,0,0.099,6.57,0
SME-258,7,46419.82,31947.17,4,0,0.111,7.2,0
SME-258,8,41877.71,36667.81,2,0,0.0462,6.75,0
SME-258,9,46348.75,32566.04,0,1,0.0473,5.13,0
SME-258,10,36547.81,29418.67,3,0,0.0963,5.72,0
SME-258,11,49771.46,36196.26,2,0,0.1267,5.92,0
SME-258,12,52337.42,34129.2,2,3,0.1497,6.51,0
SME-259,1,35947.91,33358.1,2,1,0.1449,12.52,0
SME-259,2,35518.37,30522.83,2,0,0.006,12.1,0
SME-259,3,32246.36,29480.56,3,0,0.0478,12.85,0
SME-259,4,28661.58,24305.69,0,1,0.0871,12.54,0
SME-259,5,36313.15,37664.65,1,0,0.0965,12.92,0
SME-259,6,33112.96,32357.51,0,0,0.096,12.72,0
SME-259,7,41160.07,37309.5,2,1,0.0897,12.49,0
SME-259,8,36531.17,33077.05,2,2,0.0893,12.45,0
SME-259,9,35891.92,36423.04,0,0,0.062,12.14,0
SME-259,10,26551.75,22547.24,1,0,0.1383,12.07,0
SME-259,11,34946.83,26635.58,1,0,0.1293,12.95,0
SME-259,12,26941.61,24341.33,2,0,0.1312,12.63,0
SME-260,1,35367.0,28141.72,2,0,0.1781,11.82,0
SME-260,2,29972.51,24556.87,3,0,0.0826,12.34,0
SME-260,3,31492.14,29684.68,1,0,0.0704,12.04,0
SME-260,4,29661.6,22898.82,0,0,0.0263,11.8,0
SME-260,5,27489.59,24368.66,0,0,0.0554,11.38,0
SME-260,6,29058.61,22877.83,1,0,0.0319,12.24,0
SME-260,7,34915.72,23161.42,1,0,0.1048,12.53,0
SME-260,8,25358.26,19976.88,2,1,0.1321,12.75,0
SME-260,9,39886.44,29089.54,1,1,0.1806,12.13,0
SME-260,10,25218.63,20984.32,1,0,0.2282,12.08,0
SME-260,11,32915.86,27703.2,1,0,0.1833,11.76,0
SME-260,12,31571.9,24629.44,2,1,0.1123,12.76,0
SME-261,1,42274.09,31806.69,1,1,0.1128,5.42,0
SME-261,2,31450.56,30279.99,2,0,0.1468,5.95,0
SME-261,3,36288.83,34653.02,2,2,0.1207,5.87,0
SME-261,4,31544.86,25067.57,3,2,0.0683,6.69,0
SME-261,5,41498.85,44693.34,1,0,0.1115,6.05,0
SME-261,6,27575.81,21191.89,1,0,0.1746,5.18,0
SME-261,7,36663.35,27446.96,0,1,0.1638,5.17,0
SME-261,8,39379.94,33715.86,2,0,0.1461,5.29,0
SME-261,9,30302.79,25821.0,2,1,0.1073,5.63,0
SME-261,10,36675.37,31040.19,2,1,0.1073,5.65,0
SME-261,11,30229.23,25484.14,1,1,0.0933,6.03,0
SME-261,12,38468.2,30287.54,3,0,0.1007,6.39,0
SME-262,1,23675.47,20483.16,1,0,0.114,6.49,0
SME-262,2,20258.25,17299.97,1,2,0.0778,5.85,0
SME-262,3,21109.45,22927.25,2,0,0.067,5.57,0
SME-262,4,22094.26,20358.09,2,1,0.0355,6.48,0
SME-262,5,30266.34,26808.65,0,0,0.1676,6.92,0
SME-262,6,28634.47,20704.98,2,0,0.1308,5.83,0
SME-262,7,29028.2,25966.36,1,2,0.0237,6.34,0
SME-262,8,28857.98,26117.76,3,1,0.0056,7.28,0
SME-262,9,29278.42,25157.94,2,0,0.0059,5.56,0
SME-262,10,29348.28,25717.12,3,0,0.0074,6.32,0
SME-262,11,35826.24,28294.91,3,1,0.0975,6.82,0
SME-262,12,25442.75,21365.5,1,1,0.1418,6.04,0
SME-263,1,42461.17,49108.68,0,1,0.139,6.45,0
SME-263,2,48928.62,53312.14,2,0,0.0708,7.05,0
SME-263,3,48013.87,46017.35,0,1,0.0615,7.11,0
SME-263,4,49870.81,35658.01,0,2,0.0155,8.47,0
SME-263,5,33931.7,32302.15,3,1,0.162,7.01,0
SME-263,6,51069.65,47946.31,0,1,0.1738,7.12,0
SME-263,7,44589.22,41866.94,1,1,0.1636,6.37,0
SME-263,8,41215.2,38028.1,0,0,0.0896,6.05,0
SME-263,9,41440.47,36352.66,3,0,0.0363,6.47,0
SME-263,10,43835.18,41158.94,1,0,0.0281,6.74,0
SME-263,11,55587.91,55539.72,2,0,0.1317,7.09,0
SME-263,12,60266.16,58723.03,0,0,0.1299,6.63,0
SME-264,1,24664.77,19088.37,1,1,0.1152,3.83,0
SME-264,2,21720.09,16128.03,2,2,0.0635,4.07,0
SME-264,3,24039.58,21174.55,2,1,0.054,4.27,0
SME-264,4,32100.72,25119.79,2,0,0.1714,4.29,0
SME-264,5,22457.26,19686.7,3,2,0.1612,3.98,0
SME-264,6,21652.77,18999.76,1,1,0.1869,3.35,0
SME-264,7,27430.69,22334.0,0,0,0.1072,3.96,0
SME-264,8,27624.07,23224.75,2,0,0.1084,4.62,0
SME-264,9,25062.43,22657.27,2,1,0.0436,4.46,0
SME-264,10,28038.38,23214.59,0,1,0.0489,4.13,0
SME-264,11,23385.74,17966.53,2,2,0.0755,4.18,0
SME-264,12,33961.93,30931.65,0,1,0.1521,4.62,0
SME-265,1,31067.3,23936.44,1,2,0.108,6.05,0
SME-265,2,33283.22,27661.03,2,2,0.0344,7.16,0
SME-265,3,31641.28,29923.23,1,0,0.0293,6.22,0
SME-265,4,26414.12,16504.85,5,1,0.0962,6.93,0
SME-265,5,33542.37,25071.8,2,1,0.0987,6.73,0
SME-265,6,31420.21,24282.18,0,1,0.0981,5.34,0
SME-265,7,33364.56,23700.12,1,1,0.0293,6.82,0
SME-265,8,34939.31,21828.2,3,2,0.0433,6.26,0
SME-265,9,42594.47,27481.42,1,1,0.1091,6.48,0
SME-265,10,33915.29,23699.64,2,0,0.1042,6.23,0
SME-265,11,37240.09,30445.65,2,0,0.0943,6.05,0
SME-265,12,35170.57,29551.0,1,0,0.0387,7.18,0
SME-266,1,38620.45,24390.94,1,0,0.0569,8.33,0
SME-266,2,48457.51,39000.22,0,1,0.113,9.14,0
SME-266,3,32490.28,22640.5,1,0,0.165,10.21,0
SME-266,4,34141.1,29925.72,1,2,0.1869,9.61,0
SME-266,5,40569.87,30719.29,1,0,0.0975,9.2,0
SME-266,6,38793.72,26417.37,2,1,0.0716,9.45,0
SME-266,7,51362.2,36579.17,1,2,0.1275,9.45,0
SME-266,8,50415.85,49262.88,1,0,0.122,9.31,0
SME-266,9,60106.26,61747.25,1,0,0.0808,9.63,0
SME-266,10,51303.2,52051.63,1,2,0.0811,9.96,0
SME-266,11,46717.29,39831.13,3,1,0.1054,9.79,0
SME-266,12,40228.1,34600.38,1,0,0.0986,9.93,0
SME-267,1,49211.58,48511.18,0,1,0.1089,10.95,0
SME-267,2,48572.34,42789.17,1,0,0.0065,12.53,0
SME-267,3,60496.58,47979.31,1,0,0.1038,11.16,0
SME-267,4,46552.54,40665.79,3,0,0.1186,11.44,0
SME-267,5,40086.89,37454.52,6,0,0.1736,11.66,0
SME-267,6,55651.49,47812.94,1,1,0.1346,12.47,0
SME-267,7,40940.86,35602.55,0,1,0.1568,11.48,0
SME-267,8,48907.22,35083.96,0,0,0.124,11.32,0
SME-267,9,55781.35,50363.58,1,1,0.1249,10.78,0
SME-267,10,47682.21,47883.01,2,1,0.0702,11.7,0
SME-267,11,35896.54,34212.55,3,0,0.1758,11.15,0
SME-267,12,50830.46,40297.6,0,0,0.1435,12.01,0
SME-268,1,50396.42,41434.6,1,1,0.0603,11.3,0
SME-268,2,36221.38,35377.17,0,0,0.1637,11.75,0
SME-268,3,43557.33,37104.78,1,0,0.1334,10.38,0
SME-268,4,39663.85,32967.27,2,0,0.0753,10.65,0
SME-268,5,44388.82,46996.79,0,0,0.0484,10.96,0
SME-268,6,51225.57,43543.02,1,1,0.1053,10.27,0
SME-268,7,45493.77,39823.05,2,0,0.0637,11.82,0
SME-268,8,58079.45,52990.11,1,0,0.0997,10.04,0
SME-268,9,49897.3,44037.45,3,1,0.1019,10.29,0
SME-268,10,43552.4,35576.7,1,0,0.1177,11.58,0
SME-268,11,53556.3,58012.01,0,0,0.0843,11.15,0
SME-268,12,44172.1,40418.32,4,0,0.0972,10.11,0
SME-269,1,35452.07,21404.37,2,0,0.0714,10.64,0
SME-269,2,28612.15,20356.23,3,0,0.1068,9.7,0
SME-269,3,39833.24,26328.82,1,1,0.1333,9.32,0
SME-269,4,46133.89,29399.1,3,2,0.1897,10.22,0
SME-269,5,32773.2,24863.33,3,1,0.1379,10.19,0
SME-269,6,29957.19,23324.83,0,0,0.1945,10.67,0
SME-269,7,28248.07,23097.79,2,1,0.0615,10.76,0
SME-269,8,39220.96,31356.38,1,0,0.1484,10.83,0
SME-269,9,28647.02,24119.3,1,0,0.1586,9.93,0
SME-269,10,33241.11,21628.73,2,0,0.1284,10.12,0
SME-269,11,29511.76,18558.42,1,0,0.0654,10.54,0
SME-269,12,33374.39,26530.41,7,1,0.0559,10.1,0
SME-270,1,20401.75,20674.0,5,1,0.3889,3.36,1
SME-270,2,20286.07,23598.04,3,1,0.0028,4.62,1
SME-270,3,15826.45,16807.05,3,1,0.1131,2.62,1
SME-270,4,20359.91,20239.12,4,2,0.1126,3.76,1
SME-270,5,19619.72,22332.9,1,0,0.1067,2.86,1
SME-270,6,21158.07,18843.81,4,1,0.0308,3.52,1
SME-270,7,21943.51,22318.76,4,3,0.0659,3.17,1
SME-270,8,24989.44,29672.03,7,2,0.1026,2.75,1
SME-270,9,21174.11,21411.13,1,1,0.1387,2.79,1
SME-270,10,16952.2,22707.46,6,6,0.2538,1.12,1
SME-270,11,17405.81,18904.47,8,0,0.1913,2.51,1
SME-270,12,19008.03,19756.07,6,4,0.1476,3.64,1
SME-271,1,42838.89,38074.97,2,2,0.1041,8.3,0
SME-271,2,34068.57,22985.9,4,0,0.114,8.06,0
SME-271,3,41753.54,31162.83,0,1,0.0987,8.44,0
SME-271,4,29744.46,24341.12,0,0,0.1411,8.63,0
SME-271,5,32804.38,27184.81,4,0,0.1466,7.61,0
SME-271,6,38368.81,33448.58,1,0,0.1061,7.74,0
SME-271,7,35705.25,26680.48,3,1,0.0638,8.01,0
SME-271,8,34677.66,25041.32,0,0,0.0429,7.67,0
SME-271,9,29923.2,21318.1,1,0,0.0753,7.95,0
SME-271,10,37918.03,27961.86,1,2,0.0961,7.19,0
SME-271,11,35812.36,21427.51,2,0,0.0979,7.21,0
SME-271,12,37511.56,24047.87,1,0,0.0246,7.88,0
SME-272,1,19977.99,16000.3,3,0,0.154,5.89,0
SME-272,2,28444.48,20779.54,2,0,0.1748,7.52,0
SME-272,3,27711.03,18823.39,6,0,0.1509,7.14,0
SME-272,4,24600.05,16363.04,1,1,0.0619,7.26,0
SME-272,5,19441.47,14380.64,3,0,0.1426,7.25,0
SME-272,6,24553.38,16877.25,2,0,0.1059,7.55,0
SME-272,7,25739.57,20431.29,2,0,0.1176,6.96,0
SME-272,8,23511.52,17582.74,2,0,0.037,6.65,0
SME-272,9,28342.13,18410.28,0,1,0.0763,7.33,0
SME-272,10,29803.72,23745.83,3,1,0.0988,7.47,0
SME-272,11,21086.62,18804.41,1,3,0.1443,7.12,0
SME-272,12,22386.37,14344.99,1,0,0.1572,7.53,0
SME-273,1,32521.62,30042.47,4,0,0.086,10.63,0
SME-273,2,43748.26,37527.48,1,0,0.1472,10.67,0
SME-273,3,50659.23,40993.37,3,0,0.1767,11.35,0
SME-273,4,51769.88,45311.38,1,2,0.0728,9.35,0
SME-273,5,48114.79,34663.13,2,1,0.0305,11.3,0
SME-273,6,44390.96,33533.04,1,0,0.0626,11.46,0
SME-273,7,46266.69,41806.32,1,0,0.0329,11.72,0
SME-273,8,63610.85,53689.61,0,0,0.1683,10.51,0
SME-273,9,39258.84,22277.56,2,0,0.2059,10.11,0
SME-273,10,50684.03,43317.71,0,2,0.1944,10.99,0
SME-273,11,44944.34,39220.96,0,0,0.1037,10.54,0
SME-273,12,36868.79,31380.35,2,0,0.1283,11.12,0
SME-274,1,65146.51,44799.31,2,1,0.0798,5.57,0
SME-274,2,39082.87,24436.38,3,0,0.2501,4.59,0
SME-274,3,43708.12,40307.71,2,0,0.2303,4.82,0
SME-274,4,38853.94,34495.4,1,0,0.0552,5.79,0
SME-274,5,39640.68,36117.8,1,0,0.0522,4.69,0
SME-274,6,33297.88,23501.71,0,0,0.0758,4.62,0
SME-274,7,37960.99,32907.26,3,1,0.0726,6.22,0
SME-274,8,35275.88,26031.96,0,1,0.0538,5.21,0
SME-274,9,42184.7,33738.47,2,0,0.0739,4.37,0
SME-274,10,42807.69,33435.78,1,1,0.0851,4.79,0
SME-274,11,40063.28,39395.19,1,0,0.0282,4.69,0
SME-274,12,44420.24,35279.05,1,2,0.0424,4.07,0
SME-275,1,27034.2,18396.38,5,1,0.1451,4.32,0
SME-275,2,31145.62,26286.66,3,1,0.0707,5.03,0
SME-275,3,35790.93,26985.65,5,0,0.1142,5.13,0
SME-275,4,26204.47,22454.96,2,0,0.1261,3.64,0
SME-275,5,30216.13,22632.84,2,0,0.1279,5.13,0
SME-275,6,25354.63,19602.39,1,0,0.0778,4.23,0
SME-275,7,27378.22,25189.67,3,0,0.0721,5.08,0
SME-275,8,30290.55,21621.63,1,0,0.0732,4.16,0
SME-275,9,24251.23,18719.8,2,2,0.0903,5.57,0
SME-275,10,34663.68,27719.41,1,0,0.1436,4.49,0
SME-275,11,30994.53,25213.28,3,0,0.1439,4.42,0
SME-275,12,38830.51,26312.02,3,1,0.0919,5.11,0
SME-276,1,23284.74,17195.17,3,1,0.1604,2.5,1
SME-276,2,21119.04,16218.94,10,1,0.0488,2.09,1
SME-276,3,18922.0,17594.21,2,1,0.0844,1.44,1
SME-276,4,20136.18,17548.47,5,2,0.0448,2.29,1
SME-276,5,30240.42,23835.47,0,0,0.2196,1.61,1
SME-276,6,21960.33,19430.12,5,2,0.1823,2.16,1
SME-276,7,28459.54,28245.33,5,1,0.1572,1.06,1
SME-276,8,20031.96,20257.85,2,4,0.1824,1.29,1
SME-276,9,25963.26,21449.31,3,3,0.2146,0.91,1
SME-276,10,24186.75,23600.9,6,3,0.1675,0.51,1
SME-276,11,18818.69,19575.59,6,4,0.241,1.23,1
SME-276,12,21975.15,21161.15,6,4,0.1895,0.99,1
SME-277,1,22866.09,18627.4,0,0,0.0726,11.78,0
SME-277,2,14245.78,12541.26,0,0,0.2323,10.53,0
SME-277,3,16723.86,12302.21,1,1,0.2019,11.39,0
SME-277,4,24020.78,23461.37,0,1,0.2264,11.35,0
SME-277,5,17423.3,14792.14,1,2,0.1695,11.4,0
SME-277,6,15138.16,12403.38,2,0,0.1997,11.03,0
SME-277,7,13285.17,13072.08,1,1,0.1107,10.49,0
SME-277,8,13879.0,12924.71,0,0,0.0548,11.4,0
SME-277,9,19498.43,15781.76,1,0,0.18,11.94,0
SME-277,10,13335.09,10792.21,3,0,0.1789,11.0,0
SME-277,11,13555.43,10479.95,1,0,0.1846,11.99,0
SME-277,12,14741.84,12581.19,2,0,0.0445,11.85,0
SME-278,1,91223.85,73319.06,1,0,0.0895,8.95,0
SME-278,2,82992.8,63498.26,0,1,0.0472,8.98,0
SME-278,3,71736.0,62172.71,1,0,0.0974,9.47,0
SME-278,4,81638.11,53789.51,2,0,0.0637,11.03,0
SME-278,5,71381.93,44117.26,0,1,0.0634,9.98,0
SME-278,6,67247.59,39701.46,0,1,0.0824,9.07,0
SME-278,7,75732.99,50811.87,1,1,0.0485,9.9,0
SME-278,8,63751.5,45009.74,1,1,0.073,9.32,0
SME-278,9,74773.64,54172.56,2,1,0.0761,10.28,0
SME-278,10,69950.74,43060.75,2,0,0.0649,9.44,0
SME-278,11,72163.16,51834.95,0,0,0.0273,9.86,0
SME-278,12,67455.02,45391.74,2,0,0.0275,9.56,0
SME-279,1,31925.78,22648.98,2,1,0.1246,12.15,0
SME-279,2,23464.07,16223.7,3,1,0.1528,12.25,0
SME-279,3,31489.64,20708.24,6,2,0.1343,12.13,0
SME-279,4,27059.97,18616.01,4,0,0.1201,13.19,0
SME-279,5,22950.11,19930.11,3,1,0.1284,11.77,0
SME-279,6,26930.15,24256.12,3,0,0.0744,13.49,0
SME-279,7,25665.36,18607.05,1,2,0.0659,12.3,0
SME-279,8,28903.37,18589.08,1,1,0.049,12.69,0
SME-279,9,36525.25,26065.02,0,1,0.1499,12.96,0
SME-279,10,24290.28,24268.58,0,1,0.1687,11.59,0
SME-279,11,28039.56,15765.56,0,0,0.1728,12.65,0
SME-279,12,28744.49,25638.11,4,0,0.0723,12.18,0
SME-280,1,18760.3,16750.77,1,0,0.2616,3.16,1
SME-280,2,14177.02,12472.48,5,1,0.1392,4.52,1
SME-280,3,19261.9,14576.88,2,2,0.1315,3.66,1
SME-280,4,18534.45,17224.36,2,2,0.1296,4.16,1
SME-280,5,17327.86,15750.38,1,0,0.0434,1.97,1
SME-280,6,19195.0,17677.16,0,0,0.0421,1.82,1
SME-280,7,15623.03,16325.88,3,0,0.1051,3.32,1
SME-280,8,21199.51,18497.74,1,0,0.1535,2.76,1
SME-280,9,19545.09,25278.89,5,2,0.1959,2.55,1
SME-280,10,19461.76,21578.89,7,3,0.1254,2.82,1
SME-280,11,15256.1,15699.36,5,5,0.205,3.45,1
SME-280,12,14465.94,13072.93,5,2,0.2635,2.53,1
SME-281,1,61522.99,40472.93,1,0,0.1082,14.1,0
SME-281,2,64088.78,52800.11,1,0,0.0204,13.78,0
SME-281,3,85223.45,64398.01,1,1,0.1511,13.9,0
SME-281,4,72021.6,51840.77,1,1,0.1182,14.57,0
SME-281,5,79356.22,56113.09,2,1,0.0685,14.73,0
SME-281,6,92068.07,73698.09,0,2,0.1021,14.43,0
SME-281,7,78174.37,66093.19,2,2,0.0756,14.28,0
SME-281,8,69205.43,47682.44,1,1,0.1178,14.44,0
SME-281,9,82745.42,61945.13,1,0,0.0733,14.11,0
SME-281,10,77787.81,64716.15,0,0,0.073,13.48,0
SME-281,11,81274.85,64441.76,0,0,0.0258,14.57,0
SME-281,12,71773.74,47550.53,1,0,0.051,13.42,0
SME-282,1,36801.59,41352.38,2,1,0.0876,8.56,0
SME-282,2,42868.48,41416.43,2,2,0.0762,8.4,0
SME-282,3,41643.53,37611.6,1,2,0.0648,10.28,0
SME-282,4,52221.33,43746.15,0,2,0.1037,9.47,0
SME-282,5,41091.27,32929.72,4,0,0.1138,9.12,0
SME-282,6,56582.8,52667.97,0,0,0.1305,9.43,0
SME-282,7,41138.84,39255.59,0,0,0.1576,9.88,0
SME-282,8,37594.15,40173.15,2,0,0.1828,9.6,0
SME-282,9,35198.04,31430.15,1,3,0.0643,10.02,0
SME-282,10,36257.72,36820.35,2,0,0.027,10.06,0
SME-282,11,41961.59,43390.43,1,2,0.0786,10.71,0
SME-282,12,49436.05,43094.46,3,1,0.1268,10.44,0
SME-283,1,29281.33,23760.19,1,2,0.1134,12.57,0
SME-283,2,32235.94,25155.2,3,0,0.048,14.04,0
SME-283,3,27503.07,16647.13,1,0,0.0658,11.41,0
SME-283,4,35184.23,27655.02,0,0,0.1,11.27,0
SME-283,5,36903.06,32657.66,3,0,0.1231,12.05,0
SME-283,6,32934.62,29219.56,1,1,0.0464,11.43,0
SME-283,7,33852.94,25209.91,1,0,0.0491,12.82,0
SME-283,8,38652.9,31516.47,1,0,0.0713,11.25,0
SME-283,9,39289.8,28326.57,1,0,0.0651,12.34,0
SME-283,10,36940.84,26977.12,2,1,0.0259,12.05,0
SME-283,11,31584.09,23601.79,2,1,0.0897,11.52,0
SME-283,12,40853.79,28607.43,3,1,0.1042,12.37,0
SME-284,1,10354.35,9691.21,6,0,0.3031,1.09,1
SME-284,2,11570.58,9418.81,5,2,0.0555,1.45,1
SME-284,3,9604.24,9873.76,8,2,0.0771,1.07,1
SME-284,4,10112.12,8590.45,2,2,0.0799,1.96,1
SME-284,5,10289.88,9771.6,2,1,0.029,2.37,1
SME-284,6,12654.29,12260.9,3,1,0.1052,1.28,1
SME-284,7,8485.61,8750.2,2,1,0.1784,1.44,1
SME-284,8,11072.16,10843.33,4,2,0.1988,1.84,1
SME-284,9,11139.46,11388.22,4,5,0.1746,0.44,1
SME-284,10,10730.03,10490.21,4,1,0.0733,1.01,1
SME-284,11,10080.03,9255.42,4,3,0.146,1.3,1
SME-284,12,8312.47,8214.0,8,1,0.2034,0.26,1
SME-285,1,14979.53,10538.24,0,0,0.1671,7.12,1
SME-285,2,17194.14,16321.71,0,0,0.0688,6.39,1
SME-285,3,19842.08,15704.21,3,0,0.1146,5.83,1
SME-285,4,19332.87,16576.25,4,2,0.0611,6.15,1
SME-285,5,17056.11,12646.68,3,0,0.0646,6.28,1
SME-285,6,17266.78,15037.73,4,1,0.0574,6.67,1
SME-285,7,16783.72,13678.07,2,2,0.0116,6.59,1
SME-285,8,17176.03,12794.71,2,0,0.0123,5.49,1
SME-285,9,17598.61,15719.72,0,0,0.0194,7.67,1
SME-285,10,16180.72,12292.6,2,0,0.035,5.42,1
SME-285,11,19820.75,15942.88,1,2,0.0838,6.22,1
SME-285,12,18522.08,13331.41,0,0,0.0829,5.87,1
SME-286,1,40912.78,24450.6,0,1,0.1398,4.72,0
SME-286,2,43413.14,34329.71,0,0,0.0297,5.2,0
SME-286,3,37963.57,31684.4,5,0,0.0546,4.85,0
SME-286,4,36724.54,25763.44,0,2,0.0738,4.97,0
SME-286,5,40988.65,32102.58,2,0,0.0464,3.48,0
SME-286,6,38475.19,29459.75,2,0,0.0452,4.03,0
SME-286,7,37062.06,29784.12,5,0,0.0418,5.61,0
SME-286,8,32181.88,25320.02,2,0,0.0751,5.18,0
SME-286,9,40579.16,29921.29,0,0,0.0941,4.88,0
SME-286,10,30112.46,23591.81,2,1,0.132,5.2,0
SME-286,11,39524.18,27669.48,1,1,0.1281,5.07,0
SME-286,12,48754.09,34896.94,2,0,0.1928,4.31,0
SME-287,1,31287.1,23862.4,2,0,0.0544,9.91,0
SME-287,2,30573.56,21391.4,0,0,0.0115,9.98,0
SME-287,3,32827.58,29489.8,1,0,0.0298,10.39,0
SME-287,4,30374.56,24661.02,1,0,0.0356,11.22,0
SME-287,5,38884.54,31608.49,1,1,0.1051,10.68,0
SME-287,6,31826.58,21663.6,1,2,0.1103,10.26,0
SME-287,7,31322.13,25811.6,1,0,0.1015,10.13,0
SME-287,8,32448.03,27337.18,2,1,0.0145,10.62,0
SME-287,9,31517.26,21430.35,2,1,0.0155,10.35,0
SME-287,10,32333.25,26213.43,3,0,0.0129,10.41,0
SME-287,11,29784.75,24111.46,2,0,0.034,10.5,0
SME-287,12,29312.48,23008.89,2,0,0.0435,10.32,0
SME-288,1,31809.74,28633.32,2,3,0.1198,6.5,0
SME-288,2,21353.52,16778.01,2,1,0.1967,6.65,0
SME-288,3,27016.32,21828.48,1,0,0.1599,5.81,0
SME-288,4,25996.31,17642.46,0,0,0.0994,7.28,0
SME-288,5,34285.0,24813.93,0,1,0.1268,7.05,0
SME-288,6,32269.65,28852.97,1,1,0.1144,6.66,0
SME-288,7,32213.56,23778.93,5,0,0.0293,5.08,0
SME-288,8,30089.13,26158.35,2,2,0.0322,6.94,0
SME-288,9,29277.52,25844.64,2,1,0.0406,6.04,0
SME-288,10,32941.81,23965.12,1,1,0.0511,6.91,0
SME-288,11,28581.71,22770.04,2,0,0.0632,6.82,0
SME-288,12,30298.37,26142.46,2,0,0.0586,7.09,0
SME-289,1,29249.64,19053.28,3,0,0.1313,11.38,0
SME-289,2,28668.67,25221.7,1,1,0.01,11.49,0
SME-289,3,26379.15,19131.37,2,0,0.0441,11.53,0
SME-289,4,33319.02,22144.56,1,0,0.098,11.98,0
SME-289,5,29400.74,20717.09,1,0,0.0957,13.4,0
SME-289,6,29239.7,19530.81,1,0,0.0615,11.78,0
SME-289,7,36023.27,30784.22,2,1,0.1002,11.93,0
SME-289,8,42540.52,36863.44,2,0,0.1511,11.75,0
SME-289,9,24772.12,21903.11,2,1,0.2131,11.18,0
SME-289,10,25231.35,17670.98,3,1,0.2681,10.93,0
SME-289,11,26037.32,18249.49,2,1,0.0206,11.57,0
SME-289,12,27870.15,19642.28,5,1,0.0419,11.94,0
SME-290,1,23978.47,14026.76,0,1,0.1114,9.64,0
SME-290,2,34839.18,27124.72,1,0,0.1847,10.15,0
SME-290,3,21050.72,13411.05,0,0,0.2228,10.92,0
SME-290,4,20790.95,12928.02,2,2,0.2567,11.47,0
SME-290,5,25563.37,20023.66,2,0,0.0975,10.51,0
SME-290,6,19991.38,14868.64,1,0,0.1112,10.26,0
SME-290,7,19479.66,17301.05,0,0,0.1271,9.97,0
SME-290,8,20575.55,14270.23,2,0,0.0224,10.21,0
SME-290,9,25807.88,15917.09,0,0,0.1258,8.94,0
SME-290,10,22062.6,23139.7,2,1,0.0965,9.61,0
SME-290,11,25607.9,22113.5,2,1,0.0702,11.13,0
SME-290,12,25980.17,18602.5,0,0,0.0719,9.44,0
SME-291,1,21563.76,16756.48,2,1,0.1911,4.59,1
SME-291,2,22543.62,20441.32,6,1,0.0222,4.03,1
SME-291,3,18708.19,12606.82,1,1,0.0777,4.03,1
SME-291,4,21384.41,19425.68,4,2,0.0769,5.11,1
SME-291,5,24649.83,20164.57,7,0,0.1126,3.79,1
SME-291,6,17639.6,16448.15,5,2,0.1349,4.16,1
SME-291,7,19679.53,17542.02,2,0,0.1612,3.7,1
SME-291,8,23059.75,17936.86,6,2,0.1585,3.8,1
SME-291,9,22690.44,18089.68,7,2,0.1188,2.78,1
SME-291,10,18886.15,17705.74,6,3,0.1689,2.78,1
SME-291,11,14427.07,14365.36,3,1,0.2529,2.86,1
SME-291,12,17613.93,18002.45,8,1,0.255,2.13,1
SME-292,1,42484.6,36162.28,1,2,0.0868,5.51,0
SME-292,2,46091.76,40721.5,5,1,0.0407,4.98,0
SME-292,3,38379.56,30274.79,1,0,0.0745,4.26,0
SME-292,4,47376.31,37839.45,4,1,0.0904,4.5,0
SME-292,5,64806.63,53347.32,0,1,0.2186,5.49,0
SME-292,6,43001.03,43223.73,1,0,0.1821,4.82,0
SME-292,7,32701.24,28887.77,2,0,0.2858,5.13,0
SME-292,8,43691.21,38168.89,1,2,0.1263,4.44,0
SME-292,9,44697.18,41243.53,0,1,0.1346,5.39,0
SME-292,10,48271.3,56787.81,2,0,0.0431,4.42,0
SME-292,11,57089.23,62260.67,0,1,0.1041,4.99,0
SME-292,12,44170.04,37018.05,0,0,0.1081,5.93,0
SME-293,1,55358.88,59529.41,0,1,0.1089,5.97,0
SME-293,2,75804.93,88188.2,0,1,0.1559,6.41,0
SME-293,3,47229.61,35391.63,2,1,0.2022,5.76,0
SME-293,4,49662.37,37575.8,2,2,0.2247,7.12,0
SME-293,5,53650.52,44625.55,2,2,0.0527,6.24,0
SME-293,6,56640.43,46604.98,1,1,0.0536,7.61,0
SME-293,7,60079.39,43385.1,1,0,0.0463,6.57,0
SME-293,8,55375.75,43734.77,4,0,0.0346,6.72,0
SME-293,9,49934.01,35755.58,2,0,0.0752,6.5,0
SME-293,10,54165.35,45546.96,0,1,0.0439,6.61,0
SME-293,11,46280.22,42816.09,2,1,0.0643,7.22,0
SME-293,12,48294.83,44800.38,4,0,0.0675,7.1,0
SME-294,1,31336.31,27686.15,0,0,0.1647,5.81,0
SME-294,2,24657.93,18084.05,0,0,0.1193,4.24,0
SME-294,3,29244.52,22569.54,3,1,0.0982,5.62,0
SME-294,4,30615.78,24371.22,1,1,0.0904,5.07,0
SME-294,5,26214.22,19990.62,4,0,0.0641,5.5,0
SME-294,6,24872.07,18271.02,2,0,0.0901,5.58,0
SME-294,7,23110.58,15696.44,2,0,0.0514,4.5,0
SME-294,8,26241.62,20429.6,1,1,0.0518,5.11,0
SME-294,9,28798.55,22088.91,0,1,0.0893,5.96,0
SME-294,10,27639.16,18779.99,3,0,0.0379,5.31,0
SME-294,11,28934.15,17110.62,1,0,0.0204,5.37,0
SME-294,12,25090.57,18990.0,0,0,0.0587,4.85,0
SME-295,1,27346.44,20803.47,1,0,0.122,12.79,0
SME-295,2,36074.31,30672.28,0,2,0.1376,12.58,0
SME-295,3,28860.81,24245.94,1,1,0.1238,12.1,0
SME-295,4,29330.64,23623.67,1,0,0.1049,12.23,0
SME-295,5,35863.23,29952.58,2,0,0.1019,12.27,0
SME-295,6,31666.87,19386.55,1,0,0.0837,12.3,0
SME-295,7,31314.74,26543.56,3,2,0.0627,11.66,0
SME-295,8,27743.88,22392.62,0,0,0.0586,12.62,0
SME-295,9,22716.56,16700.09,1,0,0.1294,12.16,0
SME-295,10,30719.0,22722.64,2,0,0.122,12.45,0
SME-295,11,27047.24,27620.08,1,1,0.1219,12.45,0
SME-295,12,36029.06,21317.49,4,0,0.1179,12.5,0
SME-296,1,37047.56,31103.77,0,2,0.1275,13.79,0
SME-296,2,35668.25,30165.93,0,0,0.019,14.48,0
SME-296,3,44317.45,38926.58,1,0,0.0973,13.96,0
SME-296,4,28957.08,26049.56,1,0,0.1731,14.08,0
SME-296,5,41619.64,47325.63,2,0,0.1748,13.72,0
SME-296,6,34140.48,32191.74,2,1,0.1489,14.67,0
SME-296,7,35129.28,33024.62,1,0,0.0897,14.16,0
SME-296,8,30675.3,26247.04,1,0,0.0573,13.77,0
SME-296,9,38773.4,32782.52,0,0,0.095,13.72,0
SME-296,10,56992.01,46611.59,3,2,0.2611,13.44,0
SME-296,11,40450.94,37760.49,1,1,0.1811,14.5,0
SME-296,12,39498.97,35691.99,0,2,0.1759,13.69,0
SME-297,1,62314.01,55572.07,0,0,0.0725,5.61,0
SME-297,2,63853.17,62233.72,1,1,0.0122,5.25,0
SME-297,3,67289.69,52596.89,1,0,0.0323,6.11,0
SME-297,4,66719.16,76978.37,0,2,0.0228,3.94,0
SME-297,5,57104.0,53079.16,0,2,0.0734,5.38,0
SME-297,6,46054.73,51540.96,2,1,0.1491,4.96,0
SME-297,7,51914.27,45370.74,1,1,0.0873,5.98,0
SME-297,8,66320.78,53187.11,1,1,0.1555,5.72,0
SME-297,9,60710.06,66172.75,3,0,0.0994,5.58,0
SME-297,10,60789.07,56055.24,5,0,0.042,6.16,0
SME-297,11,53544.84,41049.92,4,0,0.0582,4.76,0
SME-297,12,55712.42,46028.74,0,0,0.0536,5.91,0
SME-298,1,38126.13,23615.96,0,0,0.0544,11.54,0
SME-298,2,33373.68,21087.18,1,1,0.0665,12.15,0
SME-298,3,35322.07,29351.75,2,0,0.0548,11.85,0
SME-298,4,35940.87,24728.75,1,1,0.0314,11.97,0
SME-298,5,35268.81,29231.27,2,0,0.0086,12.04,0
SME-298,6,38420.45,28644.38,2,1,0.0371,11.21,0
SME-298,7,32263.04,24351.7,1,2,0.0712,11.54,0
SME-298,8,40677.83,31527.49,0,0,0.0958,11.79,0
SME-298,9,33823.37,25294.24,1,1,0.1027,10.55,0
SME-298,10,32029.22,23593.73,2,0,0.105,11.79,0
SME-298,11,30388.76,29006.28,1,2,0.0437,12.41,0
SME-298,12,33744.88,24369.81,3,5,0.0427,11.13,0
SME-299,1,55032.54,44241.46,0,0,0.0802,6.75,1
SME-299,2,56739.86,41080.5,3,0,0.0153,6.85,1
SME-299,3,40435.01,31586.37,0,1,0.1442,8.18,1
SME-299,4,48476.53,41304.31,1,0,0.1371,7.41,1
SME-299,5,50775.26,38996.02,2,0,0.0952,7.94,1
SME-299,6,47824.65,38780.71,1,1,0.0258,8.23,1
SME-299,7,44244.98,37312.9,0,2,0.0561,6.99,1
SME-299,8,45961.52,32221.76,2,0,0.0318,8.34,1
SME-299,9,45437.7,30387.38,3,0,0.0159,7.58,1
SME-299,10,71986.48,54970.55,2,1,0.2276,7.38,1
SME-299,11,49163.52,35663.89,0,0,0.2113,7.48,1
SME-299,12,48794.73,37185.88,1,1,0.1915,8.03,1
SME-300,1,28543.95,27521.59,0,1,0.1003,11.22,0
SME-300,2,39957.88,34104.84,2,0,0.1666,11.56,0
SME-300,3,45192.42,45081.77,2,2,0.1834,10.94,0
SME-300,4,33830.16,24912.0,1,0,0.1171,12.26,0
SME-300,5,28219.03,27524.42,6,0,0.1975,11.23,0
SME-300,6,34692.73,26517.2,4,1,0.089,11.74,0
SME-300,7,31752.71,26833.94,3,1,0.0839,11.37,0
SME-300,8,31449.99,29369.28,1,3,0.0448,11.12,0
SME-300,9,30099.17,25616.66,4,0,0.0231,11.57,0
SME-300,10,27226.14,22016.64,0,0,0.0595,11.61,0
SME-300,11,29635.91,26174.81,4,0,0.0434,11.47,0
SME-300,12,34875.7,31119.88,1,3,0.1044,11.28,0
SME-301,1,25327.69,17352.85,0,0,0.1549,9.91,0
SME-301,2,36850.7,23769.66,1,0,0.1853,10.84,0
SME-301,3,35584.1,37318.24,4,1,0.1583,9.64,0
SME-301,4,36170.34,32650.83,3,0,0.0143,9.74,0
SME-301,5,30512.57,28028.25,3,0,0.0745,10.76,0
SME-301,6,29034.35,23490.01,2,0,0.0964,10.39,0
SME-301,7,36843.25,29095.03,2,0,0.1054,10.29,0
SME-301,8,27514.73,23918.95,2,1,0.1313,11.04,0
SME-301,9,31962.47,30428.74,1,0,0.1187,11.02,0
SME-301,10,32920.14,22345.49,1,0,0.0765,10.26,0
SME-301,11,27110.22,22972.21,5,0,0.0829,10.71,0
SME-301,12,34660.53,30634.5,0,1,0.1023,10.93,0
SME-302,1,79915.58,72359.06,2,1,0.1739,8.33,0
SME-302,2,92988.74,87876.63,2,0,0.0756,8.1,0
SME-302,3,56655.94,39034.16,1,0,0.1964,8.28,0
SME-302,4,81575.11,59274.92,3,0,0.1968,7.99,0
SME-302,5,77191.62,65110.5,3,1,0.1513,7.84,0
SME-302,6,73475.1,67092.55,1,0,0.0428,8.97,0
SME-302,7,60745.48,51570.03,1,1,0.0999,8.64,0
SME-302,8,92160.56,81726.53,3,0,0.171,8.08,0
SME-302,9,62100.26,49050.87,2,0,0.2023,8.76,0
SME-302,10,89501.01,62553.2,1,0,0.1672,9.1,0
SME-302,11,84928.45,75680.84,1,0,0.152,8.11,0
SME-302,12,75987.79,55010.27,1,1,0.0672,8.03,0
SME-303,1,57514.18,60131.74,2,1,0.1489,4.49,0
SME-303,2,47228.56,36594.49,0,0,0.0982,4.59,0
SME-303,3,56856.95,62250.2,5,2,0.0873,5.1,0
SME-303,4,55233.69,49326.86,3,0,0.0793,5.79,0
SME-303,5,47683.33,36060.29,0,0,0.0751,5.41,0
SME-303,6,61321.61,49947.23,0,0,0.1019,5.08,0
SME-303,7,57235.67,46702.02,1,1,0.1031,3.71,0
SME-303,8,63347.52,54569.31,1,1,0.0419,4.54,0
SME-303,9,71929.19,65197.19,4,1,0.0939,4.95,0
SME-303,10,59547.79,53615.68,3,0,0.0797,5.16,0
SME-303,11,55460.75,54619.38,2,1,0.1124,4.17,0
SME-303,12,59433.79,52929.66,2,0,0.0327,5.63,0
SME-304,1,19092.78,17667.09,5,2,0.4321,4.48,1
SME-304,2,19511.42,19402.79,2,0,0.0108,4.37,1
SME-304,3,16666.39,16626.33,3,0,0.0681,4.31,1
SME-304,4,20794.0,22241.41,3,0,0.0908,4.59,1
SME-304,5,19371.68,16594.92,2,4,0.0904,3.7,1
SME-304,6,20021.95,22119.52,5,1,0.029,4.38,1
SME-304,7,18172.86,20109.58,2,1,0.0562,3.84,1
SME-304,8,20107.79,24818.37,5,1,0.0878,3.38,1
SME-304,9,20679.77,21728.61,0,4,0.1234,3.09,1
SME-304,10,15113.93,16861.2,5,5,0.1995,3.86,1
SME-304,11,18074.16,20311.2,6,2,0.1967,2.52,1
SME-304,12,14688.19,15299.21,8,5,0.2178,3.11,1
SME-305,1,37693.88,23661.15,3,2,0.0942,5.6,0
SME-305,2,39027.75,28914.96,4,0,0.0174,6.07,0
SME-305,3,36303.24,29327.15,1,1,0.0295,5.04,0
SME-305,4,50453.31,37350.78,2,0,0.1462,6.12,0
SME-305,5,37946.66,30846.46,4,0,0.152,5.53,0
SME-305,6,34595.46,21320.81,1,2,0.1664,4.94,0
SME-305,7,35612.39,32901.64,1,0,0.0389,6.03,0
SME-305,8,33985.69,30245.49,3,0,0.0193,4.51,0
SME-305,9,33610.88,28486.7,0,2,0.0253,6.31,0
SME-305,10,33674.8,24909.15,2,0,0.0048,6.04,0
SME-305,11,35654.01,29114.86,2,0,0.0276,5.75,0
SME-305,12,39899.07,28578.39,1,0,0.0713,5.33,0
SME-306,1,31494.38,26345.41,0,0,0.0704,8.04,0
SME-306,2,40266.77,32352.64,2,0,0.1222,7.99,0
SME-306,3,31308.3,22971.75,2,0,0.1217,7.0,0
SME-306,4,30333.33,22795.27,0,0,0.1316,7.76,0
SME-306,5,30279.98,22431.53,4,1,0.0154,8.06,0
SME-306,6,35980.26,28175.55,2,0,0.0831,6.64,0
SME-306,7,31836.9,26221.89,3,1,0.0736,7.17,0
SME-306,8,25146.59,20094.59,1,2,0.144,8.53,0
SME-306,9,31787.29,30794.01,1,1,0.1062,6.18,0
SME-306,10,37887.49,32664.15,3,2,0.1646,7.81,0
SME-306,11,33011.35,26742.54,2,0,0.077,8.3,0
SME-306,12,38946.02,30197.95,1,0,0.0706,7.61,0
SME-307,1,13792.96,10222.16,0,0,0.061,13.42,0
SME-307,2,18487.38,13542.99,1,0,0.1454,13.03,0
SME-307,3,19386.95,14493.6,2,0,0.1424,12.29,0
SME-307,4,16268.47,12260.71,1,1,0.0726,12.64,0
SME-307,5,18249.73,14932.11,2,3,0.0717,13.69,0
SME-307,6,13100.39,11814.53,1,0,0.1336,13.49,0
SME-307,7,18752.13,17251.48,5,0,0.1529,13.69,0
SME-307,8,14463.6,12898.27,1,0,0.156,13.53,0
SME-307,9,15727.71,16715.17,2,1,0.1103,13.44,0
SME-307,10,15255.67,14602.88,4,1,0.0344,13.53,0
SME-307,11,18264.44,20794.25,0,1,0.0805,13.17,0
SME-307,12,18160.07,16060.4,1,0,0.0809,12.82,0
SME-308,1,46385.23,28242.43,2,0,0.1427,4.46,0
SME-308,2,55241.66,34920.24,0,0,0.0871,4.04,0
SME-308,3,51618.59,45316.65,2,0,0.0712,5.12,0
SME-308,4,52331.68,46898.76,1,2,0.0295,4.91,0
SME-308,5,55071.22,38452.42,1,1,0.0281,3.62,0
SME-308,6,47150.37,45469.78,2,1,0.0638,4.87,0
SME-308,7,42385.93,35765.45,3,0,0.1085,4.55,0
SME-308,8,56171.7,36282.63,4,0,0.1177,3.67,0
SME-308,9,45808.46,29398.29,2,0,0.1218,4.91,0
SME-308,10,34108.53,20018.08,2,0,0.1987,4.49,0
SME-308,11,46837.71,35906.45,1,0,0.1366,4.35,0
SME-308,12,47594.14,37982.04,2,1,0.1444,4.06,0
SME-309,1,19141.84,16676.32,2,0,0.1537,9.81,0
SME-309,2,18224.3,15272.42,1,1,0.0246,9.39,0
SME-309,3,15897.48,11329.55,1,0,0.0769,9.28,0
SME-309,4,20555.38,15783.75,1,0,0.1043,9.2,0
SME-309,5,15522.92,12419.27,0,0,0.1321,9.27,0
SME-309,6,22090.46,17997.43,2,0,0.1447,9.52,0
SME-309,7,25677.37,16981.21,3,0,0.1993,9.27,0
SME-309,8,24306.53,17728.41,0,0,0.0615,9.45,0
SME-309,9,22404.24,16222.05,0,1,0.0556,8.94,0
SME-309,10,25576.11,16301.04,2,0,0.0541,9.65,0
SME-309,11,21918.83,14526.19,2,0,0.0696,10.18,0
SME-309,12,21824.87,16491.44,5,1,0.0756,8.14,0
SME-310,1,61159.61,49673.07,1,0,0.1528,8.0,0
SME-310,2,57348.72,63430.38,1,0,0.0322,8.82,0
SME-310,3,51855.3,49103.63,0,0,0.0673,8.33,0
SME-310,4,54323.82,45663.06,4,0,0.0412,7.82,0
SME-310,5,57094.25,52836.34,1,1,0.0393,7.18,0
SME-310,6,64018.03,67728.12,6,0,0.0697,8.61,0
SME-310,7,53042.03,46622.83,1,0,0.0781,8.35,0
SME-310,8,47908.51,39681.91,1,1,0.1222,8.66,0
SME-310,9,72660.35,63089.45,0,2,0.1843,8.1,0
SME-310,10,58851.52,46131.92,1,0,0.1693,7.86,0
SME-310,11,53504.45,38494.34,1,2,0.1309,7.21,0
SME-310,12,47777.6,47659.2,2,1,0.0847,7.72,0
SME-311,1,36834.48,27421.96,3,3,0.4424,2.76,1
SME-311,2,28115.12,19833.64,1,1,0.1342,3.23,1
SME-311,3,34788.52,32345.64,1,0,0.112,2.99,1
SME-311,4,39877.6,35412.87,5,0,0.1406,2.25,1
SME-311,5,32277.89,30456.7,3,0,0.0887,2.85,1
SME-311,6,38069.53,34749.49,2,0,0.0882,2.75,1
SME-311,7,26729.86,28209.32,6,2,0.1611,1.88,1
SME-311,8,38082.67,39524.13,2,1,0.1951,2.4,1
SME-311,9,29905.28,28625.44,8,3,0.2162,2.5,1
SME-311,10,26755.85,19386.68,7,0,0.2387,2.44,1
SME-311,11,29007.6,36047.08,11,2,0.1694,3.0,1
SME-311,12,28081.63,20908.31,11,3,0.1298,2.23,1
SME-312,1,24544.14,15140.4,1,0,0.1161,10.66,0
SME-312,2,20094.72,16298.27,2,0,0.0997,11.74,0
SME-312,3,23062.02,20574.9,0,2,0.082,10.86,0
SME-312,4,21683.85,16783.65,3,0,0.0561,10.74,0
SME-312,5,25982.84,18189.22,2,0,0.076,11.05,0
SME-312,6,33494.1,29244.55,0,0,0.1804,11.71,0
SME-312,7,19724.75,12994.37,2,1,0.2132,11.07,0
SME-312,8,25716.58,16798.34,1,0,0.2142,10.87,0
SME-312,9,22202.65,18332.72,3,2,0.109,10.56,0
SME-312,10,29005.14,23612.77,2,1,0.1083,10.26,0
SME-312,11,25739.5,25977.28,1,0,0.1083,11.03,0
SME-312,12,23616.32,25528.46,3,0,0.0849,11.39,0
SME-313,1,27343.48,23402.71,2,2,0.079,12.5,0
SME-313,2,25616.05,20371.5,1,0,0.0326,11.96,0
SME-313,3,26440.88,20615.42,3,0,0.0267,12.74,0
SME-313,4,22239.54,21054.25,2,0,0.0734,12.71,0
SME-313,5,35552.95,37758.73,0,1,0.1979,12.55,0
SME-313,6,23301.07,20715.17,0,0,0.2235,13.32,0
SME-313,7,18923.61,12656.98,2,1,0.2715,13.3,0
SME-313,8,31082.6,20809.39,2,0,0.2058,12.91,0
SME-313,9,26903.5,26631.74,1,0,0.1968,12.9,0
SME-313,10,21157.48,19322.39,1,0,0.1542,13.36,0
SME-313,11,31962.75,28183.62,0,0,0.1655,13.59,0
SME-313,12,28520.29,25632.9,2,0,0.1656,13.36,0
SME-314,1,64793.86,57870.18,1,1,0.0683,5.39,0
SME-314,2,52806.28,48154.32,2,0,0.1019,6.11,0
SME-314,3,59609.06,38354.5,1,1,0.0831,5.56,0
SME-314,4,51979.31,38977.43,1,0,0.0624,5.76,0
SME-314,5,58089.52,44142.1,0,2,0.0583,6.01,0
SME-314,6,60112.94,39068.37,0,0,0.0609,5.09,0
SME-314,7,56453.15,44798.99,4,0,0.0257,4.54,0
SME-314,8,58905.3,40129.24,4,1,0.026,4.33,0
SME-314,9,66338.75,47927.92,1,4,0.0694,5.93,0
SME-314,10,56776.98,31975.03,1,1,0.0676,5.3,0
SME-314,11,63489.04,51822.54,3,3,0.0644,5.23,0
SME-314,12,58771.98,38828.02,0,0,0.0472,5.01,0
SME-315,1,36250.2,28278.4,0,1,0.096,10.69,0
SME-315,2,34987.81,36144.71,0,0,0.0177,11.09,0
SME-315,3,26231.0,22146.74,1,0,0.1371,10.91,0
SME-315,4,40794.37,42559.88,2,1,0.176,11.35,0
SME-315,5,37085.95,26194.41,0,0,0.1781,10.18,0
SME-315,6,29763.07,22527.03,3,2,0.1277,11.26,0
SME-315,7,37537.9,32759.7,1,0,0.1024,11.03,0
SME-315,8,43420.82,34005.94,4,0,0.1516,11.45,0
SME-315,9,35657.52,28828.76,1,0,0.0851,11.73,0
SME-315,10,40368.94,40665.13,2,2,0.0802,10.62,0
SME-315,11,28721.41,24614.94,1,1,0.137,11.9,0
SME-315,12,48610.58,56561.92,2,1,0.208,12.07,0
SME-316,1,32908.61,31814.04,0,0,0.1265,4.88,0
SME-316,2,29465.48,25115.07,6,0,0.0552,5.9,0
SME-316,3,32238.98,25626.22,1,0,0.0473,5.12,0
SME-316,4,34191.6,26765.87,1,0,0.0607,5.15,0
SME-316,5,41391.48,33748.43,3,0,0.1095,6.0,0
SME-316,6,35716.84,34307.79,0,1,0.0835,5.68,0
SME-316,7,39177.47,28931.17,2,1,0.0602,6.04,0
SME-316,8,31210.74,21567.83,0,0,0.0922,4.6,0
SME-316,9,27854.41,18734.04,4,1,0.145,4.78,0
SME-316,10,34194.85,29667.61,2,0,0.0833,5.45,0
SME-316,11,37511.21,30346.0,0,0,0.1207,4.48,0
SME-316,12,36667.31,34371.29,3,2,0.039,5.11,0
SME-317,1,23096.78,20072.75,1,0,0.4193,4.47,0
SME-317,2,16425.77,14185.51,1,2,0.1688,4.59,0
SME-317,3,28815.57,34286.57,1,2,0.2223,4.41,0
SME-317,4,28592.87,27708.5,4,1,0.2352,3.72,0
SME-317,5,17551.07,17855.8,5,1,0.2105,5.22,0
SME-317,6,19571.75,17054.79,5,1,0.2191,4.95,0
SME-317,7,19210.34,20979.94,6,2,0.0685,3.3,0
SME-317,8,17592.92,19939.37,3,0,0.0799,4.52,0
SME-317,9,22307.5,25725.21,4,2,0.1681,4.65,0
SME-317,10,18144.92,23414.26,4,0,0.164,3.16,0
SME-317,11,19189.56,22740.99,3,1,0.1851,2.82,0
SME-317,12,11784.87,13887.68,5,1,0.2938,3.84,0
SME-318,1,25642.96,24000.47,3,0,0.2812,2.11,1
SME-318,2,22772.57,21449.14,3,0,0.0593,2.92,1
SME-318,3,24262.05,21532.0,4,4,0.0484,2.53,1
SME-318,4,21689.4,24435.24,5,2,0.046,2.78,1
SME-318,5,26236.64,25177.46,3,0,0.0774,3.52,1
SME-318,6,24528.12,28840.12,2,2,0.0777,2.91,1
SME-318,7,27593.21,24655.28,5,1,0.0647,3.06,1
SME-318,8,18696.17,17007.56,6,3,0.1862,3.06,1
SME-318,9,24488.93,18595.85,4,1,0.2094,2.63,1
SME-318,10,21597.27,23762.73,6,4,0.2013,2.9,1
SME-318,11,22483.26,21118.45,6,5,0.1555,2.29,1
SME-318,12,17122.99,17752.83,5,2,0.2181,2.72,1
SME-319,1,47272.8,37063.61,1,0,0.0944,6.59,0
SME-319,2,45345.5,38608.91,1,0,0.0208,6.86,0
SME-319,3,48689.21,41620.11,1,1,0.0291,6.64,0
SME-319,4,35625.0,27326.62,4,0,0.1282,5.97,0
SME-319,5,48182.08,34568.02,0,0,0.1368,6.87,0
SME-319,6,39153.36,28059.1,1,0,0.129,6.94,0
SME-319,7,42787.23,32620.7,2,1,0.0855,6.88,0
SME-319,8,38618.13,25274.38,2,0,0.0461,6.62,0
SME-319,9,46729.89,41114.14,0,2,0.0775,6.68,0
SME-319,10,50091.58,34436.22,2,0,0.1067,5.26,0
SME-319,11,51795.53,40839.51,2,1,0.0425,6.12,0
SME-319,12,38752.0,34843.03,3,1,0.1235,7.65,0
SME-320,1,39616.79,28915.11,2,0,0.1348,5.94,0
SME-320,2,25983.31,22270.19,1,1,0.2078,4.91,0
SME-320,3,40067.08,38716.66,0,1,0.1856,6.24,0
SME-320,4,34533.51,29442.05,1,2,0.1728,5.68,0
SME-320,5,33301.39,25325.62,3,2,0.0818,5.38,0
SME-320,6,48609.51,50787.88,2,0,0.1789,6.39,0
SME-320,7,32117.99,30017.66,0,0,0.1976,5.68,0
SME-320,8,48607.27,43947.91,3,4,0.1803,6.38,0
SME-320,9,35682.2,30254.4,0,1,0.1826,6.39,0
SME-320,10,41092.78,36732.37,3,1,0.1268,6.43,0
SME-320,11,39271.06,35003.48,2,1,0.0581,6.07,0
SME-320,12,28144.55,22131.99,3,2,0.1582,5.47,0
SME-321,1,42290.67,42158.19,4,1,0.3327,3.43,1
SME-321,2,36958.67,32299.47,3,1,0.0673,4.27,1
SME-321,3,45735.83,40264.57,4,3,0.0867,2.92,1
SME-321,4,33291.23,35574.5,2,1,0.135,3.93,1
SME-321,5,36429.74,36208.84,1,0,0.1373,2.9,1
SME-321,6,40145.68,39434.89,1,0,0.0765,4.73,1
SME-321,7,28257.06,28750.04,6,1,0.1607,2.49,1
SME-321,8,40621.15,31212.61,3,1,0.196,2.85,1
SME-321,9,35223.84,33134.89,4,2,0.2055,3.25,1
SME-321,10,40618.98,42578.19,4,2,0.1269,2.97,1
SME-321,11,43503.78,48774.62,4,2,0.1653,1.89,1
SME-321,12,39376.14,47892.35,6,0,0.1291,2.11,1
SME-322,1,26419.31,28254.22,4,2,0.168,0.83,1
SME-322,2,36018.89,42978.26,3,1,0.1537,0.27,1
SME-322,3,23214.73,24507.92,2,3,0.1905,1.84,1
SME-322,4,21375.02,21087.46,1,0,0.2424,1.0,1
SME-322,5,27439.81,24053.1,0,1,0.1057,1.93,1
SME-322,6,24403.65,20352.37,5,0,0.1014,1.07,1
SME-322,7,28789.28,28018.86,4,0,0.086,1.81,1
SME-322,8,29766.71,33722.91,6,2,0.1197,2.04,1
SME-322,9,30543.23,31695.41,2,1,0.0733,1.14,1
SME-322,10,22347.26,20268.34,4,0,0.2098,2.05,1
SME-322,11,23562.78,30605.31,4,3,0.2288,1.81,1
SME-322,12,27285.75,31394.77,2,4,0.2086,0.25,1
SME-323,1,39413.06,32733.73,3,0,0.1605,10.85,0
SME-323,2,30865.08,23042.57,1,2,0.1216,11.41,0
SME-323,3,31379.23,26902.61,3,0,0.1155,10.42,0
SME-323,4,33943.41,28013.34,2,1,0.042,11.03,0
SME-323,5,40436.86,29175.92,3,1,0.1081,10.24,0
SME-323,6,33731.04,27222.48,0,1,0.0864,11.26,0
SME-323,7,43816.86,40813.94,1,0,0.1066,11.1,0
SME-323,8,32297.03,28083.01,2,0,0.14,10.43,0
SME-323,9,33467.82,28388.83,1,2,0.1417,11.34,0
SME-323,10,34213.41,27356.35,0,1,0.0237,10.91,0
SME-323,11,39940.81,27411.64,1,0,0.0806,12.02,0
SME-323,12,34715.13,33323.13,3,1,0.0714,11.04,0
SME-324,1,54750.96,43614.89,2,0,0.0765,8.25,0
SME-324,2,45320.49,39772.56,1,0,0.0942,7.18,0
SME-324,3,39833.63,36292.84,0,0,0.1321,8.98,0
SME-324,4,42633.74,31247.27,0,0,0.0526,7.58,0
SME-324,5,42339.92,45035.0,1,1,0.0302,8.3,0
SME-324,6,46091.56,45106.89,1,0,0.039,8.16,0
SME-324,7,52236.44,42118.16,3,1,0.087,7.19,0
SME-324,8,45220.74,37585.89,3,0,0.0653,9.14,0
SME-324,9,44764.09,38452.35,0,0,0.0721,7.8,0
SME-324,10,46074.96,40084.75,1,1,0.012,8.24,0
SME-324,11,52318.33,47666.24,2,0,0.0691,8.32,0
SME-324,12,50246.76,53523.73,2,1,0.0524,7.72,0
SME-325,1,81158.98,61708.06,2,1,0.0922,13.26,0
SME-325,2,77044.54,63896.45,2,3,0.026,14.37,0
SME-325,3,73456.37,54149.52,1,0,0.0408,12.72,0
SME-325,4,81861.35,52394.91,0,0,0.0445,13.76,0
SME-325,5,72598.1,41329.22,0,0,0.055,13.29,0
SME-325,6,82663.88,65882.9,3,1,0.0578,13.34,0
SME-325,7,68524.11,59983.49,0,2,0.0797,12.71,0
SME-325,8,71589.8,74503.69,3,2,0.0818,14.88,0
SME-325,9,72762.33,68262.8,0,0,0.0252,13.93,0
SME-325,10,78316.56,58622.91,1,0,0.0395,12.58,0
SME-325,11,71133.0,58661.49,2,0,0.0415,14.1,0
SME-325,12,65149.94,46342.96,1,2,0.0752,13.24,0
SME-326,1,49447.63,43971.58,1,5,0.0861,5.48,0
SME-326,2,58492.7,54012.63,1,0,0.0838,5.41,0
SME-326,3,47144.07,40834.96,1,0,0.0947,6.92,0
SME-326,4,69106.47,51219.47,1,4,0.154,5.44,0
SME-326,5,46963.92,35292.29,2,0,0.1911,6.63,0
SME-326,6,53629.61,39562.03,1,0,0.164,6.32,0
SME-326,7,59704.5,48181.96,1,0,0.0974,6.23,0
SME-326,8,53925.76,43118.46,0,1,0.0502,5.67,0
SME-326,9,48788.25,47968.89,1,0,0.0824,5.67,0
SME-326,10,44999.02,35405.11,1,2,0.0743,5.92,0
SME-326,11,50804.48,39567.34,0,3,0.0499,6.09,0
SME-326,12,72915.28,58050.05,0,1,0.2139,5.9,0
SME-327,1,38055.49,34737.57,1,0,0.1254,11.26,0
SME-327,2,36922.9,33030.1,1,0,0.0151,11.38,0
SME-327,3,46964.04,40721.8,0,0,0.1105,12.14,0
SME-327,4,35301.73,30567.47,3,0,0.1298,11.72,0
SME-327,5,37184.53,40478.21,0,0,0.1284,11.64,0
SME-327,6,33168.78,30220.6,2,0,0.0466,11.19,0
SME-327,7,52133.92,44888.54,2,0,0.1999,11.05,0
SME-327,8,52802.18,56134.68,0,1,0.1977,11.2,0
SME-327,9,37736.32,30907.6,1,1,0.1461,11.73,0
SME-327,10,49241.6,42614.31,1,0,0.138,11.8,0
SME-327,11,50255.89,40715.93,0,1,0.1241,11.65,0
SME-327,12,46790.96,36484.87,3,0,0.0298,11.67,0
SME-328,1,29083.56,32219.76,4,1,0.1866,4.72,1
SME-328,2,24159.37,22953.27,1,0,0.0925,5.5,1
SME-328,3,31868.76,30606.36,1,1,0.1124,4.39,1
SME-328,4,27471.36,26804.89,3,1,0.1135,4.77,1
SME-328,5,25077.47,31660.14,1,0,0.0999,4.38,1
SME-328,6,21004.77,21097.28,4,0,0.1089,4.81,1
SME-328,7,25203.41,27427.01,3,2,0.0996,5.54,1
SME-328,8,23516.85,21448.65,3,4,0.1072,4.74,1
SME-328,9,20600.77,22435.01,6,4,0.1329,4.37,1
SME-328,10,21602.37,23295.1,3,1,0.1317,3.66,1
SME-328,11,18185.75,26898.09,4,0,0.1671,3.45,1
SME-328,12,21016.1,20382.91,8,2,0.1637,3.67,1
SME-329,1,34607.32,27705.3,0,1,0.0667,6.6,1
SME-329,2,39561.16,40212.99,0,1,0.0668,6.87,1
SME-329,3,47159.74,33987.31,3,0,0.1276,6.32,1
SME-329,4,37892.14,31013.0,1,1,0.0971,6.16,1
SME-329,5,50234.22,36715.84,2,1,0.1163,5.88,1
SME-329,6,48775.97,40165.45,4,0,0.1207,5.41,1
SME-329,7,45660.95,41022.36,0,0,0.0396,7.49,1
SME-329,8,46092.75,53607.96,0,0,0.0294,6.48,1
SME-329,9,42825.91,35882.01,0,0,0.0323,5.56,1
SME-329,10,53884.51,49244.83,2,1,0.0975,6.86,1
SME-329,11,44879.35,38235.43,3,1,0.1018,6.21,1
SME-329,12,49052.48,45548.25,2,0,0.0747,5.58,1
SME-330,1,39567.62,37692.47,4,3,0.1047,7.54,0
SME-330,2,44350.49,31243.4,0,0,0.057,8.7,0
SME-330,3,39352.65,31491.62,2,1,0.0561,8.07,0
SME-330,4,43221.34,39378.6,1,2,0.0506,7.95,0
SME-330,5,52348.74,47116.7,0,0,0.1211,8.56,0
SME-330,6,40066.12,30739.19,2,1,0.1152,7.9,0
SME-330,7,55617.06,53090.77,2,1,0.1357,8.22,0
SME-330,8,46759.4,42278.12,1,0,0.1341,7.77,0
SME-330,9,47871.78,36544.56,4,0,0.0787,9.02,0
SME-330,10,44679.13,40873.03,2,0,0.0285,8.51,0
SME-330,11,35825.52,26297.17,0,0,0.1191,7.14,0
SME-330,12,49263.17,44062.69,0,0,0.1289,8.75,0
SME-331,1,44701.42,39398.59,5,0,0.1606,13.0,0
SME-331,2,35289.71,20045.78,0,1,0.1177,12.04,0
SME-331,3,35602.2,24170.17,5,0,0.1133,12.59,0
SME-331,4,42589.32,27495.29,0,0,0.0891,12.57,0
SME-331,5,36428.57,30230.95,1,2,0.0816,11.8,0
SME-331,6,33034.64,23470.25,0,0,0.1059,12.3,0
SME-331,7,38632.83,30340.25,0,1,0.0639,12.11,0
SME-331,8,36610.72,24985.3,1,0,0.0641,12.07,0
SME-331,9,37610.17,32211.42,2,0,0.0219,10.58,0
SME-331,10,48252.5,38337.44,0,1,0.129,12.01,0
SME-331,11,42349.79,32183.87,3,1,0.1019,12.51,0
SME-331,12,37028.92,27337.54,4,0,0.1077,13.09,0
SME-332,1,14957.38,12567.19,5,2,0.2724,1.64,1
SME-332,2,17872.97,12243.47,1,2,0.0888,0.87,1
SME-332,3,16133.92,15828.65,2,1,0.0734,1.84,1
SME-332,4,18043.98,14796.29,2,1,0.0497,0.28,1
SME-332,5,19113.41,17838.07,5,1,0.0694,1.57,1
SME-332,6,15152.82,13864.74,0,2,0.0959,1.57,1
SME-332,7,18558.21,15304.41,4,1,0.1239,1.52,1
SME-332,8,14284.42,11624.77,8,0,0.1613,1.71,1
SME-332,9,11671.06,8332.51,4,0,0.255,0.31,1
SME-332,10,12575.07,12651.39,6,0,0.166,0.32,1
SME-332,11,12791.48,12175.76,8,2,0.1165,1.2,1
SME-332,12,13835.86,14398.29,10,3,0.1863,2.16,1
SME-333,1,20412.09,18426.75,0,0,0.1585,12.22,0
SME-333,2,18913.2,19818.21,2,1,0.0381,12.64,0
SME-333,3,20424.55,14583.37,2,1,0.0356,13.79,0
SME-333,4,18974.85,16230.9,1,1,0.0359,13.58,0
SME-333,5,18363.18,12778.43,1,0,0.0449,13.8,0
SME-333,6,20924.97,16735.71,2,0,0.0562,13.28,0
SME-333,7,17149.98,10583.83,3,2,0.0836,13.56,0
SME-333,8,19827.92,15117.73,2,0,0.0821,12.95,0
SME-333,9,20647.9,19460.87,0,0,0.0778,13.36,0
SME-333,10,20133.58,15938.59,3,1,0.0167,12.18,0
SME-333,11,21065.98,13932.1,2,0,0.0185,11.86,0
SME-333,12,20517.83,17689.18,0,0,0.0186,12.96,0
SME-334,1,37583.95,33251.83,3,3,0.2249,1.09,1
SME-334,2,25068.05,26155.23,4,1,0.1998,2.9,1
SME-334,3,42463.07,47483.53,2,1,0.2091,2.32,1
SME-334,4,31938.23,26258.65,3,0,0.2158,1.64,1
SME-334,5,32968.96,35926.49,0,3,0.1324,1.68,1
SME-334,6,30113.64,24633.19,1,1,0.0373,1.93,1
SME-334,7,39769.58,47161.88,2,3,0.1374,0.95,1
SME-334,8,28843.62,25668.12,3,1,0.1893,1.03,1
SME-334,9,27304.23,24933.26,2,1,0.2175,0.41,1
SME-334,10,18887.04,19818.61,3,3,0.2611,1.76,1
SME-334,11,30087.37,36072.12,11,4,0.3119,0.92,1
SME-334,12,31870.68,31613.21,10,4,0.3462,0.42,1
SME-335,1,14427.94,12801.98,0,0,0.0882,10.27,0
SME-335,2,13045.24,10818.69,0,0,0.0503,10.44,0
SME-335,3,15763.2,12376.39,2,0,0.077,9.94,0
SME-335,4,12219.03,9241.86,0,0,0.1107,10.42,0
SME-335,5,13712.04,10519.81,2,0,0.1045,11.18,0
SME-335,6,16847.54,13284.19,1,0,0.1353,10.5,0
SME-335,7,13012.24,12445.67,1,0,0.1148,9.41,0
SME-335,8,20680.52,16371.49,2,1,0.1858,9.0,0
SME-335,9,19074.64,15072.04,2,0,0.1877,10.0,0
SME-335,10,14278.21,10220.44,2,1,0.151,10.55,0
SME-335,11,14693.67,12968.09,2,2,0.1355,9.88,0
SME-335,12,16159.04,10510.21,0,1,0.0536,11.31,0
SME-336,1,25594.41,21287.92,0,1,0.123,8.12,0
SME-336,2,22920.75,18027.75,0,0,0.0551,8.38,0
SME-336,3,28045.8,27376.77,0,1,0.082,7.94,0
SME-336,4,23570.26,18595.85,2,1,0.0917,7.39,0
SME-336,5,27346.42,19924.97,0,0,0.0747,7.7,0
SME-336,6,28356.32,19816.87,5,1,0.078,8.25,0
SME-336,7,27944.77,21728.21,1,3,0.0149,7.63,0
SME-336,8,32480.34,25677.37,0,0,0.0692,7.37,0
SME-336,9,32101.03,29656.02,0,0,0.0666,7.58,0
SME-336,10,25503.73,21566.21,0,1,0.1067,8.59,0
SME-336,11,25969.3,20578.16,4,1,0.1079,8.12,0
SME-336,12,27228.06,28574.25,1,0,0.0278,7.98,0
SME-337,1,38530.04,32051.39,2,2,0.0936,13.84,0
SME-337,2,37900.52,31364.49,2,0,0.0082,14.97,0
SME-337,3,52562.96,50360.33,1,0,0.1574,13.46,0
SME-337,4,48360.56,38913.07,0,1,0.1332,14.15,0
SME-337,5,57074.14,44064.72,0,0,0.0676,14.53,0
SME-337,6,49126.0,37969.38,1,0,0.0765,13.91,0
SME-337,7,42639.97,32956.68,2,0,0.119,13.95,0
SME-337,8,53757.95,51247.18,2,0,0.094,13.74,0
SME-337,9,43226.99,32791.34,2,0,0.1098,14.93,0
SME-337,10,43987.28,35929.36,1,0,0.102,13.34,0
SME-337,11,54673.14,37795.69,3,0,0.1105,14.68,0
SME-337,12,44529.66,36016.75,0,0,0.103,15.06,0
SME-338,1,53145.21,51715.94,1,1,0.0565,9.52,0
SME-338,2,47976.34,48659.07,2,2,0.0511,9.29,0
SME-338,3,39346.59,33737.37,0,0,0.1216,8.56,0
SME-338,4,64738.2,60660.85,1,0,0.208,8.71,0
SME-338,5,42620.91,37643.35,2,0,0.2306,9.73,0
SME-338,6,45772.12,44916.23,1,1,0.1914,8.76,0
SME-338,7,58690.23,64057.35,3,0,0.1418,9.74,0
SME-338,8,58839.13,54685.9,0,0,0.1125,9.03,0
SME-338,9,46962.02,38158.44,1,0,0.1015,8.1,0
SME-338,10,47881.19,44725.21,0,0,0.1053,9.35,0
SME-338,11,64582.51,55683.99,2,0,0.1524,8.31,0
SME-338,12,47355.07,35961.22,1,1,0.1502,8.36,0
SME-339,1,28740.11,26309.37,0,0,0.2407,3.34,1
SME-339,2,19344.64,21926.71,3,1,0.1954,2.47,1
SME-339,3,22880.75,29116.92,5,3,0.1638,3.62,1
SME-339,4,27606.45,21522.83,2,0,0.1454,3.57,1
SME-339,5,33921.57,40817.21,5,4,0.1608,3.41,1
SME-339,6,27056.69,31223.6,3,1,0.1055,2.61,1
SME-339,7,33568.68,43396.46,5,1,0.1231,2.75,1
SME-339,8,31651.79,33619.68,3,1,0.1172,3.1,1
SME-339,9,31647.29,42078.21,4,2,0.0838,2.07,1
SME-339,10,24908.46,28267.08,6,3,0.1892,2.64,1
SME-339,11,26554.48,30053.94,1,2,0.178,2.22,1
SME-339,12,22463.54,24392.67,10,4,0.2127,3.67,1
SME-340,1,35932.0,25306.4,2,2,0.1355,6.65,0
SME-340,2,40902.05,27507.36,1,1,0.0647,7.86,0
SME-340,3,57474.14,43327.25,0,0,0.2057,7.16,0
SME-340,4,49249.19,35229.19,0,0,0.1375,7.02,0
SME-340,5,42434.24,31520.02,0,0,0.1237,6.98,0
SME-340,6,42419.11,28466.89,3,0,0.0719,7.62,0
SME-340,7,41584.44,38614.59,0,0,0.0094,7.0,0
SME-340,8,47716.46,34017.86,3,1,0.0618,6.74,0
SME-340,9,43137.12,39534.98,0,1,0.059,7.61,0
SME-340,10,44385.11,34767.0,1,0,0.0429,6.31,0
SME-340,11,53702.52,47680.07,1,0,0.1001,7.89,0
SME-340,12,48623.5,44182.35,3,1,0.0779,6.66,0
SME-341,1,32703.62,29563.84,1,0,0.1367,10.21,0
SME-341,2,38262.93,33049.27,3,0,0.0783,8.76,0
SME-341,3,38075.08,38703.89,1,1,0.0709,9.05,0
SME-341,4,31396.92,24791.94,3,0,0.0889,7.46,0
SME-341,5,29306.61,25544.88,2,1,0.1136,9.16,0
SME-341,6,40945.14,30345.0,2,1,0.1495,9.37,0
SME-341,7,39330.34,32769.89,0,0,0.1409,7.85,0
SME-341,8,29180.64,26614.4,4,0,0.1427,8.36,0
SME-341,9,26750.69,26612.45,1,0,0.1716,8.6,0
SME-341,10,37109.87,28836.89,2,0,0.1426,9.11,0
SME-341,11,32383.0,25955.61,3,1,0.132,8.55,0
SME-341,12,39954.94,30489.34,2,1,0.0856,7.94,0
SME-342,1,22845.59,22453.93,2,1,0.3506,2.16,1
SME-342,2,17536.13,16885.17,1,1,0.1315,2.51,1
SME-342,3,17981.76,17253.82,2,1,0.1236,2.51,1
SME-342,4,21055.39,20850.24,2,2,0.083,2.41,1
SME-342,5,16033.64,16709.84,1,0,0.1126,3.17,1
SME-342,6,19407.32,23911.54,2,1,0.111,3.56,1
SME-342,7,20132.84,21997.75,4,1,0.1126,3.39,1
SME-342,8,15456.61,14313.82,4,1,0.1411,2.4,1
SME-342,9,22361.17,22205.57,5,2,0.2135,1.76,1
SME-342,10,15781.88,15137.04,3,1,0.2661,2.45,1
SME-342,11,16616.43,14406.91,8,1,0.2355,1.85,1
SME-342,12,20717.9,25321.49,7,4,0.221,1.32,1
SME-343,1,33310.24,36711.84,3,2,0.1468,7.96,0
SME-343,2,31550.75,24521.28,2,1,0.0271,8.42,0
SME-343,3,28924.23,27646.51,0,1,0.0576,8.81,0
SME-343,4,30177.59,34946.89,3,0,0.0355,9.09,0
SME-343,5,30032.45,32897.56,0,0,0.0188,7.99,0
SME-343,6,28453.3,22834.66,2,0,0.0264,8.49,0
SME-343,7,29234.82,24625.53,1,0,0.022,7.61,0
SME-343,8,28143.94,21503.37,0,1,0.016,8.26,0
SME-343,9,31056.92,27244.37,0,0,0.0408,8.34,0
SME-343,10,28417.77,21986.98,0,0,0.045,8.44,0
SME-343,11,36195.06,32493.11,4,1,0.1013,7.71,0
SME-343,12,30023.45,26640.8,2,1,0.1063,8.11,0
SME-344,1,29233.9,20617.38,0,0,0.0774,6.44,0
SME-344,2,22045.03,20588.22,1,1,0.1402,6.38,0
SME-344,3,28812.41,21146.89,0,0,0.1234,7.56,0
SME-344,4,23490.04,18944.43,0,1,0.1174,5.91,0
SME-344,5,28603.91,27664.17,1,0,0.0913,6.15,0
SME-344,6,23714.52,22238.16,0,0,0.0934,5.52,0
SME-344,7,20946.14,18859.97,0,0,0.1296,6.27,0
SME-344,8,29185.62,27594.47,2,0,0.1391,7.19,0
SME-344,9,25670.28,18961.7,2,2,0.1336,6.19,0
SME-344,10,25637.72,21097.93,2,1,0.0621,6.17,0
SME-344,11,21806.55,19008.97,1,0,0.0744,6.07,0
SME-344,12,30269.0,23454.35,2,0,0.1336,7.16,0
SME-345,1,30737.31,29600.43,3,0,0.1651,10.37,0
SME-345,2,47128.09,46069.54,1,0,0.2105,10.1,0
SME-345,3,33871.92,26346.38,3,0,0.1907,9.88,0
SME-345,4,43290.78,38263.61,2,0,0.1344,11.1,0
SME-345,5,35973.3,30028.39,2,0,0.107,9.44,0
SME-345,6,31190.66,24910.94,2,1,0.1351,10.11,0
SME-345,7,30149.5,21407.0,0,0,0.0782,10.53,0
SME-345,8,41094.8,33742.81,1,0,0.1445,11.11,0
SME-345,9,33497.22,27150.67,1,2,0.1312,9.54,0
SME-345,10,34014.43,26858.24,1,0,0.0957,9.99,0
SME-345,11,27468.18,19351.04,2,0,0.0939,10.6,0
SME-345,12,38569.73,25877.7,2,0,0.1366,9.96,0
SME-346,1,42231.77,47903.1,2,0,0.1241,5.78,0
SME-346,2,51315.73,42435.36,0,0,0.0971,5.05,0
SME-346,3,46205.44,44538.5,0,1,0.0798,5.28,0
SME-346,4,43430.27,36351.54,3,0,0.0695,5.47,0
SME-346,5,53329.9,56299.34,1,0,0.0875,5.37,0
SME-346,6,55049.46,41506.06,2,0,0.1012,5.92,0
SME-346,7,45606.96,39468.35,2,0,0.08,5.42,0
SME-346,8,51738.59,44703.42,0,2,0.077,5.4,0
SME-346,9,54574.8,52997.03,1,1,0.0739,5.55,0
SME-346,10,47888.67,48505.92,0,0,0.0533,5.01,0
SME-346,11,48729.67,46702.68,3,0,0.059,5.13,0
SME-346,12,49571.14,54215.67,1,0,0.0141,4.6,0
SME-347,1,15367.95,16168.63,4,2,0.2022,1.56,1
SME-347,2,16752.76,17539.05,1,0,0.0431,1.05,1
SME-347,3,14676.99,14443.47,1,1,0.0553,0.96,1
SME-347,4,11712.46,12319.65,2,1,0.1438,2.44,1
SME-347,5,14049.32,14408.17,2,0,0.0946,1.87,1
SME-347,6,15377.37,15481.68,4,1,0.1105,1.73,1
SME-347,7,12578.64,15129.02,2,0,0.1013,2.26,1
SME-347,8,18963.11,18316.52,5,2,0.208,1.32,1
SME-347,9,13155.64,13237.68,7,2,0.2626,0.95,1
SME-347,10,14307.69,15820.19,4,3,0.2388,2.6,1
SME-347,11,11375.46,13022.77,8,2,0.2121,1.67,1
SME-347,12,12291.07,16396.54,5,2,0.1856,1.57,1
SME-348,1,25756.74,20742.15,4,0,0.2134,2.23,1
SME-348,2,28362.99,25360.22,0,2,0.0482,2.72,1
SME-348,3,25780.79,25131.29,2,0,0.0459,2.74,1
SME-348,4,25317.34,22637.89,4,0,0.0506,3.14,1
SME-348,5,21985.14,23449.06,1,0,0.0694,2.86,1
SME-348,6,19264.69,18858.04,1,4,0.1115,2.51,1
SME-348,7,21276.32,18791.83,3,3,0.0708,2.32,1
SME-348,8,22570.45,24296.15,4,3,0.1067,2.44,1
SME-348,9,18517.38,18939.37,3,2,0.1517,2.31,1
SME-348,10,18013.2,13530.82,4,2,0.1632,1.14,1
SME-348,11,27407.8,36038.43,3,3,0.3026,2.15,1
SME-348,12,31156.89,35607.22,10,2,0.3357,2.08,1
SME-349,1,29958.04,26660.67,0,0,0.1298,5.05,0
SME-349,2,30619.15,29921.68,2,0,0.0109,4.28,0
SME-349,3,23613.22,23596.75,1,1,0.1125,5.44,0
SME-349,4,32623.67,31923.04,0,2,0.1334,5.0,0
SME-349,5,31162.0,22937.29,2,0,0.1355,4.56,0
SME-349,6,31629.29,30684.35,1,0,0.0192,4.49,0
SME-349,7,28472.98,22900.71,0,1,0.0457,5.17,0
SME-349,8,26595.63,26661.87,4,1,0.0719,5.18,0
SME-349,9,26041.38,20012.9,5,0,0.0385,4.79,0
SME-349,10,24271.87,22699.03,3,0,0.0387,5.42,0
SME-349,11,28438.06,24244.93,0,0,0.065,4.3,0
SME-349,12,23987.55,21117.83,1,1,0.0796,4.37,0
SME-350,1,16712.33,13760.9,2,2,0.3842,5.63,1
SME-350,2,14035.4,12721.08,3,0,0.0871,4.95,1
SME-350,3,15926.01,18114.46,1,1,0.0722,4.96,1
SME-350,4,15249.07,13856.29,5,3,0.0519,5.0,1
SME-350,5,17309.58,14150.03,3,1,0.0531,4.79,1
SME-350,6,16153.67,17514.77,2,1,0.0519,5.2,1
SME-350,7,15770.1,15921.26,4,0,0.0572,4.31,1
SME-350,8,16517.84,17839.16,3,1,0.0484,5.59,1
SME-350,9,12087.8,12197.89,3,3,0.1796,4.74,1
SME-350,10,15028.48,17190.68,8,2,0.2241,4.29,1
SME-350,11,12819.36,15731.2,4,8,0.216,4.17,1
SME-350,12,13706.94,13401.15,6,3,0.1509,3.49,1
SME-351,1,29825.12,27811.38,2,1,0.2672,1.49,1
SME-351,2,24913.24,22253.14,3,1,0.0897,1.19,1
SME-351,3,27461.23,30814.83,4,0,0.0732,0.59,1
SME-351,4,29217.59,22450.81,1,0,0.065,0.92,1
SME-351,5,22815.21,20191.19,1,2,0.1019,1.52,1
SME-351,6,24170.32,20226.54,1,0,0.1085,1.31,1
SME-351,7,27023.37,30387.71,5,0,0.0911,1.75,1
SME-351,8,23567.97,19389.21,3,4,0.093,2.07,1
SME-351,9,26663.43,27183.95,5,2,0.1338,1.05,1
SME-351,10,27770.54,21200.35,6,1,0.1642,0.64,1
SME-351,11,24016.31,23504.64,5,2,0.153,1.38,1
SME-351,12,27497.51,24142.32,6,5,0.1771,0.2,1
SME-352,1,18393.14,13464.42,1,3,0.1495,7.57,0
SME-352,2,18574.61,12978.51,3,0,0.0049,7.64,0
SME-352,3,20050.91,13161.97,1,0,0.0391,7.46,0
SME-352,4,22340.61,13670.01,0,0,0.0762,6.66,0
SME-352,5,19437.78,14054.69,2,0,0.0606,7.35,0
SME-352,6,24698.92,16489.13,3,0,0.0971,7.59,0
SME-352,7,24029.27,20182.05,2,0,0.1029,6.84,0
SME-352,8,24252.86,19129.26,0,0,0.0114,5.35,0
SME-352,9,22422.64,15216.49,0,0,0.0346,7.67,0
SME-352,10,23290.53,15934.17,4,0,0.0321,6.98,0
SME-352,11,23387.25,14024.41,2,0,0.0188,6.6,0
SME-352,12,24057.41,13503.63,3,0,0.0145,7.03,0
SME-353,1,43864.51,33680.02,2,0,0.1728,11.18,0
SME-353,2,48046.1,38420.6,5,0,0.0455,11.28,0
SME-353,3,55341.25,43699.46,1,1,0.0966,11.25,0
SME-353,4,53225.96,42378.94,1,1,0.0587,10.38,0
SME-353,5,67852.74,66738.06,1,0,0.1098,10.51,0
SME-353,6,41344.93,38673.05,0,0,0.2002,11.06,0
SME-353,7,53115.0,59072.86,1,1,0.2004,11.64,0
SME-353,8,52695.8,40344.75,4,1,0.1112,11.03,0
SME-353,9,66949.07,52271.19,2,0,0.115,11.64,0
SME-353,10,58972.39,50026.64,1,0,0.098,10.78,0
SME-353,11,59715.99,42414.27,2,2,0.0581,11.23,0
SME-353,12,58073.32,35960.68,2,2,0.0114,11.74,0
SME-354,1,23200.68,21782.25,0,1,0.1665,5.22,0
SME-354,2,18485.82,13790.88,2,0,0.1131,4.11,0
SME-354,3,14756.01,10446.84,1,1,0.1837,5.49,0
SME-354,4,22243.75,18914.05,1,0,0.1653,4.42,0
SME-354,5,15965.71,14333.01,0,0,0.1859,4.76,0
SME-354,6,22404.43,21893.76,2,1,0.1484,6.04,0
SME-354,7,19011.75,17131.49,1,1,0.1375,4.71,0
SME-354,8,20499.93,19267.49,2,0,0.0673,5.67,0
SME-354,9,18124.67,19886.91,4,0,0.051,4.99,0
SME-354,10,19690.15,15704.7,1,0,0.0507,4.05,0
SME-354,11,25019.74,20799.86,0,0,0.1409,5.7,0
SME-354,12,16227.52,12413.09,0,1,0.178,4.57,0
SME-355,1,55947.67,36995.83,3,0,0.1757,6.57,0
SME-355,2,78034.43,69133.8,2,2,0.1648,6.0,0
SME-355,3,67524.54,39273.81,2,0,0.1343,5.24,0
SME-355,4,61374.86,56883.45,1,0,0.0997,6.01,0
SME-355,5,60204.97,41231.81,4,1,0.0509,5.47,0
SME-355,6,60135.95,39414.24,3,2,0.0094,5.28,0
SME-355,7,49506.85,38190.09,1,3,0.0888,7.15,0
SME-355,8,66050.68,52485.51,3,0,0.1169,5.67,0
SME-355,9,63471.8,47779.42,3,0,0.1218,6.66,0
SME-355,10,87425.25,54334.07,2,0,0.1485,5.66,0
SME-355,11,42903.67,32584.72,2,0,0.2816,5.93,0
SME-355,12,55728.9,46722.62,0,2,0.3017,6.85,0
SME-356,1,61356.99,40507.85,2,0,0.1573,9.7,0
SME-356,2,49302.13,41208.26,2,0,0.1089,9.36,0
SME-356,3,67047.74,45906.91,3,1,0.1249,8.24,0
SME-356,4,55844.73,49525.0,2,2,0.1277,9.4,0
SME-356,5,51209.32,40009.82,1,1,0.1146,9.04,0
SME-356,6,61294.97,51927.77,0,1,0.0735,10.14,0
SME-356,7,45289.62,32221.6,1,0,0.1256,9.31,0
SME-356,8,53089.45,32840.75,1,0,0.1228,9.96,0
SME-356,9,47887.6,35823.94,2,1,0.0665,9.16,0
SME-356,10,68683.17,45252.48,1,1,0.1562,8.35,0
SME-356,11,55679.51,43465.28,1,1,0.1494,9.12,0
SME-356,12,60620.39,51202.54,1,0,0.0869,9.07,0
SME-357,1,16640.4,15725.23,4,0,0.4089,2.91,1
SME-357,2,15235.85,17949.11,3,1,0.0441,2.71,1
SME-357,3,19470.64,19784.68,1,3,0.1029,1.92,1
SME-357,4,18047.28,20102.53,2,2,0.1001,2.9,1
SME-357,5,22522.81,29045.62,3,0,0.0933,1.94,1
SME-357,6,18206.22,17134.87,4,0,0.1058,2.02,1
SME-357,7,22752.34,21555.48,0,3,0.1228,2.43,1
SME-357,8,19816.48,26679.62,5,1,0.1379,2.29,1
SME-357,9,22003.41,27863.19,5,0,0.1272,2.13,1
SME-357,10,13128.63,16013.53,3,2,0.2667,1.84,1
SME-357,11,18804.97,21386.01,4,2,0.2754,1.57,1
SME-357,12,14690.2,18294.84,5,2,0.2936,0.76,1
SME-358,1,20659.76,20429.53,5,1,0.4334,0.86,1
SME-358,2,27638.43,25330.28,2,0,0.1445,2.21,1
SME-358,3,19362.69,17074.63,3,0,0.1611,2.37,1
SME-358,4,22143.95,23088.92,4,3,0.1492,1.43,1
SME-358,5,19158.98,17253.76,2,1,0.0673,2.1,1
SME-358,6,21633.24,21796.94,2,0,0.0621,0.78,1
SME-358,7,19598.11,14561.62,4,1,0.0692,1.49,1
SME-358,8,25002.01,25398.73,3,1,0.1398,1.96,1
SME-358,9,25762.97,25698.32,3,2,0.1713,0.97,1
SME-358,10,22091.0,20721.02,3,1,0.1448,2.02,1
SME-358,11,15864.89,13573.65,4,6,0.3147,0.8,1
SME-358,12,19837.86,20406.72,8,2,0.2535,0.67,1
SME-359,1,51507.82,49464.57,1,0,0.1722,14.12,0
SME-359,2,42098.01,36815.22,0,1,0.1005,13.93,0
SME-359,3,47404.56,42591.73,3,3,0.082,14.18,0
SME-359,4,37498.93,29166.14,0,0,0.0956,13.26,0
SME-359,5,43830.18,30948.25,2,1,0.0954,14.21,0
SME-359,6,50028.73,48077.67,2,0,0.1168,13.08,0
SME-359,7,38661.99,38061.59,0,1,0.1052,14.31,0
SME-359,8,39459.31,33689.05,1,0,0.1213,13.14,0
SME-359,9,42342.96,34141.05,1,0,0.0394,14.16,0
SME-359,10,56115.2,60230.2,2,0,0.1581,12.99,0
SME-359,11,43076.46,38189.96,1,0,0.1341,14.07,0
SME-359,12,60477.98,42730.09,1,1,0.1389,13.61,0
SME-360,1,59633.87,55197.45,4,0,0.261,5.17,1
SME-360,2,50790.05,40922.77,1,1,0.0801,5.72,1
SME-360,3,63949.3,61744.18,2,1,0.0942,3.43,1
SME-360,4,61434.23,46968.81,4,2,0.0971,4.52,1
SME-360,5,53753.39,42760.73,5,1,0.0726,6.19,1
SME-360,6,72607.31,72581.18,3,3,0.1237,4.72,1
SME-360,7,49576.16,34310.64,8,1,0.1937,4.44,1
SME-360,8,58614.32,45258.01,6,4,0.1898,3.83,1
SME-360,9,54403.59,51578.55,7,2,0.114,4.48,1
SME-360,10,42633.35,38180.91,6,0,0.1868,4.85,1
SME-360,11,42557.52,35192.99,5,3,0.2066,3.82,1
SME-360,12,42098.6,40182.61,2,6,0.1519,2.44,1
SME-361,1,30492.61,30377.27,2,0,0.0545,12.36,0
SME-361,2,28764.68,26853.71,3,1,0.0292,11.86,0
SME-361,3,30387.28,25174.13,1,0,0.0265,13.32,0
SME-361,4,27835.17,27172.28,3,0,0.0364,12.95,0
SME-361,5,26013.91,33033.67,2,1,0.0639,12.6,0
SME-361,6,26403.95,29031.58,1,0,0.0293,12.03,0
SME-361,7,23485.52,22356.7,3,0,0.0511,12.48,0
SME-361,8,25685.99,23766.28,1,0,0.0493,11.54,0
SME-361,9,37961.26,35717.27,1,0,0.2193,13.09,0
SME-361,10,30004.98,24202.6,1,0,0.1629,12.83,0
SME-361,11,31225.79,29526.13,0,0,0.1058,12.92,0
SME-361,12,20921.19,19056.1,1,1,0.1679,11.47,0
SME-362,1,30515.57,30736.98,2,1,0.096,4.29,0
SME-362,2,27437.16,21149.69,3,4,0.0531,4.26,0
SME-362,3,28262.27,23125.12,2,0,0.0453,4.85,0
SME-362,4,27638.98,24178.51,0,0,0.0126,5.65,0
SME-362,5,32919.15,26756.09,1,2,0.0796,4.79,0
SME-362,6,30478.14,23394.2,2,4,0.0711,4.23,0
SME-362,7,27759.47,22671.1,1,1,0.0694,4.66,0
SME-362,8,30515.38,28675.19,1,0,0.0436,4.16,0
SME-362,9,32259.52,25344.28,1,0,0.0614,5.11,0
SME-362,10,28932.46,22359.59,2,1,0.0445,4.3,0
SME-362,11,26528.66,21309.14,2,0,0.0804,4.26,0
SME-362,12,32936.95,29719.23,1,1,0.0897,4.72,0
SME-363,1,36782.69,30424.07,0,1,0.1495,7.75,1
SME-363,2,47444.27,51608.26,2,0,0.1266,8.06,1
SME-363,3,52494.28,43107.79,3,1,0.1437,7.51,1
SME-363,4,54210.87,56239.32,1,1,0.0559,6.76,1
SME-363,5,51371.49,41836.83,1,2,0.0222,8.06,1
SME-363,6,53551.4,50205.36,0,0,0.0229,8.09,1
SME-363,7,37978.43,33212.92,0,0,0.1445,6.8,1
SME-363,8,50518.71,48504.04,1,0,0.1424,6.67,1
SME-363,9,48813.85,33482.0,1,1,0.1213,8.36,1
SME-363,10,42768.32,31914.66,1,1,0.0702,7.03,1
SME-363,11,57890.13,72669.58,4,1,0.1247,7.03,1
SME-363,12,61436.85,49288.34,0,1,0.1498,8.02,1
SME-364,1,27311.09,24837.37,0,1,0.1714,9.43,1
SME-364,2,34764.94,22566.8,1,2,0.1201,9.69,1
SME-364,3,28285.18,22466.36,4,0,0.1098,9.78,1
SME-364,4,37153.14,24094.78,1,2,0.1122,9.39,1
SME-364,5,25729.88,18262.84,1,1,0.1611,8.75,1
SME-364,6,36417.72,24548.81,0,0,0.1577,9.46,1
SME-364,7,40786.93,33460.3,4,0,0.1843,10.27,1
SME-364,8,38919.44,26467.59,0,1,0.0462,9.59,1
SME-364,9,53540.99,51397.96,2,0,0.1463,10.58,1
SME-364,10,33178.67,23354.0,1,0,0.2047,9.11,1
SME-364,11,38474.06,29556.41,0,1,0.2067,10.01,1
SME-364,12,31546.16,21310.44,0,0,0.086,9.52,1
SME-365,1,32407.08,30693.02,2,0,0.1454,6.81,0
SME-365,2,29789.96,26870.85,1,0,0.0421,5.9,0
SME-365,3,44361.65,36318.32,1,0,0.1786,7.07,0
SME-365,4,32900.12,30830.48,3,1,0.1756,6.42,0
SME-365,5,30180.58,26683.15,1,2,0.1716,6.85,0
SME-365,6,37026.78,28126.24,1,0,0.0843,7.38,0
SME-365,7,41788.29,34808.95,1,1,0.1311,7.2,0
SME-365,8,37647.36,26729.93,1,1,0.0544,6.57,0
SME-365,9,41282.84,35918.3,1,2,0.0458,7.42,0
SME-365,10,34397.0,30845.47,1,0,0.0745,7.32,0
SME-365,11,34060.31,25043.48,1,0,0.091,7.66,0
SME-365,12,31197.07,26406.7,2,0,0.0432,6.84,0
SME-366,1,33819.97,28048.76,1,0,0.1331,12.5,0
SME-366,2,34730.48,26917.57,1,1,0.0133,13.21,0
SME-366,3,41055.54,28278.74,1,0,0.0881,12.87,0
SME-366,4,24546.69,21812.37,3,0,0.2033,11.57,0
SME-366,5,30771.7,21917.04,0,1,0.2119,12.33,0
SME-366,6,37385.88,42325.43,1,1,0.1696,11.88,0
SME-366,7,39134.77,32805.05,1,0,0.1007,12.2,0
SME-366,8,34294.59,27300.1,1,1,0.0542,12.86,0
SME-366,9,37033.21,29975.71,0,1,0.0538,11.44,0
SME-366,10,33910.58,22523.52,3,1,0.0396,12.31,0
SME-366,11,34818.31,26221.78,2,2,0.0372,13.57,0
SME-366,12,33083.65,27275.74,2,0,0.0209,12.88,0
SME-367,1,68340.42,53069.26,1,1,0.1593,8.6,1
SME-367,2,95190.58,81507.56,3,1,0.1642,9.11,1
SME-367,3,49705.08,50473.31,0,0,0.2627,7.59,1
SME-367,4,61231.84,59558.96,0,0,0.281,10.01,1
SME-367,5,65234.15,52028.53,2,0,0.1121,9.0,1
SME-367,6,81227.33,89024.43,1,0,0.1248,8.68,1
SME-367,7,73076.97,51517.18,4,0,0.0892,8.71,1
SME-367,8,91445.18,69398.51,2,0,0.0917,9.75,1
SME-367,9,80975.44,80391.75,1,3,0.0919,8.7,1
SME-367,10,77391.5,68651.25,0,0,0.0716,9.32,1
SME-367,11,87122.48,102031.38,1,0,0.0491,8.8,1
SME-367,12,88176.95,65522.97,2,2,0.0576,8.28,1
SME-368,1,29765.62,27364.37,0,0,0.1241,12.13,0
SME-368,2,29270.76,23215.91,1,0,0.0084,12.7,0
SME-368,3,25231.7,17700.89,0,0,0.0723,12.5,0
SME-368,4,30161.4,22596.99,2,0,0.076,13.36,0
SME-368,5,22797.87,20373.28,2,0,0.1175,13.86,0
SME-368,6,26448.55,22027.95,4,2,0.1136,14.09,0
SME-368,7,25521.0,19387.78,1,1,0.0622,13.44,0
SME-368,8,34210.22,28497.82,1,2,0.1356,13.57,0
SME-368,9,35357.56,28449.14,0,1,0.1386,14.5,0
SME-368,10,27843.01,28314.29,2,0,0.1018,13.23,0
SME-368,11,31800.65,25873.94,3,1,0.0969,13.03,0
SME-368,12,30973.35,22394.72,2,4,0.0564,11.89,0
SME-369,1,37517.84,30083.33,2,2,0.1059,9.31,0
SME-369,2,34718.89,31829.24,3,0,0.0387,9.19,0
SME-369,3,31785.7,26721.53,2,0,0.0675,9.62,0
SME-369,4,31650.61,32451.61,1,0,0.0433,9.8,0
SME-369,5,29841.66,27270.58,1,2,0.0285,10.03,0
SME-369,6,29375.93,27306.71,2,3,0.0324,9.92,0
SME-369,7,33931.55,36365.24,1,0,0.0659,9.51,0
SME-369,8,39252.35,34135.69,3,0,0.1181,9.75,0
SME-369,9,26136.21,22913.1,1,1,0.1627,9.68,0
SME-369,10,30195.36,27463.75,3,1,0.1721,9.23,0
SME-369,11,34094.16,31046.43,2,2,0.1078,9.39,0
SME-369,12,35876.32,36282.76,1,1,0.0711,9.58,0
SME-370,1,28857.49,24927.99,1,0,0.4289,1.32,1
SME-370,2,27170.27,26806.71,1,2,0.0301,1.71,1
SME-370,3,30935.1,24627.0,2,1,0.0531,1.64,1
SME-370,4,30441.0,22660.91,3,0,0.0566,2.26,1
SME-370,5,23830.06,26110.13,0,0,0.114,2.28,1
SME-370,6,25042.58,21284.5,2,2,0.1087,2.45,1
SME-370,7,25902.42,27061.84,6,0,0.0483,1.19,1
SME-370,8,35899.23,35384.09,2,2,0.2099,1.32,1
SME-370,9,24342.9,17020.99,6,2,0.232,1.87,1
SME-370,10,34583.78,25165.73,5,1,0.2369,2.02,1
SME-370,11,26554.42,30438.41,6,1,0.2529,1.39,1
SME-370,12,24063.13,24295.85,4,3,0.2604,2.83,1
SME-371,1,32085.95,33692.85,2,0,0.1449,12.11,0
SME-371,2,34849.67,33601.14,0,0,0.0413,12.68,0
SME-371,3,39175.78,26435.23,2,0,0.0825,11.85,0
SME-371,4,34612.39,29029.14,1,3,0.0579,11.58,0
SME-371,5,35424.05,31301.37,0,1,0.0546,13.34,0
SME-371,6,28276.24,25025.24,1,0,0.0975,12.29,0
SME-371,7,30925.31,26489.59,4,2,0.0935,12.79,0
SME-371,8,31746.53,26364.33,3,0,0.0488,12.38,0
SME-371,9,28315.7,21198.46,2,0,0.0482,11.73,0
SME-371,10,30828.8,29659.56,1,0,0.0479,12.67,0
SME-371,11,23983.77,17132.03,2,1,0.102,12.69,0
SME-371,12,39440.75,39582.39,3,1,0.2013,12.36,0
SME-372,1,66421.09,55620.1,3,0,0.1679,9.56,0
SME-372,2,72447.6,52067.85,2,2,0.0434,8.93,0
SME-372,3,40467.08,33601.15,1,0,0.2321,8.94,0
SME-372,4,47548.12,29499.2,3,0,0.2564,8.37,0
SME-372,5,66793.31,46902.9,2,2,0.2156,9.01,0
SME-372,6,57876.2,51335.28,1,1,0.137,9.68,0
SME-372,7,47067.69,35778.74,2,1,0.1409,9.43,0
SME-372,8,49475.57,35677.25,0,1,0.09,9.26,0
SME-372,9,66037.52,60192.86,2,0,0.1556,8.61,0
SME-372,10,64334.06,46777.37,1,0,0.1241,9.38,0
SME-372,11,59374.26,36383.57,0,1,0.0447,9.68,0
SME-372,12,43892.23,37285.79,1,0,0.1558,8.44,0
SME-373,1,43669.11,35894.08,0,0,0.1082,11.39,0
SME-373,2,54665.61,55835.25,3,1,0.1118,12.15,0
SME-373,3,59044.76,59856.93,4,1,0.1233,11.33,0
SME-373,4,54347.63,48143.11,1,1,0.0383,10.74,0
SME-373,5,42098.13,37225.45,1,2,0.1378,11.35,0
SME-373,6,43451.35,42755.36,1,0,0.1176,10.92,0
SME-373,7,55838.32,51056.91,3,1,0.1312,10.44,0
SME-373,8,63697.48,48263.59,0,1,0.1534,10.77,0
SME-373,9,59689.55,48073.94,2,0,0.0537,11.08,0
SME-373,10,47733.34,37987.31,3,0,0.1189,10.68,0
SME-373,11,51817.47,47137.0,0,1,0.0935,11.24,0
SME-373,12,60487.85,54525.77,2,0,0.0997,10.97,0
SME-374,1,36713.04,30780.85,1,0,0.1335,6.73,0
SME-374,2,45604.45,33380.98,1,0,0.108,6.47,0
SME-374,3,53044.28,37540.11,0,1,0.148,6.75,0
SME-374,4,47000.57,35311.04,1,0,0.0665,6.63,0
SME-374,5,39612.76,33659.72,2,1,0.118,6.88,0
SME-374,6,34591.94,26703.29,0,0,0.1261,5.44,0
SME-374,7,53547.81,34828.33,2,0,0.1883,6.16,0
SME-374,8,43009.0,27252.19,1,1,0.1774,6.24,0
SME-374,9,41570.33,24144.46,0,0,0.116,6.33,0
SME-374,10,41042.4,30481.3,4,0,0.0198,7.25,0
SME-374,11,31372.11,27915.28,1,0,0.1234,6.46,0
SME-374,12,35866.78,27236.29,1,0,0.1095,6.34,0
SME-375,1,48996.64,44217.93,0,1,0.0958,8.19,0
SME-375,2,53798.79,43899.67,3,1,0.0467,9.29,0
SME-375,3,62749.81,52676.04,4,0,0.1033,8.41,0
SME-375,4,40105.33,33853.84,0,1,0.1783,8.59,0
SME-375,5,54377.39,45881.2,4,1,0.1784,8.6,0
SME-375,6,57786.55,44961.56,2,0,0.1509,9.03,0
SME-375,7,71590.76,62092.36,0,0,0.1215,9.63,0
SME-375,8,54409.64,52162.96,2,0,0.1213,8.5,0
SME-375,9,68336.31,54780.06,1,1,0.115,7.27,0
SME-375,10,48917.98,46586.86,0,0,0.1428,8.16,0
SME-375,11,54424.43,41319.01,3,1,0.1428,8.84,0
SME-375,12,46310.51,41241.12,0,0,0.0678,8.17,0
SME-376,1,44158.49,34026.76,2,0,0.129,6.65,0
SME-376,2,47827.04,35849.56,2,0,0.0399,6.62,0
SME-376,3,43537.44,33965.1,4,1,0.0419,6.59,0
SME-376,4,51612.82,37488.08,3,0,0.0692,6.59,0
SME-376,5,66072.63,46846.3,0,1,0.1735,6.92,0
SME-376,6,47168.04,31944.88,2,1,0.1469,6.4,0
SME-376,7,59001.43,40633.68,2,0,0.1358,6.91,0
SME-376,8,54533.59,40156.27,2,1,0.0911,7.13,0
SME-376,9,44253.54,41348.3,1,1,0.1174,7.2,0
SME-376,10,43866.11,33098.11,0,1,0.1039,7.13,0
SME-376,11,74073.5,58664.52,3,1,0.2617,6.98,0
SME-376,12,53906.29,43221.27,2,0,0.2193,7.44,0
SME-377,1,32162.05,25627.79,0,0,0.1358,4.97,0
SME-377,2,41172.23,24127.27,3,3,0.1229,4.99,0
SME-377,3,44710.62,32043.52,2,0,0.1343,4.82,0
SME-377,4,40572.62,30861.12,2,0,0.0433,4.22,0
SME-377,5,34723.77,21466.46,1,0,0.1024,5.16,0
SME-377,6,35315.56,26198.5,1,1,0.0713,4.81,0
SME-377,7,37873.19,24723.44,1,0,0.038,5.24,0
SME-377,8,34439.04,20548.11,4,0,0.0406,4.62,0
SME-377,9,41090.23,38472.21,3,0,0.0718,4.88,0
SME-377,10,47360.91,41417.94,0,1,0.1288,5.58,0
SME-377,11,39126.86,32584.23,2,0,0.0826,5.38,0
SME-377,12,43721.78,32529.64,1,0,0.0776,4.46,0
SME-378,1,35370.16,32360.56,3,2,0.1019,6.9,0
SME-378,2,32300.33,31372.24,1,0,0.0454,5.75,0
SME-378,3,35469.07,23840.85,1,0,0.0428,6.17,0
SME-378,4,28740.24,22755.88,0,0,0.0854,5.74,0
SME-378,5,35535.32,34130.63,1,1,0.0959,6.19,0
SME-378,6,30320.65,28806.07,0,0,0.0921,6.06,0
SME-378,7,48367.02,44990.13,2,0,0.1992,6.39,0
SME-378,8,30134.48,33823.24,0,2,0.2357,5.54,0
SME-378,9,32075.7,25909.87,4,4,0.2218,6.81,0
SME-378,10,33457.97,34609.63,4,1,0.0427,5.87,0
SME-378,11,25931.94,22502.35,0,1,0.1073,7.21,0
SME-378,12,36911.03,36223.53,3,0,0.1428,7.28,0
SME-379,1,38768.69,33106.87,2,0,0.1636,13.77,0
SME-379,2,26689.66,22675.49,2,0,0.1845,13.74,0
SME-379,3,25114.9,22376.12,0,1,0.202,13.62,0
SME-379,4,48240.71,32662.96,1,1,0.3164,13.25,0
SME-379,5,39795.85,36098.79,2,1,0.2533,12.32,0
SME-379,6,32689.9,32777.81,0,1,0.158,13.24,0
SME-379,7,24800.22,18035.65,3,0,0.1889,12.34,0
SME-379,8,35313.97,26897.59,1,1,0.1444,14.18,0
SME-379,9,30207.86,26133.56,2,1,0.1426,13.35,0
SME-379,10,34588.43,26740.31,0,1,0.0676,13.16,0
SME-379,11,29090.76,21556.9,1,0,0.0758,12.81,0
SME-379,12,44766.12,43474.85,0,1,0.1796,13.82,0
SME-380,1,45825.97,32771.94,1,1,0.1489,4.53,0
SME-380,2,64731.95,53907.15,3,1,0.171,4.69,0
SME-380,3,46006.76,34736.5,0,2,0.17,5.34,0
SME-380,4,64057.07,65258.96,0,0,0.1488,5.12,0
SME-380,5,47674.73,34079.34,1,1,0.1549,5.03,0
SME-380,6,52839.91,44572.09,2,2,0.1247,4.41,0
SME-380,7,53468.67,42659.26,3,0,0.0506,5.66,0
SME-380,8,61980.33,51272.03,2,0,0.0743,4.56,0
SME-380,9,58323.11,42366.89,1,0,0.0602,5.18,0
SME-380,10,38757.11,32968.78,4,0,0.1923,5.76,0
SME-380,11,57381.27,61030.1,4,1,0.175,4.05,0
SME-380,12,47115.2,32543.24,2,0,0.1595,5.27,0
SME-381,1,23967.12,20126.73,1,0,0.1269,10.07,0
SME-381,2,16998.44,11323.14,0,2,0.1701,10.38,0
SME-381,3,21960.06,15758.69,2,1,0.1396,9.76,0
SME-381,4,18727.0,13416.19,2,0,0.1069,10.7,0
SME-381,5,20961.61,19232.66,2,0,0.0658,11.26,0
SME-381,6,19725.54,15288.82,0,1,0.0462,9.57,0
SME-381,7,26081.07,16745.11,1,0,0.1236,9.97,0
SME-381,8,16927.8,16570.71,2,1,0.1831,9.67,0
SME-381,9,27842.01,17657.64,2,2,0.2026,10.39,0
SME-381,10,16223.81,13097.22,1,1,0.2616,11.08,0
SME-381,11,24341.63,14668.27,1,0,0.2134,9.99,0
SME-381,12,19548.92,13123.76,2,2,0.1663,9.59,0
SME-382,1,20546.98,23872.84,2,1,0.172,4.91,1
SME-382,2,28136.32,28748.91,0,0,0.1559,4.7,1
SME-382,3,22804.89,23527.26,0,0,0.1335,4.22,1
SME-382,4,23788.09,21107.24,1,2,0.093,5.44,1
SME-382,5,25306.0,31502.21,1,1,0.0429,5.61,1
SME-382,6,28777.7,24661.56,5,1,0.0805,4.38,1
SME-382,7,23448.86,20208.0,3,3,0.1083,5.36,1
SME-382,8,17456.44,16235.93,1,1,0.2401,4.57,1
SME-382,9,22129.62,22737.58,3,0,0.1813,4.09,1
SME-382,10,17698.08,18022.37,8,3,0.2012,3.87,1
SME-382,11,23316.44,29903.13,3,3,0.1879,3.23,1
SME-382,12,12240.62,13163.46,7,3,0.402,3.05,1
SME-383,1,12043.65,11584.25,1,2,0.2281,1.04,1
SME-383,2,16559.89,11893.05,6,3,0.1579,1.42,1
SME-383,3,12089.45,11343.26,2,1,0.1562,2.19,1
SME-383,4,13643.21,11597.08,5,1,0.1314,1.8,1
SME-383,5,16195.18,13458.47,1,0,0.1211,1.54,1
SME-383,6,16757.46,16152.21,2,2,0.0872,2.74,1
SME-383,7,18471.95,19358.8,3,0,0.0734,1.68,1
SME-383,8,11211.31,10237.57,4,1,0.2474,1.71,1
SME-383,9,15368.66,15986.06,6,2,0.2583,1.11,1
SME-383,10,14213.85,14013.0,6,0,0.1855,1.5,1
SME-383,11,13342.15,13269.08,7,3,0.1483,0.99,1
SME-383,12,10487.04,10815.37,4,3,0.2661,1.66,1
SME-384,1,49097.92,42189.33,2,1,0.1085,9.36,0
SME-384,2,44095.68,32243.06,0,1,0.0537,9.06,0
SME-384,3,52310.87,46542.96,0,2,0.0697,9.1,0
SME-384,4,35766.97,38778.81,0,0,0.1533,9.15,0
SME-384,5,46053.94,38014.09,2,1,0.1525,9.05,0
SME-384,6,63341.7,47684.12,1,0,0.2351,9.94,0
SME-384,7,45756.83,44511.1,0,1,0.1589,8.38,0
SME-384,8,51985.88,46768.16,3,0,0.1356,9.26,0
SME-384,9,46093.37,44599.47,0,2,0.0597,9.42,0
SME-384,10,65478.81,52343.71,1,1,0.1488,9.28,0
SME-384,11,51401.79,52903.94,0,0,0.1506,9.86,0
SME-384,12,45589.66,41838.55,0,3,0.1542,9.9,0
SME-385,1,37175.48,37218.7,1,0,0.0621,9.26,0
SME-385,2,38799.84,35254.27,0,0,0.0214,9.87,0
SME-385,3,36675.63,36066.87,2,1,0.0241,8.95,0
SME-385,4,36005.7,23912.05,0,0,0.0321,10.28,0
SME-385,5,40691.99,34562.35,1,1,0.0548,10.41,0
SME-385,6,33806.57,32752.09,1,0,0.078,9.17,0
SME-385,7,42006.71,31779.47,1,0,0.0926,10.27,0
SME-385,8,36675.98,26068.73,0,0,0.0906,9.79,0
SME-385,9,29590.17,30548.78,4,1,0.1409,9.98,0
SME-385,10,35267.86,32127.56,4,2,0.0905,10.99,0
SME-385,11,29048.37,22037.57,2,1,0.0899,10.71,0
SME-385,12,36559.84,30914.26,3,0,0.0975,10.55,0
SME-386,1,38212.46,45058.31,4,2,0.1711,5.62,0
SME-386,2,43490.25,36011.07,1,0,0.0646,6.32,0
SME-386,3,38839.33,25229.7,2,0,0.0586,4.87,0
SME-386,4,35465.13,27487.34,3,0,0.0838,5.09,0
SME-386,5,38640.2,30181.86,1,0,0.0411,5.35,0
SME-386,6,29034.59,28047.64,1,1,0.1162,5.49,0
SME-386,7,33655.62,25436.3,1,1,0.1161,6.42,0
SME-386,8,33199.37,24478.53,2,0,0.065,5.22,0
SME-386,9,32670.77,24474.13,2,0,0.0121,5.48,0
SME-386,10,42195.32,29231.28,0,0,0.1213,5.98,0
SME-386,11,35638.28,30848.28,1,0,0.108,6.09,0
SME-386,12,38584.57,37058.55,0,1,0.0691,4.96,0
SME-387,1,35909.63,28253.23,4,0,0.1677,8.03,0
SME-387,2,38940.21,27665.99,3,1,0.0405,8.09,0
SME-387,3,36778.84,27392.31,0,0,0.0342,7.52,0
SME-387,4,29125.25,24831.23,0,0,0.1205,8.19,0
SME-387,5,30794.4,30243.78,0,2,0.1019,8.48,0
SME-387,6,33069.21,26024.72,3,0,0.0521,8.01,0
SME-387,7,32700.08,27657.79,3,2,0.031,8.22,0
SME-387,8,40296.32,38124.6,0,1,0.0989,6.73,0
SME-387,9,32931.73,30445.37,0,1,0.0999,7.97,0
SME-387,10,37552.39,30842.87,2,0,0.0823,7.77,0
SME-387,11,28278.25,25518.36,0,1,0.115,8.69,0
SME-387,12,30092.22,26762.66,2,0,0.1255,8.26,0
SME-388,1,25221.13,26215.15,0,0,0.0513,12.36,0
SME-388,2,26234.29,25180.19,0,1,0.0197,11.57,0
SME-388,3,29301.48,24122.54,1,0,0.0644,12.39,0
SME-388,4,24837.28,23927.83,2,1,0.0696,13.8,0
SME-388,5,31717.34,26018.59,0,1,0.0996,12.13,0
SME-388,6,29115.25,23897.0,1,0,0.0993,12.09,0
SME-388,7,31635.38,25870.68,1,0,0.0392,13.68,0
SME-388,8,29257.0,25368.21,0,1,0.0385,11.78,0
SME-388,9,33369.62,29408.37,1,1,0.0537,11.61,0
SME-388,10,28010.54,24103.49,1,1,0.0758,12.78,0
SME-388,11,30352.71,23847.16,3,3,0.0717,12.31,0
SME-388,12,25499.39,21551.79,1,1,0.0709,12.46,0
SME-389,1,32445.21,23273.77,1,1,0.1157,8.71,0
SME-389,2,26820.05,16468.7,1,0,0.0949,8.81,0
SME-389,3,25257.95,19445.4,3,0,0.1096,8.39,0
SME-389,4,30558.15,22637.12,1,1,0.0807,9.25,0
SME-389,5,26484.43,20497.32,3,0,0.0826,9.28,0
SME-389,6,33882.05,21476.54,0,0,0.0998,8.76,0
SME-389,7,31513.62,26001.47,5,1,0.1007,9.46,0
SME-389,8,26589.47,21608.46,3,0,0.0991,9.37,0
SME-389,9,38526.31,28783.27,0,3,0.1521,9.3,0
SME-389,10,29302.82,19310.44,0,1,0.1623,9.03,0
SME-389,11,31445.02,23480.9,3,0,0.1191,10.38,0
SME-389,12,32140.6,24313.26,1,2,0.039,10.17,0
SME-390,1,69365.22,53318.34,0,0,0.148,9.4,0
SME-390,2,56505.39,53617.45,2,0,0.1022,9.86,0
SME-390,3,57313.72,51565.51,2,0,0.0963,10.06,0
SME-390,4,68099.18,69484.28,2,0,0.0872,10.01,0
SME-390,5,62993.65,64980.72,1,1,0.0701,9.54,0
SME-390,6,52731.49,53137.89,1,0,0.1043,9.48,0
SME-390,7,55755.53,47385.47,1,3,0.0753,9.3,0
SME-390,8,69543.31,52316.7,2,0,0.1233,9.14,0
SME-390,9,69501.85,58500.11,0,1,0.0999,9.2,0
SME-390,10,65672.16,54795.1,2,1,0.0266,10.41,0
SME-390,11,59716.99,59862.14,0,0,0.062,8.64,0
SME-390,12,65182.82,58539.17,0,0,0.0425,9.87,0
SME-391,1,50779.83,63400.05,3,0,0.0659,7.63,0
SME-391,2,29497.84,31679.26,0,0,0.2651,6.58,0
SME-391,3,33071.43,30430.15,1,0,0.2463,8.27,0
SME-391,4,37040.31,48011.07,0,2,0.0928,6.95,0
SME-391,5,34869.45,30627.76,0,0,0.0464,7.71,0
SME-391,6,51088.59,43706.21,1,1,0.1753,8.01,0
SME-391,7,39653.49,37202.94,2,3,0.1625,7.5,0
SME-391,8,35713.75,29605.76,0,0,0.1547,7.11,0
SME-391,9,34386.75,28363.28,2,2,0.0611,6.74,0
SME-391,10,28580.34,32716.36,0,0,0.0942,8.06,0
SME-391,11,42214.83,38416.26,1,1,0.1593,7.44,0
SME-391,12,39510.05,38873.38,2,1,0.1603,8.22,0
SME-392,1,31833.04,22548.23,3,0,0.1039,8.86,0
SME-392,2,34881.22,29461.46,0,1,0.0457,8.62,0
SME-392,3,41721.15,25684.98,1,0,0.1144,8.12,0
SME-392,4,33062.21,24567.85,2,0,0.102,8.37,0
SME-392,5,27457.86,20137.62,0,0,0.1722,9.24,0
SME-392,6,35562.29,23671.85,2,2,0.1058,8.75,0
SME-392,7,39028.58,27882.72,0,0,0.1425,9.11,0
SME-392,8,43434.72,40230.69,1,0,0.0819,8.8,0
SME-392,9,41554.22,29593.8,1,0,0.0437,8.04,0
SME-392,10,40830.42,37115.18,3,1,0.0262,8.62,0
SME-392,11,29356.39,27763.46,1,1,0.15,8.65,0
SME-392,12,37490.04,27782.26,0,1,0.1343,8.37,0
SME-393,1,72068.25,60399.65,0,0,0.1445,5.41,0
SME-393,2,75666.38,58965.49,0,0,0.0244,5.19,0
SME-393,3,86091.58,82511.79,1,1,0.0763,5.65,0
SME-393,4,86658.77,68974.89,1,2,0.061,6.14,0
SME-393,5,84001.98,58349.64,2,1,0.0133,5.56,0
SME-393,6,84470.39,60226.85,2,0,0.0136,6.16,0
SME-393,7,85973.3,62316.28,2,1,0.0099,7.07,0
SME-393,8,71629.42,62739.43,1,0,0.0798,6.32,0
SME-393,9,94529.97,85466.54,0,0,0.1124,6.2,0
SME-393,10,78136.68,72874.35,5,0,0.1183,4.98,0
SME-393,11,94126.56,91649.3,3,0,0.0858,4.89,0
SME-393,12,66158.7,55865.13,1,0,0.1442,5.14,0
SME-394,1,32705.9,31403.97,1,0,0.0706,7.83,0
SME-394,2,30573.3,26324.92,0,1,0.0337,8.11,0
SME-394,3,34365.81,31261.45,1,2,0.0477,6.56,0
SME-394,4,43398.9,36161.12,0,2,0.149,6.94,0
SME-394,5,35857.07,31458.69,1,0,0.1044,8.59,0
SME-394,6,39713.95,37717.1,1,2,0.0776,6.65,0
SME-394,7,45568.44,45578.99,1,1,0.0989,7.7,0
SME-394,8,28801.95,23633.3,3,1,0.1827,6.66,0
SME-394,9,34929.88,39041.78,1,1,0.1901,6.34,0
SME-394,10,37651.99,33506.92,2,0,0.1095,7.04,0
SME-394,11,28942.89,30752.67,1,1,0.1075,6.46,0
SME-394,12,28508.59,27831.59,0,0,0.1329,6.8,0
SME-395,1,8399.9,8676.18,3,0,0.4452,1.22,1
SME-395,2,11773.52,11032.79,6,0,0.1672,2.67,1
SME-395,3,16176.5,16554.22,2,0,0.2628,1.13,1
SME-395,4,12222.85,11292.13,4,0,0.1477,1.38,1
SME-395,5,11482.8,10508.56,3,1,0.155,2.33,1
SME-395,6,13935.71,13282.15,1,2,0.0819,2.37,1
SME-395,7,10099.94,12293.72,2,1,0.1565,2.13,1
SME-395,8,12345.67,15569.39,1,2,0.1576,1.34,1
SME-395,9,11089.78,10218.1,6,3,0.154,1.91,1
SME-395,10,10598.3,10698.04,6,3,0.1517,2.56,1
SME-395,11,11057.64,10206.41,6,2,0.1417,0.8,1
SME-395,12,9031.96,9174.6,7,2,0.2048,1.51,1
SME-396,1,34137.13,23037.64,2,0,0.113,12.83,0
SME-396,2,34713.89,23608.87,2,1,0.0084,12.59,0
SME-396,3,35110.05,31323.22,2,1,0.0115,15.13,0
SME-396,4,36796.31,32698.9,1,2,0.0254,13.56,0
SME-396,5,39524.31,28128.29,1,0,0.049,13.62,0
SME-396,6,30004.05,30863.91,4,0,0.1129,12.65,0
SME-396,7,27603.04,20648.88,1,0,0.159,13.11,0
SME-396,8,39875.9,29506.86,1,1,0.1634,13.47,0
SME-396,9,36842.2,35139.24,1,0,0.1501,12.62,0
SME-396,10,34075.42,24408.65,4,0,0.0641,13.03,0
SME-396,11,38246.16,27050.89,0,0,0.0476,13.76,0
SME-396,12,31267.39,28069.76,2,1,0.083,12.89,0
SME-397,1,38989.59,25274.8,3,0,0.0903,12.08,0
SME-397,2,27562.39,22329.68,0,0,0.1717,10.21,0
SME-397,3,37496.96,28844.86,2,1,0.1462,11.39,0
SME-397,4,39512.02,32713.4,0,0,0.1499,11.04,0
SME-397,5,41311.3,25829.61,3,0,0.0395,11.68,0
SME-397,6,33372.77,20526.34,0,2,0.0893,11.44,0
SME-397,7,29125.18,17595.51,1,1,0.146,10.76,0
SME-397,8,34985.53,28367.78,7,0,0.0761,10.99,0
SME-397,9,45351.36,32331.92,2,0,0.1839,10.48,0
SME-397,10,29977.94,24705.62,2,0,0.1741,10.18,0
SME-397,11,38079.35,33102.08,3,0,0.1661,11.25,0
SME-397,12,37556.24,30565.9,0,2,0.1052,10.44,0
SME-398,1,31061.54,27818.07,2,0,0.1576,9.3,0
SME-398,2,41609.95,38165.71,2,1,0.1452,11.27,0
SME-398,3,40044.95,44441.24,6,1,0.1237,10.85,0
SME-398,4,34944.03,26085.8,2,0,0.0732,9.54,0
SME-398,5,33409.67,25597.49,3,2,0.0785,11.18,0
SME-398,6,37614.89,27898.38,1,0,0.0492,10.35,0
SME-398,7,33204.27,25982.13,0,0,0.0585,10.37,0
SME-398,8,37001.89,35609.33,2,1,0.0543,10.84,0
SME-398,9,45472.22,55824.45,0,0,0.133,11.3,0
SME-398,10,34444.35,30781.06,4,2,0.1209,11.75,0
SME-398,11,38531.7,32153.49,2,1,0.1153,11.89,0
SME-398,12,31456.23,30380.7,2,0,0.0833,10.68,0
SME-399,1,39411.45,32225.61,0,1,0.0662,8.85,0
SME-399,2,39448.8,33201.23,3,3,0.0005,8.85,0
SME-399,3,31062.02,20898.92,3,2,0.1077,7.86,0
SME-399,4,25912.67,23460.53,1,1,0.1736,9.63,0
SME-399,5,26916.53,21019.81,1,0,0.0797,8.54,0
SME-399,6,37271.57,26611.07,1,1,0.171,8.95,0
SME-399,7,27004.1,18262.62,1,0,0.1599,9.14,0
SME-399,8,30086.19,18604.83,3,2,0.1368,8.64,0
SME-399,9,29712.74,26073.35,1,0,0.0475,7.43,0
SME-399,10,26810.83,28480.69,0,0,0.0507,8.83,0
SME-399,11,42131.2,27685.34,2,0,0.2021,8.62,0
SME-399,12,27291.32,24170.83,0,2,0.2217,9.65,0
SME-400,1,36953.11,27892.24,2,1,0.1707,12.09,0
SME-400,2,36358.9,25448.89,1,1,0.0081,12.25,0
SME-400,3,36516.17,21013.1,0,0,0.0069,11.76,0
SME-400,4,37998.49,28205.32,2,1,0.02,12.16,0
SME-400,5,42887.92,26795.27,2,0,0.0696,11.46,0
SME-400,6,33265.62,23314.68,0,0,0.1032,11.79,0
SME-400,7,37165.16,26004.55,0,1,0.1046,11.77,0
SME-400,8,38678.09,24235.43,1,0,0.0627,11.93,0
SME-400,9,35767.97,23297.11,0,0,0.0319,11.7,0
SME-400,10,28463.18,16163.75,1,3,0.1253,12.05,0
SME-400,11,36880.11,25176.57,2,0,0.1108,11.83,0
SME-400,12,38503.18,35165.52,1,0,0.1271,12.1,0
SME-401,1,21551.49,20895.89,2,2,0.1558,3.44,0
SME-401,2,31695.43,33191.66,1,0,0.1905,4.01,0
SME-401,3,26466.97,23050.92,1,0,0.1559,4.26,0
SME-401,4,27015.25,23765.49,3,0,0.0826,5.2,0
SME-401,5,22443.13,18808.64,3,2,0.0805,4.35,0
SME-401,6,29886.56,28889.9,0,0,0.1159,4.64,0
SME-401,7,29315.3,24910.31,1,1,0.1243,3.16,0
SME-401,8,25778.99,18212.18,1,1,0.0641,4.17,0
SME-401,9,26351.38,22405.48,2,4,0.0571,4.6,0
SME-401,10,27675.22,18477.11,2,1,0.0299,3.92,0
SME-401,11,25810.39,23650.12,1,0,0.0294,5.17,0
SME-401,12,29578.32,25814.83,1,1,0.0556,5.63,0
SME-402,1,20541.8,17883.28,1,1,0.4411,3.15,1
SME-402,2,19572.63,20509.84,5,2,0.0242,2.96,1
SME-402,3,20112.29,20105.42,6,2,0.0198,4.39,1
SME-402,4,22155.38,19976.78,0,1,0.054,4.26,1
SME-402,5,20857.82,20147.2,5,1,0.0401,3.25,1
SME-402,6,20305.83,16596.98,1,0,0.0367,4.16,1
SME-402,7,24257.36,27378.13,3,0,0.1027,2.68,1
SME-402,8,22074.35,27317.29,4,3,0.1098,2.22,1
SME-402,9,21505.16,18027.01,4,4,0.115,2.76,1
SME-402,10,19324.28,21055.71,4,3,0.1551,3.93,1
SME-402,11,19084.38,17324.13,4,5,0.1357,3.45,1
SME-402,12,16940.67,21630.47,4,3,0.16,2.05,1
SME-403,1,41196.43,26099.99,2,1,0.1322,14.53,0
SME-403,2,53022.73,43429.65,2,2,0.1255,13.9,0
SME-403,3,47777.53,28536.33,1,0,0.1022,14.25,0
SME-403,4,37374.62,28029.49,1,1,0.1412,14.85,0
SME-403,5,58317.79,49754.45,1,2,0.1788,14.31,0
SME-403,6,51023.14,28809.48,2,0,0.1775,13.18,0
SME-403,7,37652.07,28477.37,3,1,0.1747,13.76,0
SME-403,8,46453.38,33772.26,1,0,0.1232,13.96,0
SME-403,9,40021.64,30964.86,1,1,0.0899,14.55,0
SME-403,10,43314.98,34142.04,0,0,0.0607,14.56,0
SME-403,11,47919.48,30802.58,3,2,0.074,13.81,0
SME-403,12,34555.56,23560.96,1,0,0.1322,13.43,0
SME-404,1,44133.34,35241.36,1,0,0.1572,12.67,0
SME-404,2,42549.07,39137.67,2,0,0.0183,11.88,0
SME-404,3,35090.76,32161.77,0,0,0.0971,11.08,0
SME-404,4,40540.58,42003.97,1,1,0.08,11.4,0
SME-404,5,37444.79,23841.64,2,0,0.0592,12.6,0
SME-404,6,36844.01,38121.84,0,2,0.0423,11.5,0
SME-404,7,41315.02,35631.71,1,1,0.0514,12.01,0
SME-404,8,40469.8,35950.24,1,1,0.049,10.71,0
SME-404,9,36583.72,27561.89,1,1,0.0522,12.29,0
SME-404,10,39911.68,37356.32,0,1,0.044,11.37,0
SME-404,11,42822.94,34380.33,1,2,0.0641,12.49,0
SME-404,12,38129.85,30466.0,0,1,0.048,11.1,0
SME-405,1,26768.74,19228.58,1,1,0.1672,6.5,0
SME-405,2,39573.39,32381.6,2,0,0.193,6.1,0
SME-405,3,30078.06,22638.72,3,0,0.1689,6.66,0
SME-405,4,27774.54,21485.58,1,0,0.1572,5.46,0
SME-405,5,30369.06,24181.84,1,1,0.0395,4.83,0
SME-405,6,30792.11,21162.95,1,0,0.045,6.35,0
SME-405,7,28812.67,16307.7,2,0,0.0284,6.69,0
SME-405,8,34443.1,29738.44,2,2,0.0744,5.15,0
SME-405,9,31965.7,25361.45,2,0,0.0726,5.83,0
SME-405,10,30616.14,17015.55,1,3,0.049,6.86,0
SME-405,11,27240.32,22018.51,2,1,0.0664,6.82,0
SME-405,12,39037.15,29467.18,2,0,0.1536,5.21,0
SME-406,1,25809.61,17811.87,5,2,0.1747,8.06,0
SME-406,2,31687.92,24434.37,0,0,0.1022,7.02,0
SME-406,3,30823.99,17439.38,2,0,0.088,7.59,0
SME-406,4,29318.68,20675.93,0,1,0.032,7.31,0
SME-406,5,33656.35,25402.51,4,0,0.0575,6.57,0
SME-406,6,23132.78,15645.98,2,0,0.1504,7.22,0
SME-406,7,36382.29,27791.14,0,1,0.1839,7.79,0
SME-406,8,33166.61,22938.64,2,0,0.1827,7.89,0
SME-406,9,31302.85,20118.32,2,1,0.0624,7.3,0
SME-406,10,24392.91,19215.6,0,2,0.1274,7.84,0
SME-406,11,25981.37,19935.21,4,0,0.1085,6.17,0
SME-406,12,35187.87,25653.25,2,1,0.1669,8.11,0
SME-407,1,24001.3,21581.97,1,1,0.0668,11.9,0
SME-407,2,30291.02,29815.14,0,0,0.1158,12.96,0
SME-407,3,28097.06,28627.18,2,0,0.0949,12.3,0
SME-407,4,29394.1,25638.07,0,0,0.0308,11.43,0
SME-407,5,30954.0,23729.66,0,0,0.0396,13.33,0
SME-407,6,28902.83,30377.41,0,1,0.0294,12.51,0
SME-407,7,36236.59,27846.29,1,1,0.0964,13.27,0
SME-407,8,35029.94,27435.83,1,0,0.0962,12.93,0
SME-407,9,27354.15,17442.08,2,0,0.1197,11.54,0
SME-407,10,28378.89,21192.17,2,0,0.1125,12.34,0
SME-407,11,28751.9,23692.08,0,0,0.021,12.23,0
SME-407,12,33837.42,31109.67,1,0,0.0821,11.81,0
SME-408,1,48990.31,38028.94,0,3,0.0724,7.68,0
SME-408,2,40143.35,25099.39,1,0,0.0993,7.17,0
SME-408,3,42021.47,30619.37,4,0,0.0871,8.33,0
SME-408,4,43367.07,32911.77,0,1,0.0316,7.24,0
SME-408,5,36777.6,25816.72,2,1,0.0698,8.22,0
SME-408,6,37964.16,26211.21,1,2,0.0728,6.98,0
SME-408,7,38575.94,26342.33,0,1,0.0198,8.37,0
SME-408,8,43344.82,29826.63,0,0,0.0602,7.69,0
SME-408,9,50329.75,36298.54,0,0,0.1095,6.92,0
SME-408,10,48971.73,34509.31,0,1,0.0636,7.15,0
SME-408,11,38458.44,22847.93,4,0,0.1155,7.99,0
SME-408,12,40796.07,32432.46,0,0,0.1055,7.14,0
SME-409,1,21857.49,23579.48,5,0,0.293,2.72,1
SME-409,2,24535.42,24777.16,4,1,0.0577,2.68,1
SME-409,3,17904.99,15839.43,2,1,0.1271,2.34,1
SME-409,4,28964.21,30848.48,3,0,0.1909,3.82,1
SME-409,5,23663.12,27175.79,3,1,0.1921,2.79,1
SME-409,6,28439.54,24918.02,3,3,0.0883,1.97,1
SME-409,7,25192.43,23042.63,7,0,0.101,2.72,1
SME-409,8,26629.15,22802.57,1,2,0.0939,2.78,1
SME-409,9,23796.25,24766.45,8,1,0.0941,2.45,1
SME-409,10,23856.62,22508.58,7,1,0.11,2.95,1
SME-409,11,25603.04,33873.06,4,0,0.1109,2.06,1
SME-409,12,23985.9,23671.63,3,2,0.1416,0.67,1
SME-410,1,59080.66,51422.73,0,1,0.0989,4.98,0
SME-410,2,62572.65,46908.77,2,0,0.0287,5.48,0
SME-410,3,61146.56,66614.66,1,0,0.0235,3.99,0
SME-410,4,51062.19,51551.61,1,2,0.0879,5.45,0
SME-410,5,61666.85,57729.35,1,1,0.0842,5.72,0
SME-410,6,57683.98,48046.62,1,3,0.077,5.81,0
SME-410,7,62299.68,44503.47,1,0,0.0337,6.19,0
SME-410,8,65829.27,61873.28,1,1,0.0538,5.01,0
SME-410,9,52532.53,50811.75,3,2,0.0934,5.28,0
SME-410,10,73333.92,71836.29,1,1,0.1346,4.95,0
SME-410,11,65005.29,53685.19,1,1,0.1344,5.54,0
SME-410,12,56466.07,44829.6,0,0,0.1061,5.47,0
SME-411,1,18224.0,17897.23,1,1,0.4443,3.7,1
SME-411,2,18658.86,15119.44,2,0,0.0118,3.67,1
SME-411,3,20488.65,17928.73,2,1,0.0513,3.81,1
SME-411,4,21050.94,16614.14,6,1,0.0509,3.64,1
SME-411,5,18105.94,19255.82,3,1,0.0642,3.62,1
SME-411,6,24855.71,20937.17,0,1,0.1295,3.17,1
SME-411,7,20432.22,20604.97,3,1,0.1555,2.7,1
SME-411,8,18618.41,16848.13,5,0,0.1674,2.72,1
SME-411,9,21167.17,20580.7,1,2,0.1082,3.48,1
SME-411,10,15605.47,13902.27,7,0,0.2001,2.91,1
SME-411,11,17180.47,19406.35,2,4,0.2401,1.98,1
SME-411,12,19889.04,24597.72,5,0,0.2073,2.29,1
SME-412,1,43446.23,31958.53,2,1,0.1598,11.44,0
SME-412,2,54028.96,38648.76,0,1,0.1086,11.03,0
SME-412,3,38699.06,34220.36,2,0,0.1412,10.82,0
SME-412,4,40030.32,34824.22,1,1,0.1567,11.12,0
SME-412,5,39060.73,30156.72,3,1,0.0143,10.95,0
SME-412,6,44138.5,39029.35,2,0,0.0536,11.08,0
SME-412,7,37907.2,31519.8,0,2,0.0671,10.63,0
SME-412,8,42283.06,41229.68,4,0,0.063,11.61,0
SME-412,9,37848.47,28132.77,2,0,0.0528,11.06,0
SME-412,10,38150.25,32828.33,5,1,0.0513,11.4,0
SME-412,11,41420.47,29035.16,1,0,0.0413,11.71,0
SME-412,12,54095.51,50111.41,3,2,0.1543,10.98,0
SME-413,1,18454.75,18406.49,2,0,0.0515,12.52,0
SME-413,2,19313.89,22784.08,0,0,0.0227,11.6,0
SME-413,3,16077.99,11084.9,4,0,0.0763,13.18,0
SME-413,4,26052.92,19808.49,0,0,0.2029,12.44,0
SME-413,5,16830.68,13951.1,0,1,0.2308,11.2,0
SME-413,6,20779.27,15789.3,1,0,0.178,12.28,0
SME-413,7,20346.14,19900.96,1,1,0.0915,11.67,0
SME-413,8,22438.12,19584.25,3,0,0.0426,12.35,0
SME-413,9,22992.32,21134.94,0,1,0.052,12.05,0
SME-413,10,18457.05,15883.71,1,1,0.0949,11.73,0
SME-413,11,18025.05,16190.55,1,1,0.1133,11.69,0
SME-413,12,25510.09,27784.05,0,1,0.166,12.84,0
SME-414,1,67846.95,62682.56,2,2,0.1452,7.12,0
SME-414,2,90831.07,71680.2,2,0,0.1448,8.1,0
SME-414,3,55014.68,64386.11,2,0,0.208,7.41,0
SME-414,4,68010.2,50534.26,1,1,0.2077,7.16,0
SME-414,5,58156.03,48868.87,4,1,0.0917,7.97,0
SME-414,6,55601.35,40932.17,0,0,0.0883,7.97,0
SME-414,7,74770.66,60312.59,4,0,0.1352,7.94,0
SME-414,8,63714.83,56046.06,1,2,0.1214,7.67,0
SME-414,9,76738.66,77650.52,3,0,0.0799,7.4,0
SME-414,10,74548.95,58470.37,1,0,0.0795,7.33,0
SME-414,11,91489.89,68086.02,2,1,0.093,7.44,0
SME-414,12,71001.79,74001.04,2,0,0.1131,6.74,0
SME-415,1,37330.52,30374.02,0,1,0.1597,6.35,0
SME-415,2,41617.22,41169.26,1,0,0.0543,5.69,0
SME-415,3,31258.63,24636.25,1,0,0.1157,5.55,0
SME-415,4,40817.43,35466.6,2,1,0.1242,5.97,0
SME-415,5,38848.37,36052.89,1,1,0.1115,6.08,0
SME-415,6,34185.63,31000.8,1,0,0.0733,5.76,0
SME-415,7,37677.63,25978.52,4,1,0.0537,6.22,0
SME-415,8,42561.04,33760.45,0,1,0.0901,6.32,0
SME-415,9,38328.11,37902.88,2,0,0.0548,6.17,0
SME-415,10,46667.49,40716.28,2,1,0.0801,5.58,0
SME-415,11,39310.8,40736.86,2,1,0.0898,5.93,0
SME-415,12,38378.61,32389.77,2,1,0.0894,6.07,0
SME-416,1,18576.89,16486.49,3,2,0.4495,4.41,1
SME-416,2,15562.18,13347.59,0,1,0.0883,4.65,1
SME-416,3,17361.53,16209.25,5,0,0.0721,4.06,1
SME-416,4,22630.19,22381.47,1,1,0.162,3.73,1
SME-416,5,21626.19,16483.69,4,2,0.1112,3.91,1
SME-416,6,19395.01,16089.94,3,2,0.0637,4.1,1
SME-416,7,23599.49,21557.52,4,2,0.0976,2.92,1
SME-416,8,15984.06,20110.86,4,4,0.2055,3.78,1
SME-416,9,26046.81,34448.44,6,3,0.2382,3.33,1
SME-416,10,18469.67,18512.25,9,2,0.3095,2.44,1
SME-416,11,16775.26,20174.87,2,3,0.311,1.98,1
SME-416,12,19653.35,22136.69,6,3,0.2118,1.91,1
SME-417,1,24946.41,22786.81,1,1,0.0756,7.92,0
SME-417,2,27762.87,24236.14,0,0,0.0534,7.16,0
SME-417,3,26493.89,25405.95,0,0,0.0436,5.48,0
SME-417,4,23186.96,24466.33,4,0,0.0747,7.11,0
SME-417,5,29430.62,27344.37,2,1,0.0967,6.94,0
SME-417,6,28059.34,24952.67,0,1,0.0996,7.32,0
SME-417,7,24570.17,21792.13,2,0,0.0748,7.08,0
SME-417,8,27535.14,30025.48,2,0,0.0575,7.06,0
SME-417,9,22920.88,21321.74,4,0,0.0763,6.98,0
SME-417,10,19322.86,17917.08,2,1,0.1445,5.86,0
SME-417,11,30238.57,30792.02,1,1,0.188,7.31,0
SME-417,12,31455.62,22394.93,0,0,0.202,7.24,0
SME-418,1,46514.9,39794.57,0,0,0.1539,8.82,0
SME-418,2,53726.63,45482.52,0,0,0.0719,9.09,0
SME-418,3,45272.87,36208.07,3,2,0.0768,9.51,0
SME-418,4,45210.81,29508.11,2,1,0.0832,8.75,0
SME-418,5,49341.87,36915.04,1,2,0.0415,8.67,0
SME-418,6,41132.78,31643.92,2,0,0.0741,9.83,0
SME-418,7,50028.52,46481.09,1,1,0.0863,9.4,0
SME-418,8,40023.74,38263.68,3,0,0.1024,9.09,0
SME-418,9,42812.89,32712.68,0,0,0.0952,8.28,0
SME-418,10,40069.05,33634.28,2,0,0.0318,8.69,0
SME-418,11,38106.74,25142.73,0,0,0.0479,9.11,0
SME-418,12,43637.88,29515.41,0,0,0.0564,8.52,0
SME-419,1,42422.19,27337.96,1,2,0.0887,11.66,0
SME-419,2,49374.98,38426.68,1,1,0.0757,12.55,0
SME-419,3,35825.43,24917.63,0,1,0.13,10.41,0
SME-419,4,38673.69,27239.31,1,2,0.1413,10.78,0
SME-419,5,38405.48,26431.48,1,1,0.0341,11.38,0
SME-419,6,30923.72,21036.78,0,1,0.0998,12.47,0
SME-419,7,34878.84,30842.23,3,2,0.088,11.49,0
SME-419,8,45775.63,34173.45,3,0,0.1689,13.03,0
SME-419,9,30066.16,23508.56,4,1,0.1781,12.53,0
SME-419,10,38013.31,30175.63,1,1,0.169,11.61,0
SME-419,11,42907.27,27615.29,1,2,0.143,11.64,0
SME-419,12,44667.03,31708.52,0,2,0.0672,11.76,0
SME-420,1,68726.66,51870.5,0,0,0.17,12.38,0
SME-420,2,62787.95,55193.45,2,1,0.0452,13.38,0
SME-420,3,54331.12,34901.09,3,0,0.0954,12.34,0
SME-420,4,65980.29,49835.02,1,1,0.0805,12.91,0
SME-420,5,57624.94,46639.53,0,1,0.0827,13.07,0
SME-420,6,61664.85,38701.62,2,0,0.0552,12.81,0
SME-420,7,61628.04,39102.52,2,0,0.0314,13.37,0
SME-420,8,58190.21,43275.2,4,1,0.0269,13.53,0
SME-420,9,72492.87,49140.86,2,1,0.0951,13.01,0
SME-420,10,70496.41,61369.28,0,4,0.0943,13.34,0
SME-420,11,70311.25,48441.97,0,0,0.0139,13.57,0
SME-420,12,74705.22,64629.77,1,2,0.0282,14.17,0
SME-421,1,26995.74,17234.37,3,1,0.087,7.0,0
SME-421,2,29516.34,22405.24,3,0,0.0446,7.71,0
SME-421,3,34566.04,31486.62,1,0,0.1037,6.56,0
SME-421,4,35461.64,27804.21,2,0,0.0789,7.28,0
SME-421,5,26865.86,23121.31,3,0,0.1195,6.82,0
SME-421,6,25198.75,23738.19,2,1,0.1541,7.66,0
SME-421,7,27652.16,25075.26,1,2,0.0385,7.01,0
SME-421,8,37196.85,24581.91,2,0,0.1724,8.15,0
SME-421,9,28655.48,23226.41,4,0,0.1374,6.8,0
SME-421,10,38745.52,31915.93,2,0,0.1273,7.47,0
SME-421,11,32285.19,23863.09,0,0,0.1256,7.43,0
SME-421,12,22669.29,17468.46,1,0,0.2115,6.61,0
SME-422,1,28293.13,19790.67,1,0,0.1154,4.33,0
SME-422,2,29343.39,23830.6,2,0,0.0182,4.59,0
SME-422,3,27677.86,27000.68,2,1,0.0242,4.07,0
SME-422,4,31168.24,23126.96,1,0,0.0485,5.05,0
SME-422,5,29882.78,24626.14,3,0,0.0487,4.54,0
SME-422,6,33113.87,19633.01,3,0,0.0423,4.29,0
SME-422,7,29520.44,25849.1,2,1,0.0524,4.86,0
SME-422,8,27576.88,20394.2,0,0,0.0763,4.97,0
SME-422,9,23184.73,20288.36,3,2,0.099,3.72,0
SME-422,10,23720.0,21057.04,5,0,0.0788,5.63,0
SME-422,11,31542.33,26195.16,0,1,0.1461,4.73,0
SME-422,12,31764.39,21688.95,0,1,0.129,4.93,0
SME-423,1,57043.31,45017.06,1,0,0.1401,12.78,0
SME-423,2,68818.92,57442.2,4,1,0.0936,12.01,0
SME-423,3,54247.13,44472.77,0,0,0.1052,13.2,0
SME-423,4,57956.39,50722.03,1,0,0.1025,11.93,0
SME-423,5,61346.81,52752.73,2,1,0.0501,11.91,0
SME-423,6,54022.85,48724.49,3,0,0.0518,12.84,0
SME-423,7,44943.97,39577.51,0,0,0.1256,11.98,0
SME-423,8,64147.2,62653.84,1,2,0.1443,13.27,0
SME-423,9,78563.18,72315.82,1,1,0.2202,11.84,0
SME-423,10,58449.59,51187.22,1,0,0.1262,11.77,0
SME-423,11,47888.8,36387.27,1,0,0.2064,12.29,0
SME-423,12,65387.04,48653.89,0,2,0.1257,11.67,0
SME-424,1,39933.49,30767.09,3,1,0.0845,9.19,0
SME-424,2,30349.01,20604.44,2,1,0.1364,9.02,0
SME-424,3,30058.48,22691.35,2,1,0.1372,9.27,0
SME-424,4,24782.11,18235.33,0,1,0.0901,8.77,0
SME-424,5,34598.76,21807.72,5,2,0.1346,8.7,0
SME-424,6,29778.51,22943.73,1,0,0.1349,8.28,0
SME-424,7,31615.01,19046.79,1,1,0.0621,8.75,0
SME-424,8,31817.5,25497.17,2,1,0.0295,8.57,0
SME-424,9,28619.99,28232.34,2,1,0.0476,8.95,0
SME-424,10,33361.13,23035.35,5,0,0.0631,8.9,0
SME-424,11,37046.34,30121.53,1,2,0.1045,8.37,0
SME-424,12,31326.73,24801.1,4,0,0.0698,8.42,0
SME-425,1,39457.03,34711.18,0,0,0.1711,6.2,0
SME-425,2,37108.71,33717.0,3,1,0.0307,6.31,0
SME-425,3,37602.32,31228.22,0,1,0.0266,6.24,0
SME-425,4,47307.33,46107.7,1,1,0.1154,6.86,0
SME-425,5,28781.85,27621.29,1,0,0.1996,6.5,0
SME-425,6,39000.96,30789.42,1,0,0.1975,5.7,0
SME-425,7,41048.22,37703.4,2,0,0.1479,6.19,0
SME-425,8,34948.84,30006.23,0,0,0.0661,5.61,0
SME-425,9,35276.95,30407.98,2,0,0.0755,6.65,0
SME-425,10,47066.1,37863.9,2,1,0.1442,6.64,0
SME-425,11,33336.11,26252.09,0,1,0.1573,6.14,0
SME-425,12,38666.89,35251.83,3,0,0.1424,7.61,0
SME-426,1,43467.36,39367.8,2,0,0.1541,10.77,0
SME-426,2,34766.05,39927.29,2,0,0.1112,9.32,0
SME-426,3,44951.58,43589.64,1,0,0.1094,9.92,0
SME-426,4,38194.96,37490.06,2,0,0.1077,10.08,0
SME-426,5,33525.37,34227.97,4,0,0.1206,8.9,0
SME-426,6,36846.32,28591.72,0,1,0.0542,8.59,0
SME-426,7,38129.68,43551.9,0,1,0.0536,10.18,0
SME-426,8,50923.5,39725.33,3,2,0.1514,9.96,0
SME-426,9,45386.25,37598.95,3,0,0.1169,9.99,0
SME-426,10,35280.02,32582.77,3,1,0.1477,9.55,0
SME-426,11,49285.38,47640.01,2,1,0.1362,9.47,0
SME-426,12,60960.93,51325.63,3,2,0.2164,9.58,0
SME-427,1,32349.63,26671.19,4,0,0.0543,4.47,0
SME-427,2,33963.05,24818.42,2,1,0.0243,5.09,0
SME-427,3,38171.02,34382.76,0,0,0.0705,3.87,0
SME-427,4,26015.67,20023.09,0,2,0.1541,4.29,0
SME-427,5,34571.15,26335.72,2,0,0.1549,3.99,0
SME-427,6,36603.56,32560.11,2,1,0.1416,4.92,0
SME-427,7,29717.24,25521.93,3,0,0.0859,4.11,0
SME-427,8,26249.4,19582.89,1,2,0.1395,4.08,0
SME-427,9,32842.76,24651.03,5,0,0.091,4.15,0
SME-427,10,30019.39,26962.06,2,1,0.0909,4.53,0
SME-427,11,28266.92,22538.39,0,0,0.0621,5.15,0
SME-427,12,19611.09,12799.78,3,1,0.1752,3.76,0
SME-428,1,25906.56,18809.33,1,4,0.1238,11.49,0
SME-428,2,28597.4,28017.15,0,0,0.0494,11.97,0
SME-428,3,31321.88,28546.33,1,2,0.0773,10.83,0
SME-428,4,19028.46,12708.81,2,0,0.2003,12.15,0
SME-428,5,29918.54,35213.15,1,1,0.2053,11.64,0
SME-428,6,23118.68,20499.62,5,0,0.187,11.3,0
SME-428,7,29650.14,23327.5,2,0,0.1141,12.37,0
SME-428,8,23857.65,21884.69,1,0,0.1143,11.31,0
SME-428,9,22942.98,20836.55,2,1,0.1165,11.67,0
SME-428,10,23296.72,21072.77,2,1,0.0161,11.67,0
SME-428,11,28106.21,28036.14,2,1,0.095,10.69,0
SME-428,12,14435.11,14063.25,2,0,0.258,11.52,0
SME-429,1,50280.86,42734.38,3,0,0.117,7.0,0
SME-429,2,38950.43,46862.48,1,0,0.127,6.4,0
SME-429,3,50509.73,37267.11,3,1,0.1158,6.23,0
SME-429,4,41445.26,41580.52,1,0,0.1138,6.8,0
SME-429,5,47595.48,44469.27,0,1,0.0812,6.9,0
SME-429,6,39744.23,40060.85,1,0,0.0786,7.28,0
SME-429,7,50550.7,38354.4,1,1,0.0992,5.97,0
SME-429,8,63958.81,53172.77,3,0,0.1926,6.84,0
SME-429,9,47996.42,47734.57,0,0,0.1292,7.39,0
SME-429,10,39661.43,36900.55,4,1,0.1995,7.49,0
SME-429,11,44563.44,35141.86,1,1,0.0776,7.49,0
SME-429,12,35095.53,27865.02,1,0,0.0972,7.3,0
SME-430,1,34015.5,25614.98,2,0,0.1639,9.41,0
SME-430,2,32449.73,26645.9,0,2,0.0236,7.89,0
SME-430,3,27113.53,19321.6,0,0,0.0947,9.25,0
SME-430,4,28146.36,20371.72,3,2,0.079,9.1,0
SME-430,5,38588.57,32668.6,0,1,0.1657,8.48,0
SME-430,6,28022.53,22691.13,2,1,0.1568,8.99,0
SME-430,7,27838.7,19326.8,0,0,0.1596,8.08,0
SME-430,8,32187.21,27696.3,2,1,0.0684,8.55,0
SME-430,9,33871.69,25640.35,3,1,0.0812,8.47,0
SME-430,10,29461.9,23628.11,3,3,0.0571,7.68,0
SME-430,11,24900.92,16879.77,1,0,0.1245,8.78,0
SME-430,12,20391.07,14870.65,1,0,0.1486,7.32,0
SME-431,1,17532.47,16222.91,2,0,0.2357,2.3,1
SME-431,2,14683.22,19325.7,2,0,0.0884,2.49,1
SME-431,3,12448.42,11251.64,2,0,0.1397,1.01,1
SME-431,4,16291.11,15708.37,2,1,0.1089,2.32,1
SME-431,5,16946.98,16958.82,2,2,0.1303,2.27,1
SME-431,6,19244.07,17522.52,2,2,0.0724,2.0,1
SME-431,7,19709.51,17615.82,4,1,0.083,2.23,1
SME-431,8,15596.06,15474.44,5,1,0.1394,1.75,1
SME-431,9,17481.19,24274.1,10,3,0.1678,1.44,1
SME-431,10,15269.67,17322.69,7,2,0.1265,1.52,1
SME-431,11,14957.96,16277.82,9,5,0.1578,1.04,1
SME-431,12,14772.15,17538.3,2,0,0.0997,1.84,1
SME-432,1,31213.97,26519.83,0,3,0.1344,9.53,0
SME-432,2,34017.59,23721.36,0,1,0.043,9.14,0
SME-432,3,41378.93,30637.59,0,2,0.1206,9.46,0
SME-432,4,32228.49,29530.42,0,1,0.1104,9.23,0
SME-432,5,31675.14,22662.94,1,0,0.1268,9.2,0
SME-432,6,30324.71,19889.83,1,0,0.0255,8.25,0
SME-432,7,28566.9,26178.13,0,0,0.0422,9.95,0
SME-432,8,27116.51,21878.88,2,0,0.0458,9.61,0
SME-432,9,26437.22,22379.98,2,0,0.0324,9.37,0
SME-432,10,24401.59,19083.18,6,2,0.0444,10.25,0
SME-432,11,32238.49,24499.48,0,0,0.1199,9.46,0
SME-432,12,35276.28,31175.36,3,0,0.1495,9.59,0
SME-433,1,29895.19,21657.19,3,2,0.1711,9.37,0
SME-433,2,16828.36,13420.22,2,1,0.2797,9.99,0
SME-433,3,17511.07,14710.04,0,0,0.2805,9.19,0
SME-433,4,24003.94,17506.66,3,0,0.1663,9.35,0
SME-433,5,21741.59,13917.63,1,0,0.1276,9.99,0
SME-433,6,19450.84,15977.37,2,0,0.0855,9.83,0
SME-433,7,21454.54,17708.53,1,0,0.0488,9.27,0
SME-433,8,15550.75,11408.77,2,0,0.1303,8.97,0
SME-433,9,24141.51,18308.32,1,0,0.176,8.25,0
SME-433,10,26897.79,19205.8,0,0,0.2177,8.95,0
SME-433,11,19384.2,16498.06,1,0,0.1322,9.72,0
SME-433,12,18215.42,14311.52,2,0,0.1789,9.73,0
SME-434,1,14358.11,15010.45,3,2,0.4085,2.15,1
SME-434,2,13025.72,12273.83,4,0,0.0487,1.79,1
SME-434,3,20681.92,17494.68,3,2,0.2084,2.93,1
SME-434,4,16488.03,16207.28,6,0,0.1871,1.97,1
SME-434,5,17420.23,20280.86,2,0,0.0988,2.02,1
SME-434,6,14805.81,15622.67,2,0,0.0666,1.5,1
SME-434,7,13392.24,14544.47,4,1,0.1304,1.72,1
SME-434,8,17258.73,16135.53,7,2,0.1502,1.65,1
SME-434,9,13797.97,14659.29,2,1,0.1783,2.41,1
SME-434,10,16177.67,13019.23,6,3,0.1751,1.98,1
SME-434,11,12967.4,13364.77,4,5,0.1952,1.19,1
SME-434,12,11802.62,12805.94,11,1,0.2512,1.47,1
SME-435,1,39025.54,38115.92,1,2,0.0998,5.84,0
SME-435,2,42147.64,34498.37,0,0,0.0385,6.44,0
SME-435,3,47233.93,41599.6,2,0,0.079,4.68,0
SME-435,4,37514.02,30206.72,2,0,0.0938,5.7,0
SME-435,5,44298.8,39086.41,1,1,0.0946,6.34,0
SME-435,6,40452.19,34676.05,5,1,0.0682,6.05,0
SME-435,7,25283.03,21202.85,0,0,0.2238,6.26,0
SME-435,8,39336.12,36563.61,0,1,0.1971,6.81,0
SME-435,9,43874.56,40392.62,2,0,0.2188,6.39,0
SME-435,10,47738.37,48974.91,4,1,0.0787,5.35,0
SME-435,11,41250.48,34294.43,1,2,0.0602,5.57,0
SME-435,12,37598.63,31337.23,1,0,0.0994,5.12,0
SME-436,1,34025.63,21906.41,0,1,0.1792,12.43,0
SME-436,2,33561.18,30958.28,2,0,0.0069,13.3,0
SME-436,3,29282.96,21031.7,3,1,0.0661,12.98,0
SME-436,4,49483.48,38053.56,2,0,0.2321,12.64,0
SME-436,5,40654.97,28556.5,1,1,0.2077,12.65,0
SME-436,6,39146.07,33338.38,0,2,0.1058,13.1,0
SME-436,7,33780.18,23413.34,0,1,0.0779,11.84,0
SME-436,8,33465.29,26104.55,0,0,0.0735,12.6,0
SME-436,9,42665.2,31428.76,1,1,0.1164,12.31,0
SME-436,10,30894.76,25810.49,1,0,0.1416,12.31,0
SME-436,11,39791.96,32540.28,0,0,0.1326,12.62,0
SME-436,12,39522.23,29024.11,1,0,0.1125,13.46,0
SME-437,1,11263.81,9778.02,3,1,0.3523,4.72,1
SME-437,2,17592.43,20176.68,3,0,0.2193,5.15,1
SME-437,3,11314.46,10233.15,0,2,0.2219,4.24,1
SME-437,4,12449.09,10766.52,3,2,0.1982,5.3,1
SME-437,5,13273.07,11463.64,3,2,0.065,4.52,1
SME-437,6,11750.04,10471.8,3,3,0.0498,5.3,1
SME-437,7,11567.92,11144.23,5,1,0.0771,4.23,1
SME-437,8,18736.59,14531.47,5,1,0.2848,4.43,1
SME-437,9,12536.7,12613.51,7,2,0.2679,4.4,1
SME-437,10,11787.78,13489.99,4,0,0.2762,3.09,1
SME-437,11,12242.74,13456.37,6,3,0.1347,4.27,1
SME-437,12,13141.47,13156.09,4,3,0.1789,3.77,1
SME-438,1,33620.46,24668.33,1,2,0.1477,4.95,0
SME-438,2,35525.59,28916.4,2,0,0.0276,3.98,0
SME-438,3,31261.73,19805.73,1,0,0.0521,4.43,0
SME-438,4,30877.57,26386.02,0,0,0.0647,4.28,0
SME-438,5,31613.49,27566.46,2,0,0.0096,4.78,0
SME-438,6,27420.28,19466.24,1,0,0.061,5.73,0
SME-438,7,33120.48,27027.99,0,2,0.0785,4.72,0
SME-438,8,43103.73,40619.08,4,2,0.1876,4.38,0
SME-438,9,25709.72,22273.58,0,0,0.2098,5.18,0
SME-438,10,28491.02,21565.4,0,1,0.2352,5.42,0
SME-438,11,40126.83,31435.0,1,0,0.1986,4.51,0
SME-438,12,24093.75,17452.33,1,0,0.2189,4.76,0
SME-439,1,83252.19,73978.13,0,0,0.1064,8.09,0
SME-439,2,64802.81,51455.98,1,1,0.1246,9.53,0
SME-439,3,72383.79,48957.88,1,1,0.103,8.31,0
SME-439,4,64616.07,46089.06,2,0,0.0538,8.37,0
SME-439,5,67497.61,51259.85,2,0,0.047,8.07,0
SME-439,6,71355.16,52181.96,1,0,0.0407,9.07,0
SME-439,7,99122.85,85159.78,4,1,0.1776,8.18,0
SME-439,8,56770.7,47476.57,2,0,0.2319,9.56,0
SME-439,9,72299.08,57385.39,1,1,0.23,8.49,0
SME-439,10,94073.39,62223.91,5,0,0.2057,8.64,0
SME-439,11,69144.99,53835.17,1,0,0.1412,7.52,0
SME-439,12,72106.89,45015.52,4,0,0.1418,8.39,0
SME-440,1,48324.28,35849.83,4,0,0.1089,11.48,0
SME-440,2,42158.41,36345.6,2,0,0.0681,11.77,0
SME-440,3,50093.86,49697.22,4,0,0.0726,10.99,0
SME-440,4,57874.46,42702.09,2,0,0.1282,11.0,0
SME-440,5,51159.92,49792.45,0,1,0.0649,11.6,0
SME-440,6,45337.72,37870.25,2,0,0.0995,12.32,0
SME-440,7,40664.93,39583.4,1,1,0.0939,11.9,0
SME-440,8,50802.95,42779.57,1,0,0.0909,10.82,0
SME-440,9,37405.81,31278.98,0,1,0.1328,11.46,0
SME-440,10,49444.44,40929.85,2,1,0.1312,12.0,0
SME-440,11,43718.39,36458.46,3,1,0.113,11.07,0
SME-440,12,48871.77,40842.97,2,0,0.0544,12.11,0
SME-441,1,17513.86,12755.51,1,2,0.0942,6.16,0
SME-441,2,19134.63,18393.23,1,0,0.0442,5.65,0
SME-441,3,22528.57,16259.11,0,1,0.1059,6.22,0
SME-441,4,17886.08,13319.57,1,0,0.0988,4.74,0
SME-441,5,23086.42,18771.29,0,1,0.1101,6.03,0
SME-441,6,18003.51,14832.87,1,1,0.1233,5.83,0
SME-441,7,19462.73,17120.32,3,1,0.1059,6.46,0
SME-441,8,20173.66,16655.55,1,2,0.047,6.2,0
SME-441,9,19631.78,17196.91,2,0,0.0153,5.58,0
SME-441,10,17146.31,13123.76,0,0,0.0694,6.08,0
SME-441,11,20931.99,13873.56,4,0,0.0816,6.18,0
SME-441,12,19417.59,15474.46,1,0,0.0812,5.54,0
SME-442,1,17474.02,14509.92,2,1,0.1836,3.3,1
SME-442,2,14936.09,13408.71,1,1,0.0783,3.64,1
SME-442,3,15332.96,13243.88,2,2,0.07,3.79,1
SME-442,4,15254.46,13140.55,3,2,0.0113,3.2,1
SME-442,5,22335.15,13016.95,4,2,0.1882,3.46,1
SME-442,6,16760.71,15993.85,2,1,0.1681,3.84,1
SME-442,7,16186.43,16032.88,6,1,0.1712,3.18,1
SME-442,8,16380.2,14744.48,2,0,0.05,2.37,1
SME-442,9,17255.71,16366.38,11,2,0.1014,2.61,1
SME-442,10,18147.02,22143.07,5,4,0.1321,3.08,1
SME-442,11,11957.27,14175.8,10,2,0.2551,3.09,1
SME-442,12,13075.72,12321.67,6,2,0.3288,1.55,1
SME-443,1,24708.09,24003.79,0,1,0.1725,10.61,0
SME-443,2,26089.63,24936.37,0,1,0.0272,10.29,0
SME-443,3,29142.18,24001.64,1,2,0.0695,9.78,0
SME-443,4,22938.37,22359.95,3,0,0.0972,9.73,0
SME-443,5,30037.64,26526.03,1,0,0.1153,9.03,0
SME-443,6,20673.29,18843.51,2,0,0.1625,10.09,0
SME-443,7,28925.14,29671.12,0,0,0.1574,10.16,0
SME-443,8,29062.66,22853.8,1,0,0.1496,10.4,0
SME-443,9,17708.7,19322.8,2,1,0.2108,10.25,0
SME-443,10,21963.26,21112.46,4,1,0.2044,9.96,0
SME-443,11,20363.4,20333.28,1,0,0.0877,9.95,0
SME-443,12,24078.29,19318.03,0,1,0.0687,10.09,0
SME-444,1,15351.69,12697.56,2,0,0.0891,5.9,0
SME-444,2,21178.12,18593.49,2,0,0.1595,7.29,0
SME-444,3,20990.14,16554.6,0,0,0.141,6.14,0
SME-444,4,14191.88,11405.71,2,0,0.173,6.67,0
SME-444,5,16976.06,15224.0,0,0,0.1605,6.67,0
SME-444,6,14824.9,8766.95,2,0,0.0777,6.37,0
SME-444,7,11589.45,9545.32,2,1,0.1531,6.6,0
SME-444,8,18109.29,15154.61,1,1,0.1793,7.12,0
SME-444,9,13850.9,9929.85,2,2,0.1862,7.28,0
SME-444,10,16814.58,12659.58,2,0,0.1096,6.39,0
SME-444,11,14634.25,10680.32,2,0,0.083,6.79,0
SME-444,12,13723.7,10701.64,2,1,0.0861,6.04,0
SME-445,1,58067.35,47352.58,1,0,0.157,12.6,0
SME-445,2,38528.33,35742.2,2,0,0.2023,11.79,0
SME-445,3,37256.12,26958.27,1,2,0.2135,12.96,0
SME-445,4,57015.71,46947.47,0,0,0.204,12.57,0
SME-445,5,40090.25,30306.61,2,1,0.1948,12.86,0
SME-445,6,52151.65,38986.81,3,1,0.143,13.63,0
SME-445,7,44458.99,39312.15,0,1,0.1094,12.84,0
SME-445,8,44822.33,34187.85,1,0,0.0752,13.09,0
SME-445,9,45693.93,30645.21,2,0,0.0115,13.6,0
SME-445,10,45766.55,31280.21,0,1,0.0094,13.13,0
SME-445,11,57384.04,40541.7,1,0,0.1107,13.14,0
SME-445,12,54613.99,39094.62,3,0,0.0942,13.11,0
SME-446,1,67964.77,51873.32,0,3,0.0526,8.57,1
SME-446,2,79973.0,72227.47,2,1,0.0812,8.89,1
SME-446,3,65819.26,45672.81,2,0,0.0874,8.52,1
SME-446,4,52041.16,49038.52,2,1,0.1729,8.93,1
SME-446,5,63148.95,53737.36,1,0,0.0989,9.42,1
SME-446,6,61289.22,54455.05,3,1,0.0826,10.31,1
SME-446,7,75936.07,61890.83,2,1,0.0975,8.29,1
SME-446,8,64774.91,46957.91,2,0,0.0928,9.77,1
SME-446,9,64793.57,44519.78,2,1,0.0767,9.51,1
SME-446,10,80917.24,69750.69,0,1,0.1084,9.87,1
SME-446,11,68880.38,51897.68,2,0,0.0957,9.11,1
SME-446,12,73121.01,60687.88,3,2,0.0671,8.0,1
SME-447,1,26704.7,21845.09,1,0,0.1236,14.05,0
SME-447,2,25645.88,20406.94,0,1,0.0202,12.94,0
SME-447,3,24744.83,25500.24,4,0,0.0312,12.01,0
SME-447,4,23221.83,20704.49,0,0,0.0408,13.8,0
SME-447,5,24135.74,24716.85,4,2,0.026,12.95,0
SME-447,6,24316.98,17266.53,0,1,0.0201,12.55,0
SME-447,7,27475.87,25624.01,0,2,0.0606,12.39,0
SME-447,8,25504.62,21415.16,2,2,0.0506,13.1,0
SME-447,9,16240.53,14760.8,2,1,0.2123,13.16,0
SME-447,10,17334.52,11034.2,0,1,0.2099,12.83,0
SME-447,11,23602.75,21607.29,2,1,0.1702,13.36,0
SME-447,12,20641.37,18591.66,2,0,0.1247,12.66,0
SME-448,1,12768.16,12831.36,2,0,0.0835,10.48,0
SME-448,2,17567.4,16609.81,1,0,0.1582,8.84,0
SME-448,3,13730.13,11515.94,3,0,0.1411,9.59,0
SME-448,4,13163.93,8900.3,0,0,0.132,9.62,0
SME-448,5,10907.14,7331.87,2,0,0.0968,9.58,0
SME-448,6,12974.54,9399.86,1,0,0.0828,9.08,0
SME-448,7,12877.43,11885.14,0,1,0.0777,9.94,0
SME-448,8,10286.94,9526.42,2,0,0.1033,9.63,0
SME-448,9,14865.86,10391.35,1,1,0.1479,10.05,0
SME-448,10,14505.88,10962.69,0,1,0.1573,9.89,0
SME-448,11,14881.3,15843.56,2,0,0.0118,8.01,0
SME-448,12,16830.29,11653.34,0,1,0.0661,9.5,0
SME-449,1,48079.16,41946.27,3,1,0.0834,5.07,0
SME-449,2,55438.0,36481.29,1,1,0.0711,5.42,0
SME-449,3,50266.76,36538.71,2,0,0.0602,4.99,0
SME-449,4,54610.44,37842.06,3,1,0.0424,5.46,0
SME-449,5,56532.67,39137.32,1,1,0.0487,4.86,0
SME-449,6,56537.72,47181.36,1,1,0.0162,4.52,0
SME-449,7,46531.96,36681.21,3,1,0.0886,4.24,0
SME-449,8,53423.33,44387.09,1,0,0.0801,5.06,0
SME-449,9,52458.3,27746.91,3,0,0.06,5.46,0
SME-449,10,51136.91,46560.19,2,1,0.0179,4.76,0
SME-449,11,43816.83,43547.7,0,1,0.0773,5.12,0
SME-449,12,58543.72,48167.07,3,0,0.1175,5.49,0
SME-450,1,40731.55,32363.78,0,1,0.1441,11.8,1
SME-450,2,47501.16,37040.8,0,2,0.0767,12.55,1
SME-450,3,38819.82,28232.13,2,0,0.0879,11.47,1
SME-450,4,42818.8,46542.23,2,0,0.0824,11.67,1
SME-450,5,48144.38,40691.66,1,1,0.0883,11.12,1
SME-450,6,42325.88,35164.48,1,0,0.0593,12.15,1
SME-450,7,40027.3,30552.63,4,1,0.0785,12.03,1
SME-450,8,47272.46,47052.73,2,1,0.07,11.89,1
SME-450,9,49680.65,42985.22,3,2,0.0898,11.44,1
SME-450,10,52072.25,39694.03,1,1,0.0394,11.71,1
SME-450,11,49905.15,50693.93,1,0,0.0213,12.03,1
SME-450,12,48936.49,44860.27,2,0,0.0261,12.01,1
SME-451,1,42278.03,31040.45,2,0,0.1685,10.23,0
SME-451,2,38563.27,31261.51,1,0,0.046,9.91,0
SME-451,3,44592.98,36455.66,1,0,0.0594,9.52,0
SME-451,4,46709.57,47461.9,1,0,0.0797,9.96,0
SME-451,5,46734.04,40916.8,0,0,0.0218,9.72,0
SME-451,6,43708.21,45634.16,4,0,0.0311,9.05,0
SME-451,7,50335.61,36803.39,1,1,0.0577,8.57,0
SME-451,8,42109.29,40590.23,1,2,0.0785,9.6,0
SME-451,9,39081.02,38410.49,0,0,0.1085,9.56,0
SME-451,10,41035.6,40322.48,1,0,0.0308,9.91,0
SME-451,11,41565.31,41664.5,1,0,0.0263,10.1,0
SME-451,12,36618.86,33704.62,2,0,0.0558,9.92,0
SME-452,1,56092.52,45770.86,1,1,0.08,7.51,0
SME-452,2,53833.01,35021.76,0,2,0.0206,7.95,0
SME-452,3,53022.74,31732.8,4,0,0.0239,7.6,0
SME-452,4,48534.0,40243.75,0,1,0.045,7.77,0
SME-452,5,37254.29,25782.63,2,0,0.1434,7.92,0
SME-452,6,57971.31,49355.47,2,0,0.1767,7.34,0
SME-452,7,36337.46,24801.6,0,1,0.2278,7.68,0
SME-452,8,43771.35,43882.01,1,0,0.195,7.51,0
SME-452,9,52323.03,42833.58,2,0,0.148,7.26,0
SME-452,10,48884.54,34398.91,2,0,0.0727,7.39,0
SME-452,11,44366.41,37059.82,0,1,0.0671,7.21,0
SME-452,12,54630.39,40837.82,0,1,0.0852,7.77,0
SME-453,1,14646.32,16291.81,1,1,0.3062,1.83,1
SME-453,2,18797.55,18724.64,5,1,0.1241,1.16,1
SME-453,3,15632.6,13144.57,2,0,0.1082,1.99,1
SME-453,4,11456.96,11268.67,2,1,0.1965,1.42,1
SME-453,5,17111.81,14572.02,5,0,0.1625,1.29,1
SME-453,6,11453.42,12014.85,2,3,0.1999,0.46,1
SME-453,7,16547.77,16147.4,2,0,0.1875,0.63,1
SME-453,8,14563.45,14560.13,4,1,0.1907,0.82,1
SME-453,9,17538.1,19227.78,2,1,0.1234,1.84,1
SME-453,10,15846.59,18308.87,10,5,0.1761,2.04,1
SME-453,11,12424.9,14314.58,8,0,0.263,0.87,1
SME-453,12,12035.11,13902.64,6,3,0.2434,1.02,1
SME-454,1,30970.49,22861.92,0,1,0.1276,9.29,0
SME-454,2,32613.94,26904.45,2,3,0.0258,9.4,0
SME-454,3,47394.6,36996.35,2,1,0.1996,9.4,0
SME-454,4,40912.42,29171.74,0,0,0.1501,9.74,0
SME-454,5,41512.2,28104.61,3,0,0.0676,9.99,0
SME-454,6,34899.15,30097.29,0,1,0.0764,8.79,0
SME-454,7,37510.98,38968.57,1,1,0.0716,8.35,0
SME-454,8,42141.81,33507.75,0,0,0.0784,9.63,0
SME-454,9,32499.84,25111.67,1,0,0.1053,8.46,0
SME-454,10,34115.84,23871.5,0,0,0.1163,9.84,0
SME-454,11,31722.95,21353.16,0,0,0.0304,9.26,0
SME-454,12,36681.91,29823.81,1,1,0.0593,8.24,0
SME-455,1,45429.38,34269.26,5,0,0.114,9.03,0
SME-455,2,49383.48,39273.09,3,0,0.0417,7.68,0
SME-455,3,44729.29,37766.73,1,0,0.0441,9.38,0
SME-455,4,38425.5,32278.94,3,0,0.1016,9.47,0
SME-455,5,38790.9,28827.37,1,2,0.0711,8.57,0
SME-455,6,36286.42,29862.89,0,2,0.0292,8.36,0
SME-455,7,34938.56,30797.28,2,0,0.0435,9.11,0
SME-455,8,37288.5,30208.04,1,0,0.0266,9.33,0
SME-455,9,47672.02,43202.58,1,1,0.1384,8.87,0
SME-455,10,38663.03,30216.65,2,0,0.1118,8.47,0
SME-455,11,41143.75,36138.73,2,0,0.0894,9.42,0
SME-455,12,43761.46,36991.49,3,1,0.0505,8.36,0
SME-456,1,59621.99,58964.52,1,1,0.0853,6.2,0
SME-456,2,48860.96,37700.62,2,2,0.0992,4.63,0
SME-456,3,62613.25,49070.86,0,0,0.1035,4.42,0
SME-456,4,55277.76,57570.45,3,0,0.1011,5.5,0
SME-456,5,79954.71,56735.07,0,1,0.1569,4.12,0
SME-456,6,62713.35,52966.49,2,0,0.1566,5.01,0
SME-456,7,65732.9,47829.14,0,0,0.1082,4.7,0
SME-456,8,55003.65,44829.19,2,2,0.0739,5.27,0
SME-456,9,74115.25,58827.26,2,0,0.1204,5.01,0
SME-456,10,52136.62,38198.79,3,1,0.1615,4.19,0
SME-456,11,59266.97,42134.45,3,1,0.148,5.53,0
SME-456,12,64191.1,56757.47,0,2,0.0845,5.76,0
SME-457,1,42602.56,32476.74,0,1,0.0663,12.19,0
SME-457,2,49899.55,40940.27,4,0,0.0789,12.17,0
SME-457,3,43516.99,31883.14,3,0,0.0716,11.69,0
SME-457,4,40797.56,31924.99,2,0,0.0853,11.55,0
SME-457,5,55286.46,49366.5,3,0,0.1351,11.6,0
SME-457,6,63213.54,56192.77,2,0,0.1748,12.27,0
SME-457,7,47481.5,51172.2,1,0,0.1161,12.93,0
SME-457,8,38846.04,33530.85,2,0,0.2024,11.92,0
SME-457,9,60206.02,49125.94,1,1,0.1796,12.07,0
SME-457,10,44834.96,27828.93,1,0,0.1876,11.8,0
SME-457,11,42150.77,34933.93,1,0,0.1621,11.33,0
SME-457,12,45659.4,34562.14,1,0,0.0339,12.09,0
SME-458,1,21318.74,19657.89,3,2,0.3391,3.24,1
SME-458,2,33886.89,30000.95,3,1,0.2277,3.63,1
SME-458,3,26762.24,22495.53,1,0,0.1883,2.91,1
SME-458,4,24070.68,25326.24,1,1,0.1467,3.08,1
SME-458,5,23433.34,21254.3,4,2,0.0583,2.47,1
SME-458,6,26597.72,25021.35,3,1,0.0553,3.36,1
SME-458,7,24429.99,21808.46,3,0,0.067,3.0,1
SME-458,8,20343.13,18253.09,4,3,0.1406,3.77,1
SME-458,9,17673.14,20061.5,4,1,0.1927,2.78,1
SME-458,10,24921.32,32728.16,3,2,0.2039,2.76,1
SME-458,11,23721.88,22348.94,8,4,0.2294,2.35,1
SME-458,12,20944.43,18176.22,4,1,0.1649,1.88,1
SME-459,1,29054.63,21974.38,1,1,0.0743,12.61,0
SME-459,2,26933.69,21806.01,2,1,0.0379,13.59,0
SME-459,3,33809.24,32617.19,2,1,0.096,12.97,0
SME-459,4,31628.72,25508.96,0,1,0.0932,12.9,0
SME-459,5,30590.17,33139.72,0,1,0.0419,13.73,0
SME-459,6,32099.42,25990.72,0,0,0.0201,13.6,0
SME-459,7,32173.25,24563.81,2,1,0.0231,12.76,0
SME-459,8,30360.08,21233.0,2,0,0.0266,13.49,0
SME-459,9,31184.33,22288.16,2,0,0.0237,12.6,0
SME-459,10,25873.33,23366.96,2,0,0.0801,13.52,0
SME-459,11,36217.78,31068.08,0,1,0.1358,12.52,0
SME-459,12,28696.54,28366.57,0,1,0.1443,13.54,0
SME-460,1,37560.29,29359.99,2,1,0.077,12.17,0
SME-460,2,34206.27,22820.41,0,0,0.0467,11.35,0
SME-460,3,36994.47,25979.16,1,1,0.0404,10.48,0
SME-460,4,37179.51,26557.0,2,2,0.0376,11.76,0
SME-460,5,46642.78,35905.19,3,2,0.1119,10.86,0
SME-460,6,39552.51,33889.81,1,1,0.0978,11.81,0
SME-460,7,35880.12,25186.76,1,0,0.1098,11.99,0
SME-460,8,37963.75,29151.13,2,0,0.0398,11.29,0
SME-460,9,38033.46,25684.62,2,0,0.0268,9.55,0
SME-460,10,49050.15,43286.43,0,0,0.125,10.6,0
SME-460,11,32457.12,25390.08,1,0,0.173,11.54,0
SME-460,12,36271.3,29663.06,2,0,0.1807,11.15,0
SME-461,1,27334.28,25318.8,2,1,0.3913,2.4,1
SME-461,2,23781.27,23925.91,1,1,0.0695,1.48,1
SME-461,3,26116.1,24408.75,6,1,0.0573,0.95,1
SME-461,4,32686.19,38447.17,4,0,0.137,2.16,1
SME-461,5,25325.28,26246.3,1,3,0.1177,1.63,1
SME-461,6,27072.48,32858.67,1,0,0.1107,1.91,1
SME-461,7,24387.63,27360.73,4,2,0.0617,1.72,1
SME-461,8,25772.29,33474.73,8,3,0.0871,1.96,1
SME-461,9,23289.11,22148.11,4,2,0.1035,0.77,1
SME-461,10,21185.29,21697.57,5,4,0.18,0.64,1
SME-461,11,24896.67,27257.15,5,3,0.1383,2.4,1
SME-461,12,18548.16,23261.21,6,5,0.2574,1.1,1
SME-462,1,34044.11,19846.24,3,0,0.0523,6.27,0
SME-462,2,35576.8,30913.88,0,1,0.022,6.62,0
SME-462,3,41990.41,37964.06,1,1,0.0925,6.33,0
SME-462,4,37025.16,29307.02,1,0,0.0719,5.82,0
SME-462,5,34553.07,24992.93,3,1,0.0817,7.24,0
SME-462,6,45272.08,30452.66,0,1,0.1177,6.84,0
SME-462,7,37774.49,27007.45,3,1,0.1146,7.29,0
SME-462,8,38619.73,27818.19,0,0,0.0827,6.53,0
SME-462,9,42731.61,33926.36,4,2,0.0545,5.96,0
SME-462,10,34140.61,26125.46,1,2,0.0911,7.05,0
SME-462,11,43895.99,28165.33,0,1,0.1081,6.61,0
SME-462,12,39793.38,27890.73,2,0,0.1018,6.58,0
SME-463,1,30851.0,24728.23,0,0,0.1505,7.47,0
SME-463,2,31890.19,25637.01,2,1,0.0166,8.98,0
SME-463,3,31995.61,24330.39,0,1,0.0164,7.5,0
SME-463,4,23743.65,17033.61,3,2,0.1323,8.11,0
SME-463,5,24898.23,17950.2,2,0,0.1357,8.23,0
SME-463,6,22556.52,19906.29,2,1,0.0403,7.31,0
SME-463,7,22361.41,17837.39,0,1,0.0495,7.78,0
SME-463,8,27216.01,17704.13,1,0,0.0933,7.58,0
SME-463,9,24341.99,18104.24,1,1,0.0809,7.49,0
SME-463,10,29538.55,24270.02,1,1,0.0786,8.37,0
SME-463,11,28444.73,20157.93,2,3,0.0815,7.68,0
SME-463,12,24101.22,21738.39,1,0,0.0858,7.9,0
SME-464,1,30370.61,22534.43,1,2,0.1178,9.42,1
SME-464,2,34254.95,26822.36,1,0,0.0601,10.6,1
SME-464,3,40213.34,39149.96,1,0,0.1158,10.49,1
SME-464,4,30057.55,23493.34,5,2,0.1196,10.23,1
SME-464,5,40382.75,27613.25,2,0,0.1309,10.46,1
SME-464,6,33708.31,31881.56,2,1,0.1231,8.39,1
SME-464,7,34153.23,29369.4,1,1,0.0844,9.69,1
SME-464,8,31093.24,29153.87,1,1,0.0409,10.77,1
SME-464,9,37563.69,32113.67,1,0,0.0771,9.99,1
SME-464,10,28470.59,23062.22,1,0,0.118,10.66,1
SME-464,11,30725.16,22315.13,1,0,0.1199,10.42,1
SME-464,12,37252.06,24456.58,0,0,0.1158,10.4,1
SME-465,1,68094.76,48634.57,1,1,0.1291,4.82,0
SME-465,2,65357.83,58431.98,3,1,0.0205,4.19,0
SME-465,3,89524.67,69848.72,0,0,0.1454,4.45,0
SME-465,4,73667.96,46951.37,1,1,0.1316,4.66,0
SME-465,5,70144.63,55323.31,2,2,0.1084,4.31,0
SME-465,6,65120.06,43629.26,2,1,0.0504,4.96,0
SME-465,7,79845.41,66964.88,1,0,0.0852,4.71,0
SME-465,8,76796.27,59170.45,1,2,0.0859,5.4,0
SME-465,9,74085.09,60219.02,1,0,0.0306,5.21,0
SME-465,10,86007.62,68309.64,2,0,0.0646,4.64,0
SME-465,11,59215.12,45836.69,1,1,0.1499,5.42,0
SME-465,12,57649.77,54404.91,1,1,0.1925,4.98,0
SME-466,1,39619.28,26573.38,2,0,0.1156,9.91,0
SME-466,2,27300.42,19674.48,2,1,0.1841,11.0,0
SME-466,3,23427.51,16832.96,2,1,0.2292,11.47,0
SME-466,4,25233.81,24725.46,4,0,0.0625,10.83,0
SME-466,5,22137.23,20018.27,0,2,0.0538,11.2,0
SME-466,6,31912.13,34036.96,2,0,0.1543,11.42,0
SME-466,7,29594.37,23948.48,1,1,0.1496,12.33,0
SME-466,8,23239.62,18583.45,1,0,0.1298,11.7,0
SME-466,9,28762.04,23888.57,1,2,0.1037,11.76,0
SME-466,10,31619.67,22495.96,3,0,0.1248,11.84,0
SME-466,11,23673.46,20543.58,0,0,0.1173,11.93,0
SME-466,12,23415.27,18503.59,1,0,0.1452,11.36,0
SME-467,1,61429.85,49050.79,1,1,0.0735,12.7,0
SME-467,2,46910.47,42834.23,1,0,0.134,12.69,0
SME-467,3,53943.62,38351.16,1,0,0.1096,12.3,0
SME-467,4,56950.37,45860.37,0,0,0.08,12.56,0
SME-467,5,44584.79,35994.66,5,1,0.1016,12.13,0
SME-467,6,50420.12,38893.52,2,1,0.0997,11.28,0
SME-467,7,41645.16,42845.75,0,1,0.0801,10.52,0
SME-467,8,42170.48,41338.08,0,1,0.0898,12.18,0
SME-467,9,44737.42,39517.79,4,1,0.0315,11.17,0
SME-467,10,41129.89,34821.36,0,2,0.0355,13.31,0
SME-467,11,44957.42,43926.8,2,1,0.0402,13.13,0
SME-467,12,51052.51,41167.43,0,1,0.0894,12.41,0
SME-468,1,47930.16,41577.86,4,2,0.1384,10.97,0
SME-468,2,41990.82,38962.94,2,1,0.0661,12.09,0
SME-468,3,41656.18,38300.24,1,0,0.0657,11.75,0
SME-468,4,43546.25,39327.45,2,1,0.0194,11.0,0
SME-468,5,36528.79,33023.49,2,0,0.0731,11.08,0
SME-468,6,45067.73,41852.25,2,0,0.0892,11.47,0
SME-468,7,35421.13,34163.23,2,1,0.1105,11.35,0
SME-468,8,41730.39,41896.22,7,2,0.0982,10.77,0
SME-468,9,55426.56,59555.14,1,0,0.189,12.32,0
SME-468,10,36974.89,34177.0,1,0,0.1749,11.38,0
SME-468,11,42238.43,38896.0,1,0,0.1729,10.83,0
SME-468,12,42393.11,43111.1,1,0,0.0621,12.33,0
SME-469,1,37641.29,35438.65,3,0,0.1457,12.87,0
SME-469,2,32225.97,16810.57,3,2,0.0775,13.44,0
SME-469,3,28812.19,28046.61,1,1,0.1105,13.93,0
SME-469,4,28186.04,18212.92,0,1,0.0597,12.89,0
SME-469,5,31575.33,19143.77,2,0,0.0499,12.48,0
SME-469,6,27264.78,21505.93,0,2,0.0639,13.7,0
SME-469,7,36756.19,30092.63,1,1,0.1218,12.52,0
SME-469,8,33016.88,24784.38,2,0,0.1207,12.75,0
SME-469,9,28237.86,17261.69,1,0,0.1067,13.66,0
SME-469,10,32266.93,23213.75,1,4,0.0673,12.9,0
SME-469,11,26811.39,18607.14,3,0,0.0794,13.58,0
SME-469,12,29524.62,18466.49,1,0,0.0754,13.02,0
SME-470,1,27083.61,26726.13,0,0,0.1454,6.68,1
SME-470,2,41082.07,39715.07,2,1,0.2054,6.6,1
SME-470,3,28007.75,32975.42,2,0,0.1994,7.35,1
SME-470,4,34041.28,33065.31,1,0,0.1554,6.41,1
SME-470,5,29094.93,29557.3,5,0,0.0864,8.64,1
SME-470,6,33243.16,33282.53,2,0,0.0675,7.91,1
SME-470,7,45472.72,43028.83,1,1,0.1935,7.84,1
SME-470,8,30618.02,32716.16,1,0,0.1776,7.99,1
SME-470,9,37113.4,33008.66,2,0,0.1611,7.26,1
SME-470,10,34017.18,31179.19,1,0,0.0782,7.1,1
SME-470,11,37904.05,32700.88,4,2,0.0461,7.96,1
SME-470,12,36869.14,37084.23,3,1,0.0453,7.64,1
SME-471,1,42823.01,30988.37,0,0,0.0931,5.84,0
SME-471,2,37729.87,23263.2,1,0,0.0632,5.52,0
SME-471,3,38295.03,31269.35,2,0,0.0575,6.35,0
SME-471,4,35976.4,24450.59,1,0,0.0264,5.58,0
SME-471,5,45748.01,34377.19,1,1,0.1042,6.65,0
SME-471,6,42701.64,35236.44,1,0,0.0984,6.09,0
SME-471,7,34884.29,25340.8,2,0,0.1113,6.31,0
SME-471,8,33750.32,22344.97,2,1,0.1072,5.59,0
SME-471,9,39390.95,24960.62,3,1,0.0677,5.97,0
SME-471,10,37160.25,28039.7,2,0,0.0631,6.31,0
SME-471,11,35118.07,22656.56,2,0,0.0469,7.45,0
SME-471,12,38829.15,32656.37,1,0,0.041,5.85,0
SME-472,1,76542.98,65725.42,2,0,0.0824,8.75,0
SME-472,2,51268.04,46268.12,0,2,0.1978,8.61,0
SME-472,3,43921.05,28063.56,2,0,0.2441,8.82,0
SME-472,4,57296.25,34584.6,1,0,0.1076,9.42,0
SME-472,5,38455.98,28860.2,0,0,0.17,9.17,0
SME-472,6,62681.98,52545.89,2,0,0.1967,9.17,0
SME-472,7,52272.09,46294.54,2,0,0.194,9.53,0
SME-472,8,61506.6,52444.63,0,1,0.0791,8.45,0
SME-472,9,52129.52,36121.03,1,0,0.0793,9.66,0
SME-472,10,69609.3,47373.07,2,1,0.1169,9.35,0
SME-472,11,56024.3,35392.66,2,1,0.1264,8.81,0
SME-472,12,48712.1,48919.79,1,0,0.149,8.91,0
SME-473,1,16863.21,13459.44,2,0,0.3248,3.82,1
SME-473,2,19782.09,17354.36,0,1,0.0797,3.06,1
SME-473,3,16764.87,17628.77,3,2,0.0786,3.6,1
SME-473,4,12293.17,11207.31,1,0,0.189,3.62,1
SME-473,5,22569.12,16550.93,7,1,0.2445,3.5,1
SME-473,6,18892.83,21118.17,2,4,0.2373,3.59,1
SME-473,7,16434.21,14925.62,4,0,0.1481,3.71,1
SME-473,8,19883.43,19186.52,4,1,0.1196,3.59,1
SME-473,9,16352.96,12385.94,2,1,0.1471,3.51,1
SME-473,10,18321.13,19406.57,5,0,0.1377,3.11,1
SME-473,11,16114.78,16001.44,4,3,0.1418,2.65,1
SME-473,12,16504.01,13906.29,8,2,0.1471,2.15,1
SME-474,1,21975.87,20205.4,0,1,0.3174,2.45,1
SME-474,2,19426.66,20608.55,5,2,0.0616,2.03,1
SME-474,3,19348.67,18361.92,3,0,0.0603,2.32,1
SME-474,4,21711.21,20912.88,3,1,0.0543,2.28,1
SME-474,5,25087.93,18030.07,1,0,0.1068,2.31,1
SME-474,6,16780.93,17689.55,1,2,0.1609,1.43,1
SME-474,7,23886.96,21524.17,7,1,0.1874,1.06,1
SME-474,8,19461.76,18346.35,6,1,0.19,1.81,1
SME-474,9,19460.11,19928.93,4,4,0.1671,0.73,1
SME-474,10,19546.8,20783.06,9,2,0.0818,1.34,1
SME-474,11,17025.34,18434.65,11,1,0.1788,0.8,1
SME-474,12,20361.8,19083.33,10,2,0.1622,1.92,1
SME-475,1,35018.02,26493.22,0,1,0.1491,8.49,0
SME-475,2,30266.46,21312.69,1,0,0.0728,7.73,0
SME-475,3,43435.44,31098.36,1,1,0.1503,8.0,0
SME-475,4,37213.8,25615.43,2,0,0.1455,8.86,0
SME-475,5,32334.55,26227.39,1,1,0.1206,9.14,0
SME-475,6,39317.34,32507.36,1,0,0.0806,8.4,0
SME-475,7,37043.89,29870.68,1,0,0.0803,8.84,0
SME-475,8,32273.64,22440.33,2,1,0.0811,9.06,0
SME-475,9,41515.68,23752.39,1,0,0.1021,8.54,0
SME-475,10,39262.51,27167.34,3,2,0.1044,8.66,0
SME-475,11,39052.33,23707.44,1,0,0.0279,9.41,0
SME-475,12,36437.25,28977.24,1,0,0.0336,8.6,0
SME-476,1,20606.67,13879.93,7,0,0.1291,12.74,0
SME-476,2,24347.31,23453.88,3,1,0.0832,13.14,0
SME-476,3,15944.69,11452.17,2,1,0.1693,13.35,0
SME-476,4,21943.34,20845.76,4,1,0.1703,13.47,0
SME-476,5,27181.9,23131.12,4,1,0.2117,12.87,0
SME-476,6,22521.05,24174.72,0,0,0.0982,13.84,0
SME-476,7,15141.86,12003.78,1,0,0.2293,13.3,0
SME-476,8,17648.44,12652.4,1,0,0.1662,13.98,0
SME-476,9,20890.01,19922.87,2,2,0.1315,12.91,0
SME-476,10,18648.5,13127.24,4,0,0.0711,13.76,0
SME-476,11,21608.19,18557.96,1,1,0.0618,12.75,0
SME-476,12,25339.69,20717.45,0,0,0.1252,13.12,0
SME-477,1,29495.5,26611.63,3,1,0.0563,6.97,0
SME-477,2,19705.65,15566.93,1,0,0.199,8.01,0
SME-477,3,17590.31,14998.82,2,0,0.2329,7.84,0
SME-477,4,23508.61,15599.02,1,1,0.1208,7.69,0
SME-477,5,19977.33,17110.87,2,0,0.1194,6.77,0
SME-477,6,25632.18,21315.68,1,0,0.1012,6.53,0
SME-477,7,20569.86,16966.17,1,0,0.115,6.97,0
SME-477,8,22742.37,19999.38,1,0,0.0902,7.78,0
SME-477,9,19703.69,16258.88,2,0,0.0609,7.38,0
SME-477,10,24221.87,26235.65,0,0,0.0846,6.67,0
SME-477,11,19929.44,15966.08,5,2,0.0977,7.38,0
SME-477,12,19290.47,16503.33,1,1,0.1035,6.0,0
SME-478,1,19963.0,24006.95,3,1,0.2813,1.12,1
SME-478,2,19283.45,17839.78,1,2,0.0173,0.91,1
SME-478,3,22061.96,24943.93,3,0,0.0579,1.45,1
SME-478,4,20914.5,18239.3,1,1,0.0549,1.48,1
SME-478,5,24323.73,21345.49,6,1,0.0631,0.2,1
SME-478,6,17887.11,19555.6,0,1,0.125,0.72,1
SME-478,7,21651.73,19335.27,4,2,0.146,1.19,1
SME-478,8,18192.45,22860.27,1,2,0.1334,0.88,1
SME-478,9,16723.6,17308.57,7,1,0.1752,0.61,1
SME-478,10,19891.74,22476.73,3,1,0.1262,1.34,1
SME-478,11,14993.8,17598.53,4,4,0.2392,0.67,1
SME-478,12,16010.67,16808.71,9,0,0.2679,0.2,1
SME-479,1,33977.65,31303.25,1,0,0.098,5.65,0
SME-479,2,32738.19,28539.25,0,1,0.0186,6.74,0
SME-479,3,47120.54,38408.63,0,1,0.1715,5.73,0
SME-479,4,30270.04,23046.73,4,1,0.2024,7.03,0
SME-479,5,31653.06,26530.63,2,0,0.2101,6.04,0
SME-479,6,33848.08,25293.09,0,1,0.0461,6.37,0
SME-479,7,33212.58,23673.05,2,0,0.028,6.1,0
SME-479,8,31831.24,30323.4,0,2,0.0255,5.43,0
SME-479,9,52459.7,47811.96,1,0,0.2404,6.21,0
SME-479,10,31281.97,27226.38,2,1,0.2558,5.78,0
SME-479,11,37261.91,33951.25,5,1,0.221,6.5,0
SME-479,12,33765.09,28682.11,1,1,0.0719,5.69,0
SME-480,1,21793.8,17496.15,0,0,0.1512,11.16,0
SME-480,2,22961.38,16922.34,1,2,0.0261,9.99,0
SME-480,3,32789.49,26503.73,3,0,0.1908,10.41,0
SME-480,4,28730.66,20099.94,1,0,0.1432,9.32,0
SME-480,5,30094.82,25562.79,1,0,0.0552,9.09,0
SME-480,6,25125.01,23211.26,2,0,0.0749,9.95,0
SME-480,7,24238.8,27520.94,3,1,0.0973,10.77,0
SME-480,8,24986.78,24473.08,0,1,0.0157,10.32,0
SME-480,9,26368.24,25805.97,2,1,0.035,10.68,0
SME-480,10,22218.86,21569.36,0,3,0.0703,10.3,0
SME-480,11,25756.63,21635.16,0,0,0.0738,10.35,0
SME-480,12,22102.47,20091.74,3,0,0.0726,9.69,0
SME-481,1,43971.25,40405.11,4,0,0.0517,8.93,0
SME-481,2,52835.36,44423.72,1,1,0.0916,8.46,0
SME-481,3,48207.92,40382.13,1,1,0.0749,9.06,0
SME-481,4,48302.77,39915.92,2,0,0.0434,8.56,0
SME-481,5,42885.47,37100.02,2,1,0.0545,8.96,0
SME-481,6,60031.68,55251.37,1,1,0.142,8.5,0
SME-481,7,54637.26,56004.82,0,2,0.1363,8.88,0
SME-481,8,56633.98,59014.42,2,0,0.039,8.67,0
SME-481,9,48805.77,53497.45,0,0,0.0622,8.4,0
SME-481,10,41922.69,37938.52,1,0,0.1224,8.84,0
SME-481,11,60272.23,46286.46,1,1,0.1504,9.09,0
SME-481,12,45752.6,38896.21,1,0,0.1603,8.97,0
SME-482,1,51288.54,35852.33,1,0,0.1252,7.64,0
SME-482,2,48685.14,32135.76,2,0,0.026,9.34,0
SME-482,3,50850.86,38620.17,3,1,0.0226,7.93,0
SME-482,4,38628.66,29171.47,1,0,0.1156,7.09,0
SME-482,5,47253.87,36321.58,0,1,0.1125,7.8,0
SME-482,6,46384.15,39257.82,1,1,0.0879,7.18,0
SME-482,7,43578.63,31947.19,2,0,0.0343,8.5,0
SME-482,8,44434.02,41070.37,2,0,0.0262,7.37,0
SME-482,9,48778.97,35978.8,0,0,0.0499,8.51,0
SME-482,10,44303.51,35052.69,2,2,0.0454,8.49,0
SME-482,11,40929.79,27963.14,1,0,0.072,7.76,0
SME-482,12,49062.71,27946.82,2,0,0.0745,8.88,0
SME-483,1,31672.54,26539.67,1,1,0.1143,12.65,0
SME-483,2,47169.49,45566.92,0,0,0.1966,13.5,0
SME-483,3,39793.69,29675.11,1,1,0.16,14.27,0
SME-483,4,41968.78,29795.74,1,1,0.072,14.16,0
SME-483,5,39594.0,33739.23,2,1,0.0266,14.11,0
SME-483,6,30226.15,25809.54,1,0,0.136,13.44,0
SME-483,7,38660.87,35679.25,0,1,0.1165,13.64,0
SME-483,8,36576.73,38352.45,1,2,0.102,13.03,0
SME-483,9,35569.52,26284.75,2,1,0.0349,14.04,0
SME-483,10,41146.87,47450.41,0,1,0.0643,14.38,0
SME-483,11,33685.43,27319.14,1,0,0.0861,14.4,0
SME-483,12,27339.66,23569.56,0,1,0.1657,13.63,0
SME-484,1,21522.46,17151.72,1,0,0.0776,6.33,0
SME-484,2,28210.84,26088.64,4,1,0.1345,6.8,0
SME-484,3,31514.2,27829.33,1,0,0.1535,7.03,0
SME-484,4,30712.01,21137.01,2,0,0.0467,7.09,0
SME-484,5,31850.84,27689.29,1,1,0.0152,8.0,0
SME-484,6,37604.55,26630.72,6,1,0.0904,6.24,0
SME-484,7,33873.77,25639.68,2,1,0.0692,7.96,0
SME-484,8,29506.25,21493.29,2,0,0.0983,7.45,0
SME-484,9,27521.38,23385.0,1,1,0.0876,7.72,0
SME-484,10,28601.04,20681.75,1,0,0.0284,7.54,0
SME-484,11,23060.98,15879.93,2,0,0.0909,7.4,0
SME-484,12,26007.96,18161.32,1,0,0.0874,7.51,0
SME-485,1,27741.35,36696.17,0,1,0.1689,2.09,1
SME-485,2,20945.74,19396.83,2,0,0.1396,1.78,1
SME-485,3,21705.6,24508.17,2,2,0.1296,1.07,1
SME-485,4,24138.54,26538.93,3,1,0.0612,2.24,1
SME-485,5,23682.68,26563.09,2,2,0.0456,2.62,1
SME-485,6,22945.01,25860.85,0,0,0.0208,1.95,1
SME-485,7,23443.02,22454.7,3,3,0.0328,1.78,1
SME-485,8,22890.76,26670.25,0,2,0.051,1.73,1
SME-485,9,19483.02,20770.45,5,1,0.1405,1.33,1
SME-485,10,21343.51,22880.51,6,0,0.1476,1.89,1
SME-485,11,23265.11,26720.59,3,1,0.1571,1.97,1
SME-485,12,19114.96,23168.09,5,1,0.192,1.79,1
SME-486,1,18247.2,18072.28,4,0,0.3277,5.21,1
SME-486,2,21182.63,26014.97,0,1,0.0744,6.17,1
SME-486,3,18642.79,19595.4,4,0,0.0672,5.01,1
SME-486,4,14901.35,19171.49,0,0,0.1414,4.68,1
SME-486,5,25961.97,23767.21,1,1,0.2316,5.31,1
SME-486,6,19163.11,23492.97,5,5,0.2276,4.98,1
SME-486,7,18853.29,20298.36,1,0,0.1752,5.06,1
SME-486,8,16746.92,22529.13,3,4,0.0869,5.43,1
SME-486,9,15877.18,20506.65,4,1,0.1439,3.75,1
SME-486,10,14919.94,17139.25,4,2,0.1318,3.9,1
SME-486,11,17373.05,20277.09,3,3,0.1517,4.81,1
SME-486,12,12866.97,12478.83,6,3,0.2333,3.58,1
SME-487,1,41858.83,34760.55,1,0,0.1096,12.35,0
SME-487,2,59011.01,41914.18,0,0,0.17,11.86,0
SME-487,3,51009.08,36789.06,1,1,0.1384,11.94,0
SME-487,4,45375.68,33302.99,2,0,0.108,13.07,0
SME-487,5,41937.85,33706.69,4,1,0.0811,13.85,0
SME-487,6,43754.6,30551.62,1,1,0.0321,12.7,0
SME-487,7,38030.76,40777.82,1,1,0.0579,12.69,0
SME-487,8,38978.01,31155.31,2,0,0.0622,12.27,0
SME-487,9,45321.94,37470.46,1,1,0.0794,12.34,0
SME-487,10,53981.82,31996.76,1,1,0.1334,11.52,0
SME-487,11,56695.93,47404.21,1,0,0.0933,13.02,0
SME-487,12,46676.21,35875.39,1,0,0.0807,12.33,0
SME-488,1,32207.09,20335.25,1,0,0.0767,5.69,0
SME-488,2,31393.65,21365.84,0,1,0.0128,6.41,0
SME-488,3,29286.64,22428.76,1,0,0.0397,5.62,0
SME-488,4,25496.52,17386.14,2,0,0.0849,6.33,0
SME-488,5,31496.52,26497.85,3,0,0.0861,5.72,0
SME-488,6,33920.7,21597.09,1,1,0.1168,6.18,0
SME-488,7,33122.77,19924.79,2,0,0.0307,5.04,0
SME-488,8,39765.85,32505.33,2,1,0.0832,5.79,0
SME-488,9,46978.02,36471.08,0,0,0.1416,5.34,0
SME-488,10,30299.92,21372.17,3,0,0.175,4.69,0
SME-488,11,40471.42,38813.0,1,1,0.1749,5.24,0
SME-488,12,40255.96,30014.59,3,0,0.1282,5.55,0
SME-489,1,38635.66,27343.86,0,0,0.1271,9.19,0
SME-489,2,49332.14,40788.22,0,0,0.1216,11.0,0
SME-489,3,56391.27,52145.4,0,0,0.1517,11.64,0
SME-489,4,43887.09,44947.28,3,1,0.1026,9.79,0
SME-489,5,43001.59,35583.04,2,0,0.128,10.26,0
SME-489,6,46385.4,48709.86,2,0,0.0323,10.15,0
SME-489,7,60929.54,67821.15,1,0,0.1552,10.04,0
SME-489,8,57552.41,45902.28,2,1,0.1131,11.06,0
SME-489,9,47943.43,43174.25,1,1,0.0992,9.7,0
SME-489,10,44344.12,34079.95,1,0,0.1116,10.6,0
SME-489,11,40798.66,32866.12,2,0,0.0658,9.71,0
SME-489,12,41625.62,40689.55,0,1,0.0358,9.56,0
SME-490,1,71748.72,54734.01,0,0,0.1061,11.47,0
SME-490,2,50092.89,34955.62,0,2,0.1777,10.32,0
SME-490,3,66641.24,51995.91,0,0,0.1471,10.36,0
SME-490,4,51150.0,48886.75,1,1,0.1352,10.17,0
SME-490,5,62252.68,47100.49,3,0,0.1086,10.58,0
SME-490,6,70732.96,62966.45,0,1,0.1306,10.21,0
SME-490,7,67291.4,56641.08,0,0,0.0522,9.54,0
SME-490,8,47866.44,42671.88,0,0,0.1625,9.44,0
SME-490,9,63640.23,45237.98,0,0,0.1414,11.15,0
SME-490,10,54602.28,50883.09,3,1,0.1167,11.03,0
SME-490,11,65699.39,56722.28,1,0,0.0786,10.48,0
SME-490,12,50556.66,44734.62,0,1,0.1124,11.72,0
SME-491,1,29059.02,30047.89,6,3,0.3646,3.6,1
SME-491,2,35628.55,30882.25,3,1,0.1016,3.59,1
SME-491,3,32329.24,29793.7,4,0,0.0829,3.26,1
SME-491,4,33067.11,31972.45,4,2,0.042,2.96,1
SME-491,5,37907.64,36231.53,4,1,0.0719,2.7,1
SME-491,6,26486.16,27719.11,2,0,0.1441,4.23,1
SME-491,7,23093.66,24164.52,1,1,0.2359,3.63,1
SME-491,8,31478.61,39155.87,4,4,0.1597,3.28,1
SME-491,9,29134.06,35780.98,5,5,0.2013,3.83,1
SME-491,10,29896.3,32439.63,5,2,0.1076,3.38,1
SME-491,11,31865.12,30559.66,9,4,0.1533,2.3,1
SME-491,12,25769.16,28673.89,2,4,0.1729,2.52,1
SME-492,1,20511.64,19159.25,4,0,0.1709,3.08,1
SME-492,2,21082.77,20836.48,3,0,0.0137,2.61,1
SME-492,3,20551.2,16039.66,5,0,0.0126,3.38,1
SME-492,4,18173.93,20473.09,0,3,0.0634,3.04,1
SME-492,5,19167.89,17823.42,5,2,0.0505,2.87,1
SME-492,6,19431.71,14972.47,5,0,0.0286,2.6,1
SME-492,7,16643.68,14633.78,3,1,0.0856,2.22,1
SME-492,8,18897.08,19121.01,2,1,0.1145,1.79,1
SME-492,9,23059.71,24009.41,7,2,0.1872,2.23,1
SME-492,10,22456.88,20549.84,11,2,0.1669,2.52,1
SME-492,11,15654.78,15491.79,7,2,0.2509,1.68,1
SME-492,12,22100.61,22224.42,4,3,0.2974,0.78,1
SME-493,1,35787.51,28628.05,7,1,0.3355,3.94,1
SME-493,2,37519.19,32710.0,3,2,0.0236,4.6,1
SME-493,3,32746.01,30233.99,2,0,0.0558,3.61,1
SME-493,4,33094.7,23943.11,2,0,0.0631,3.3,1
SME-493,5,30199.84,22503.64,2,3,0.0403,2.6,1
SME-493,6,39597.99,27399.22,1,2,0.1146,3.07,1
SME-493,7,34163.71,37979.33,0,2,0.1341,3.3,1
SME-493,8,29094.64,22738.69,2,3,0.1729,2.53,1
SME-493,9,37439.01,42343.97,8,3,0.1498,2.86,1
SME-493,10,32575.09,35312.44,1,2,0.1824,3.67,1
SME-493,11,37157.25,34360.41,9,3,0.177,2.67,1
SME-493,12,26850.02,27548.2,7,1,0.2356,2.96,1
SME-494,1,21986.69,21008.05,4,2,0.2197,4.53,1
SME-494,2,24727.04,28077.62,3,2,0.0587,4.24,1
SME-494,3,23194.36,21419.64,2,2,0.0481,5.21,1
SME-494,4,23813.93,23556.2,1,2,0.0263,4.4,1
SME-494,5,25834.38,25820.7,4,2,0.0464,4.03,1
SME-494,6,20884.41,17412.47,1,0,0.0864,5.13,1
SME-494,7,23874.5,25703.31,1,1,0.1023,5.36,1
SME-494,8,23008.13,24303.31,5,1,0.0878,4.68,1
SME-494,9,19997.44,16164.44,6,1,0.1224,4.68,1
SME-494,10,24035.27,28622.38,5,0,0.1733,4.08,1
SME-494,11,21932.84,23245.0,3,3,0.1839,3.11,1
SME-494,12,21772.87,23158.19,4,3,0.157,4.53,1
SME-495,1,36119.16,22574.98,2,0,0.1521,4.59,0
SME-495,2,40902.25,31046.15,0,0,0.0621,4.35,0
SME-495,3,38611.05,29602.0,1,4,0.0507,4.92,0
SME-495,4,35421.93,29132.45,0,0,0.0587,5.11,0
SME-495,5,29327.21,19926.78,3,1,0.1118,5.1,0
SME-495,6,30907.98,27772.43,3,1,0.081,4.07,0
SME-495,7,32046.28,24206.47,2,0,0.0362,5.21,0
SME-495,8,36218.52,22501.13,2,0,0.0691,4.82,0
SME-495,9,33326.57,25032.28,1,1,0.0515,4.42,0
SME-495,10,27033.8,20248.51,1,1,0.1191,4.76,0
SME-495,11,32826.3,25981.94,2,0,0.0919,4.74,0
SME-495,12,38360.25,29859.66,0,2,0.1412,4.98,0
SME-496,1,41643.61,27166.72,1,1,0.0715,10.81,0
SME-496,2,38157.53,27595.5,0,1,0.0437,10.89,0
SME-496,3,33785.86,30515.54,1,0,0.0849,10.89,0
SME-496,4,31689.91,24486.34,2,1,0.078,10.71,0
SME-496,5,38174.41,35251.63,4,0,0.0782,9.84,0
SME-496,6,32818.58,28731.49,1,1,0.0826,10.03,0
SME-496,7,37580.6,34471.57,4,1,0.0662,10.84,0
SME-496,8,32232.9,24037.94,1,0,0.07,11.62,0
SME-496,9,33616.01,26162.12,2,0,0.0657,10.3,0
SME-496,10,36269.55,32581.56,1,1,0.0492,10.37,0
SME-496,11,37993.56,32838.84,1,2,0.0501,9.91,0
SME-496,12,32482.02,27500.85,1,0,0.0647,10.82,0
SME-497,1,19394.78,18741.92,3,2,0.3451,1.92,1
SME-497,2,17438.56,15804.58,2,0,0.0531,0.64,1
SME-497,3,22315.08,20523.6,1,4,0.1016,1.27,1
SME-497,4,17212.61,20057.2,0,0,0.124,1.19,1
SME-497,5,25226.08,26423.32,2,0,0.1534,1.97,1
SME-497,6,21962.42,19881.38,5,2,0.1533,1.76,1
SME-497,7,18837.92,19448.09,6,2,0.1353,1.63,1
SME-497,8,19823.44,19071.24,1,2,0.1055,2.02,1
SME-497,9,17910.48,19634.49,1,0,0.0997,1.21,1
SME-497,10,16668.77,11697.47,6,1,0.1278,2.3,1
SME-497,11,13940.12,12402.56,2,5,0.2074,0.65,1
SME-497,12,18038.99,18387.33,3,2,0.2404,0.43,1
SME-498,1,13247.95,14409.88,4,2,0.188,3.21,1
SME-498,2,20472.13,16905.4,1,1,0.2142,4.18,1
SME-498,3,16663.93,18204.39,3,1,0.1757,2.71,1
SME-498,4,18367.44,17638.16,5,3,0.0842,3.18,1
SME-498,5,16813.31,16680.35,0,0,0.0446,4.45,1
SME-498,6,15372.75,17127.03,4,1,0.0726,3.89,1
SME-498,7,15935.43,20204.63,7,2,0.0586,3.21,1
SME-498,8,19979.76,21004.91,2,1,0.1571,3.43,1
SME-498,9,15720.35,19161.28,3,0,0.1844,4.12,1
SME-498,10,15015.69,15070.01,10,4,0.2222,2.81,1
SME-498,11,12534.47,15703.66,6,3,0.1821,1.57,1
SME-498,12,16372.15,17683.54,4,3,0.242,3.14,1
SME-499,1,21523.98,20606.5,1,0,0.1602,7.96,0
SME-499,2,19682.94,15347.86,0,0,0.0447,7.31,0
SME-499,3,28797.59,30243.67,1,0,0.1686,6.61,0
SME-499,4,21369.08,19421.99,1,0,0.1701,8.09,0
SME-499,5,26136.51,21105.35,2,0,0.1208,8.21,0
SME-499,6,26824.34,22578.82,0,2,0.0979,7.11,0
SME-499,7,20587.69,16594.11,1,2,0.1139,6.84,0
SME-499,8,27836.66,23228.26,0,0,0.1278,8.17,0
SME-499,9,25033.52,20453.03,3,0,0.1219,7.87,0
SME-499,10,24128.94,22060.88,1,3,0.0615,8.01,0
SME-499,11,28510.56,28578.24,2,1,0.073,7.29,0
SME-499,12,21462.41,23609.86,1,2,0.1176,7.06,0
